7.523285865444572451e+00,-5.242308838686536632e+01,1.887850318565627106e+01
-2.482033814246963743e+01,3.990751712382012073e+01,6.136013835246339809e+00
2.502511028827824724e+00,2.206369850274403888e+01,-6.039075352036519462e+00
-3.401491856452960150e+01,1.900127209246302229e+01,1.803558108039641539e+01
3.712044240934122552e+00,1.070787094713459808e+01,-2.213494631271559143e+01
4.298052831089820103e+01,-1.708030797523209410e+00,2.394970618559509390e+01
-8.126928294662819852e+00,-4.926062629794832759e+01,3.757426849320768980e+00
4.328305141303610526e+01,1.014743399678983060e+01,1.613619487470001701e+01
2.815509918984839643e+01,1.053704853934328334e+01,-2.320448666554340633e+01
2.640467078719278859e+01,3.043329016188224756e+01,-5.216380970341011114e+00
-1.011508151742821582e+01,4.763043613490540906e+01,1.754044246810675034e+01
-6.392222169928146513e+00,2.034506297816191633e+01,1.630544053943419947e+00
2.892467581701678725e+01,3.023248968987403984e+01,1.701850397627043421e+01
4.229006068481809422e+01,1.737137509368070454e+01,8.114093785911835610e+00
3.680026820082225925e+01,-2.954803297678225604e+01,1.938770241417661566e+01
1.787144936637268700e+01,3.947519227305342326e+01,1.858653431812992451e+01
-4.620188753019922601e+00,-2.353012225757656495e+01,-2.721407346920822690e+01
6.415371668853206089e+00,-4.967626819112131642e+01,1.953461391133049574e+01
-4.007327192297279339e+01,-4.185878941020148858e+01,-1.156062204413090733e+01
-1.769741767135613486e+01,4.905004891910553222e-01,-9.302030734101457199e+00
4.885056109280159653e+00,-4.200189702660809132e+01,2.867444673545722722e+01
-5.147574630364350412e+01,-9.933103076296955436e+00,1.509540142142413943e+00
3.840033216358170165e+01,2.575879954414343587e+01,8.511784811928068351e+00
2.147101609462996663e+00,-5.306620925637596287e+01,8.576016781080975093e+00
-2.004158118116237119e+01,-1.948473168913735520e+01,-9.662695937680183533e+00
-1.237155713656072287e+01,-1.028386003615515243e+01,-1.176366850907580819e+01
2.241965382346251090e+01,1.099625240038881024e+01,-1.810257844962958496e+00
-1.225196922873373317e+01,4.239531902591049572e+01,1.538555683918274752e+01
4.492115915164951190e+01,1.857341736185562908e+01,9.068285531525782872e+00
-1.204893506533032088e+01,4.438690523116653708e+01,1.540877456166092152e+01
3.902426224397703436e+01,8.453527790229159677e+00,-1.879552938509336002e+01
-2.529454787483222233e+01,-2.798666092985763854e+01,-8.219560403316624075e+00
-3.241522976304477055e+00,3.306746248743110783e+01,5.565378565532004274e+00
-5.931391420493911326e+00,3.627572533002690847e+01,1.108755268882346101e+01
4.360927077285627718e+01,1.856968033187943945e+01,3.292082506515808138e+00
-1.365372111923199228e+01,4.157367188812763459e+01,1.819269973494605352e+01
-5.542302880004938004e+01,1.535181478965324153e+01,-2.505641754105241564e-02
-3.836553616370745345e+01,-3.582645442846370543e+01,-9.871608967436163340e+00
2.764201726672515846e+01,1.340579103355894919e+00,8.320334290646810516e+00
-3.748446972911384023e+01,-4.051835076397561153e+01,-1.026697551117861096e+01
2.565401952341426295e+01,-4.439940705186964820e+00,-1.783913883595077365e+01
1.488660134964840331e+01,2.266310173282927998e-01,-1.630386069958692374e+01
-8.891087706873294083e-01,-4.309411896096447236e+01,2.643369974998148209e+01
-4.235700722300206422e+01,-1.972671075023315979e+01,-2.173312763123593783e+01
-6.560918021113205612e+01,4.456493420012701989e+00,1.150784012204491447e+00
-7.347419167918436855e+00,-2.551185316385153357e+01,-2.749750717113718679e+01
-9.746143201790419042e+00,-8.621305217413091526e+00,-2.735960048721099014e+01
-7.971453839839698574e+00,2.962568094190492118e+01,1.212914802946497339e+01
-5.005660662392003957e+01,-1.867726157786809082e+01,-7.172191884940551931e-01
5.372497210591977712e+00,-4.849852984034060910e+01,1.499846771177862692e+01
4.201722624012804630e+01,3.460575307819338775e+01,-1.037549278662155494e+01
1.408852422076896005e+01,-3.247424145655897121e+01,2.121827943075870238e+01
6.730524425086656493e+00,3.267406193037913198e+01,1.412399688462534719e+01
-1.133920823322195304e+01,4.382403688652547658e+01,1.806812053880193858e+01
-2.912171543808104701e+01,3.614179435554120801e+01,5.013516480005577591e+00
2.129781656989628758e+01,2.473560676788642709e+01,-2.364209882705744192e+01
-1.541779856589049125e+01,-5.036440271684399050e+01,6.038630710210611596e+00
-9.118802897203410751e+00,-4.775218309909556069e+01,5.545211772792533189e+00
-3.971897787364757448e+01,-3.903790543356386422e+01,-1.118110593372200157e+01
-1.618609615148868741e+01,-2.914455852009280079e+01,-2.557320963450652229e+01
-2.644735770965265687e+01,2.987552265179045463e+01,3.823133863023190582e+00
1.210484726349691087e+01,1.042331323929637499e+01,-1.068516871231704002e+01
-5.203550428006707307e+01,-1.582332212621288292e+01,1.916059084452864214e+00
-3.368552518768312609e+01,3.025213381934984724e+01,1.928417037559198466e+00
1.996032435143518668e+01,3.629017308654997009e+01,2.798486258770902069e+01
4.725472964884137816e+00,-3.577111314494619876e+01,-4.871961555474692673e+00
-5.532477290490807320e+01,-1.174822936460514988e+01,-2.349830841520869740e+00
-5.023977479081726472e+01,-2.120005216681794380e+01,-3.204388589902298357e+00
3.744205038711895384e+01,-9.558165107691401374e+00,-2.579308720286006107e+01
-1.288345510444488440e+01,4.879966341053837908e+01,8.452627557971764460e+00
1.946983443023226457e+01,3.561448442542747017e+01,2.189213460725336446e+01
-2.969566971372308473e+01,2.038276633040370456e+01,2.289715111910298262e+01
-2.068411663972139714e+00,-2.018323151326370279e+01,-2.474285264160374354e+01
2.524757358769138804e+01,-2.624270551863189027e+01,1.920186357229076890e+01
4.577105997651549529e+01,5.652816555474835525e+00,2.134963017777820582e+01
7.292540744283147802e+00,-5.424823051399340557e+01,1.132351870611195110e+01
2.862375862330583942e+01,-5.982489451703985495e+00,2.414311647781417136e+01
3.683221592211087625e+01,2.174319281554173244e+01,2.035956643207711281e+01
1.973106662040421355e+01,1.126182201986833853e+01,-1.888225715861576148e+01
3.443497427729926130e+01,-3.317231965049398379e-02,-2.044740176485499106e+01
3.900118001847995064e+00,-6.048889929497632778e+01,1.072009274177028004e+01
2.275374861912722224e+01,-1.378408174350724913e+01,-2.083772554917687003e+01
3.702723986451283977e-01,-1.799289042081082002e+01,-1.770020924047772937e+01
1.068013423948135276e+01,7.932805826710674246e+00,-1.337971794485129173e+01
2.540088983634412401e+01,-1.674135760206416856e+00,-1.853722210393280889e+01
4.122954776815502242e+01,-3.332713870476238327e+01,1.160975978796269459e+01
2.286786840991903702e+01,-3.744686993053476076e+00,2.255387068989800881e+01
-8.369718545233205020e+00,-4.895073621503333072e+01,-8.703533420847671565e+00
4.129980389153364229e+01,1.165793122250099145e+01,-1.776118434425408665e+01
1.484811303283917994e+01,-4.016421024501934767e+01,2.435130173767290884e+01
-2.103379775892800296e+01,-4.323550809190813737e+01,-1.662242390166669637e+01
-7.135800369149501421e+01,4.571963247708674238e+00,-7.858961924671479693e+00
2.995643238497279626e+01,3.327750627757462443e+00,-2.150154984120660018e+01
-3.432450506114584243e+01,2.983704095248136667e+01,-3.139799916716082606e+00
-1.771953632208025908e+01,3.907812549781915124e+01,1.763916354313602497e+01
3.546765635154095264e+01,-1.470397702539516338e+01,-2.167544849074159075e+01
-1.811442488938913087e+01,-3.990528292206646199e+01,-3.548056044629972039e+00
-4.939597666417698818e+00,1.419993743453492385e+01,-1.076445930361760261e+01
3.262115930720190704e+01,-1.372336999162933679e+01,2.845490597518210762e+01
2.933937347942383411e+01,-3.382373546622039484e+00,-2.342095569843039016e+01
-4.599358900535455064e+01,-1.856874511605469991e+01,-7.548052932578047880e+00
1.181334610909192939e+01,-3.185533420949769479e+01,2.238579782091268910e+01
-2.129181775363603890e+01,-2.023051029285312197e+01,-1.096917235762501797e+01
-1.101493930214980921e+01,-4.522763509735337095e+01,8.693744398099294557e+00
-1.195917629036946872e+00,-5.445824602558035821e+01,8.455680484307148248e+00
-5.248282158888066107e+01,-1.350130204553915192e+01,-1.425500827905047840e+00
-4.015365366833507643e+00,1.607826700233141892e+01,-7.114150694342799675e+00
2.379111598878028389e+01,-5.603944707517924506e+00,2.680202216891962763e+01
1.679503087865363398e+01,-4.005367002642231000e+01,2.424399653279234812e+01
5.914957953794144352e+00,1.021844367109147278e+01,-2.317483505439670211e+01
2.877530347684476908e+01,3.290272963232857961e+01,1.272003181836886121e+01
1.724345646249943442e+01,3.572607404019353794e+01,2.310206919150998672e+01
-2.309263160408936599e+01,-3.968755890847312884e+01,-4.821212565924914983e+00
3.176788375349695315e+01,3.588283713641669692e+01,1.168231749062618086e+01
-3.043888528290234774e+01,-2.062670462735471233e+01,-2.239371240184372525e+01
-2.881281272055479903e+01,-2.846769808679651348e+01,-1.076740158791769453e+01
-4.649974175344826932e+01,-1.985259702920167513e+01,-1.172846137839907499e+01
-7.322491079754264720e-02,4.900260886599095755e+01,1.402166566102065559e+01
-2.334148467213479705e+01,-2.076645178336977082e+01,-1.472626926758557708e+01
1.370980871342800000e+01,-2.991324858044423962e+01,2.185786074225884690e+01
4.127006013798885675e+01,-3.152275062278423690e+00,1.806082925496849256e+01
3.795082901744434878e+01,2.242940553990539954e+01,1.927968673338087768e+01
-1.207514001418028649e+01,-3.289280551133897390e+00,-1.397571282261618641e+01
2.101169638494926417e+01,3.431618035728516247e+01,2.698501539211318700e+01
-8.085009081259679320e+00,4.958993227997992648e+01,1.580163404219321066e+01
-6.061677021464569748e+01,1.251708702316035726e+01,5.542211543088486181e+00
6.588890317065191127e+00,-5.026051431698734717e+01,1.745962217595149824e+01
2.769827409589610667e+01,3.313681724458476907e+01,-1.371712365185645055e+01
-4.673779817639158551e+01,-2.914693251092359993e+00,4.242841060104108664e+00
4.634343105530072648e+01,-3.063586118587274498e+01,9.062218293917464251e+00
3.044002919715270750e+01,1.806031966072131922e+01,-3.313110218831484133e+01
1.518053017112553960e+01,7.802326582701038404e+00,-2.141966201425763927e+01
7.125765706589439752e+00,-5.739703080047831918e+01,1.418890083329736562e+01
3.485607136156627206e+01,-4.949553396714823528e+00,2.458850233931013918e+01
-1.707656131643992126e+01,5.337340827317395053e+01,2.100518514764391043e+01
3.727360656396479044e+01,-2.141512497383228819e+01,2.436486532055674559e+01
4.299368164548959470e+01,-3.529309353781960645e+00,2.577871559636988508e+01
-7.057039985113119940e+01,4.046752392796070907e+00,-6.385425282125194890e+00
-5.230607204006659572e+00,-3.712334963850180003e+01,-2.229652366938569585e+01
3.132291877566983374e+01,2.536809146820757377e+01,-3.246150097699726444e+01
3.419368234034489973e+01,-1.490201539332982605e+01,2.864636068243371270e+01
-2.020601144061419419e+01,-4.059863100902185096e+01,-2.274014379361047844e+01
3.542249609566620450e+01,-8.815322249325022952e+00,-3.193681620207010496e+01
-3.973684842753601565e+00,-1.960831713212918714e+01,-2.338828206641989027e+01
-3.172130435254942782e+01,-2.011383523344211000e+01,-2.176584648288942248e+01
-2.147917648893563847e+00,3.011275451621265731e+01,2.667283527656345576e+00
-1.556653887037144735e+01,-1.437008365124060560e+01,-2.591604425410319479e+01
3.385158484682272473e+01,-1.036293213088079490e+01,-2.457805919768814462e+01
-1.054028496263229187e+01,-1.822577532263320066e+01,-2.371138740956761737e+01
2.746610361096225006e+01,-1.294149045912170415e+01,-1.816038245913892979e+01
-5.048920313784499569e+01,-1.543854878624450677e+01,7.005583683104010979e-03
5.202622286804687946e+01,3.266660532114433124e+01,-2.667764880575315356e+00
3.335701951812297494e+01,2.128446187732633277e+01,-2.510073026272885954e+01
1.522122214577614319e+00,-2.976264591874351240e+01,-1.847183363631463848e+01
-5.846075554187635959e+01,-1.090979937506240738e+01,-3.633786622255835486e+00
-3.565262196623508117e+01,2.930976181488573573e+01,1.721089089149031137e+00
2.263190535501495049e+01,9.957820109349681204e+00,-2.277516244316057037e+00
-6.839289548827606779e+01,1.800016136350805596e+01,-1.028421719612888641e+00
-1.308020135762695091e+01,-3.074034811865897510e+01,-3.317268763183800218e+01
-5.573892232814614545e+00,1.519383385753092774e+01,-1.216205620822167610e+01
3.800725853977300517e+01,2.594623047964940810e+01,-1.576696075148402265e+01
-3.394269832738989123e+01,3.186743042876502940e+01,4.999730351522273963e+00
-1.886037404963623265e+00,2.651735502066755146e+01,1.411508540851952098e+00
-5.988155214569734852e+01,-3.486588462814175671e+00,-4.871858564834345096e+00
-7.357724727288362132e+00,-4.982134327035453936e+01,-9.098854414756637254e+00
-1.255333807856753481e+01,-3.073845199223824665e+01,-2.610991386094385192e+00
4.306232678500152389e+01,-3.077980884372096426e+01,7.409489344943362532e+00
5.597619109958857919e+00,-3.422681740398311234e+01,-6.360706880749172676e+00
1.257477541045389025e+01,-4.167293640066618110e+01,2.506901421273312636e+01
-2.862874295803300484e+01,3.286669812791163281e+01,6.209330166165849541e+00
-6.050718172434253006e+01,-7.520803600591083438e+00,-1.691778358395096049e+00
-3.036415760635759042e+01,-4.432403946124302507e+01,-8.881895175034040690e+00
3.820216770091762015e+01,2.666772724580322773e+01,-1.345467909316238675e+01
-4.964759556274671581e+01,-8.452861448899255947e+00,2.389755971784190525e+00
1.572841667911272268e+01,9.612641472488743233e+00,-1.383417440344316240e+01
3.492573548620993762e+01,2.112158017431841373e+01,2.206389491026467908e+01
8.018592273979208152e-01,1.736057535852404499e+01,-1.020130795070777907e+01
-1.569475485318583097e+01,-1.544750864407449065e+01,-2.551131818437920273e+01
4.172383858841951110e+01,9.033694443517516603e+00,-1.165919037440040107e+01
-1.955223533112252454e+01,-4.713725375782127003e+01,-1.598376348947796899e+01
3.616657583665143250e+01,2.484356682051606313e+01,2.225942885542352911e+01
1.817980890660708226e+01,2.645225883103924147e+01,-2.637052396580994884e+00
2.859707529815716853e+01,2.909030287566745798e+01,9.956404963164457556e+00
2.283223891221354407e+01,8.136841317685428621e+00,-1.879100657275577646e+01
-1.945618368831260980e+01,-4.825236923781714893e+01,-6.644798609062493533e+00
6.445560388614931746e+00,1.179827032328227077e+01,-1.152471215471167731e+01
4.814371013445030911e+01,4.020235133308220554e+01,-1.623955975195998658e+00
-2.591487609194386721e+01,2.534317782928497564e+01,-2.357046845394722701e-01
-2.717605655311689716e+01,3.212451237681079874e+01,3.054244860989935084e+00
-2.751893689983502966e+01,-4.332646062419020438e+01,-8.117279406176955092e+00
-6.696408464618990308e+00,3.145653797140423436e+01,1.221264068534990521e+01
7.509105958802444469e+00,-5.602598775836065670e+01,1.365592880336037318e+01
-5.311209779854184632e+01,-1.688867604680357459e+01,-5.653781734737286513e+00
3.567441589633462939e+01,-8.563402978869071092e+00,-1.649037202353991916e+01
-2.223624506128980371e+01,-4.808134248839404279e+01,-7.193837019419074608e+00
4.460865855857394280e+01,-3.010157088334713649e+01,5.912999237120547313e+00
-5.889338650171952239e+00,-2.616567603344304871e+01,-2.935839232948188027e+01
-2.826152516116639646e+01,3.021193591332330186e+01,1.567447720301096048e+01
-6.276352595203165663e+01,1.062999254636065771e+01,-3.172342908661905270e+00
-1.181630676334529007e+01,4.155804127671002135e+01,1.931750651987385226e+01
4.181636891254401434e+01,1.030817578414831637e+01,-1.483123468393552891e+01
2.771834226987479255e+01,-1.752304447730093084e+00,2.574626953226006520e+01
3.214497158732111615e+01,2.045579664633314465e+01,-2.962209369430295425e+01
4.154540427839350514e+01,2.415782137429790311e+01,2.012247892125316895e+01
2.623397613961754615e+01,3.813800164337938270e+01,2.606433993280389938e+00
-3.612816810742235418e+01,-4.215571211998095436e+01,-1.034812778769415509e+01
-2.183183687771499404e+00,1.903123737185492104e+01,-1.007956844765492832e+01
-4.820533680721826642e+00,-2.168053008134438642e+01,-2.316958191494051889e+01
2.612191137335237912e+01,3.317689870254680073e+01,-2.115779148000686760e+01
1.728185562383418583e-01,5.169543447215541221e+01,1.219779893512357738e+01
-6.487203104505221063e+01,1.168153274570618194e+01,-3.916029251989940896e+00
1.463777847146753963e+01,-4.139230642266370808e+01,2.599758253331103575e+01
5.475121803818294275e+00,1.050818702163102181e+01,-1.859919199646137855e+01
3.229356275118519903e+01,-1.276135275816270642e+01,-2.267582624719074147e+01
9.099094055423153193e+00,1.014629933245808857e+01,-1.304906717636156444e+01
3.565041782981724339e+01,-1.667320603237378762e+01,2.935975787623676325e+01
2.832615283953576224e+01,5.107599393005200383e+00,-2.316792887765447873e+01
9.913100981215594132e+00,-4.514681605583613333e+01,2.214169339970379369e+01
3.482052097949269864e+01,4.631903562654452600e+01,-1.903328425299865234e+00
2.966494725608602678e+01,2.272908961808856887e+01,-3.260582704935464449e+01
-2.190398965647781537e+01,-3.333435725900991997e+01,-7.955217249294957327e+00
2.483510344462721875e+01,1.393578206718279766e+01,2.677166171507112225e+00
-1.361910892331703060e+01,-2.886827823102558810e+01,-1.956498181122254154e+00
7.442457723228771194e+00,3.007420828930027312e+01,4.870456680739302158e+00
-1.395967690055875288e+01,5.144307433722989487e+01,1.572538309016514901e+01
-2.723842140039552362e+01,-2.075510507867102916e+01,-2.240669489150592142e+01
2.619501368598423596e+01,3.324773503476760794e+01,-2.378065693751988618e+01
3.022192323506449796e+01,3.319941852354492795e+01,-1.352330894029631381e+01
4.522478435115668383e+00,1.776598498152350913e+01,-5.680118032322841515e+00
4.608985136450959885e+01,7.842284932986108181e+00,2.349232860869670247e+01
-1.167780086987384358e+01,-2.933687969561478326e+01,-3.365816520756345653e+01
-4.461325031107364936e+01,-1.912620089992890726e+01,-2.119567205752540318e+01
1.571442994983360286e+01,2.383824880467832585e+01,-2.458903145475819674e+00
-4.062623064345969226e+01,1.915097786946903469e+01,2.619239184468134418e+00
-2.467968334931349972e+01,-3.736405381549348448e+01,-1.014180369720652131e+01
2.313752834086819021e+01,2.979430274530810863e+01,-3.338830372746755870e+00
2.984730739902377650e+01,-4.198987162309068211e+00,-2.543796553375139879e+01
9.093983699048308722e+00,-3.978646004389140245e+01,2.785030568812111795e+01
3.069468868789497051e+01,2.615815463232361893e+01,-3.415704347441729283e+01
-5.367074398835585924e+01,-1.994750710901163870e+01,-1.091964501833587420e+01
2.754366702590843374e+01,-2.508483925727596642e+01,1.957107870478720457e+01
-8.011322998405985274e+00,-9.462383458716319140e+00,-2.695842936205997376e+01
2.806931153598630857e+01,-1.244419411604290315e-01,9.914159783681515847e+00
2.456263604774687082e+01,1.135751654482781525e+01,-1.663748603638744683e+01
-4.911364366753068822e+01,-4.210078606095799536e+00,3.173180247462777714e+00
-4.638086085653210233e+01,-2.111238509633182758e+01,-1.865511155691599399e+01
4.562904429905150749e+01,4.006568555843668378e+01,-8.456515133027884268e-01
-7.115158649664135027e+00,-2.144467001226232128e+01,-2.292958179034791399e+01
-9.423123827563518518e+00,3.844930592436887196e+01,1.318639930507525548e+01
-4.590175107661474385e+01,5.341225631442084953e+00,5.426355296214650181e+00
-3.016855509269724678e+01,2.103094692209673511e+01,1.575582288487846760e+01
-1.907505812480897234e+01,-2.228049592265891121e+01,-2.296577636578957282e+01
-3.139493442258752509e+01,3.440175567585370686e+01,4.777385280393387390e+00
3.387673814129634309e+01,2.744273116580231786e+01,-6.709048331988959113e+00
-3.656328647229654560e+00,2.760852883169637551e+01,9.872437086627744440e-01
9.842186422954982916e+00,9.326618052188829111e+00,-2.345045274549491410e+01
-2.422486486618544888e+01,-2.733479055857334217e+01,-1.262730517227950067e+01
-2.558205187427311245e+01,2.789771397005148046e+01,2.681066908294233997e+00
1.513467702095461886e+00,-3.657351566449508340e+01,-1.206571756840021159e+01
-2.570147772122470187e+01,-2.783687534252803175e+01,-1.242080931974704505e+01
1.281005383052252711e+01,-3.108261689240455539e+01,2.019411215281594707e+01
7.854079235999736675e+00,2.867273349562554685e+01,3.623771622830870509e+00
5.441922504461149668e-01,1.624520059901220037e+01,-3.916314349598287947e+00
-1.113741292009046902e+01,5.436526336328050490e+01,1.509938029587740260e+01
-5.952904428336394105e+00,-9.136174615793857257e+00,-2.561543985669480961e+01
-2.253478434445800715e+01,-1.921772530500275877e+01,-2.012373227916458163e+01
-2.405759621003117132e+01,-2.425728050327809981e+01,-2.413242233100206136e+01
1.836767800479995216e+01,3.646883444348361536e+01,2.666755205774790483e+01
-1.496502552854082069e+01,-3.024286091270375465e+01,-2.661897843697768806e+01
3.109502538173722286e+01,-8.835218465044675895e+00,-2.079336846078355094e+01
3.348316929966357947e+01,-5.360227789739189674e+00,-1.232676180774647179e+01
3.531466123621061826e+01,1.396699804918859833e+01,-2.106777114459083933e+01
-2.712714447832363618e+01,3.347402481394698270e+01,9.131967081662594410e+00
3.157206208916044332e+01,2.792661010694922652e+01,1.357547932599839946e+01
-6.311284142528491969e+01,5.058412784349706648e+00,1.471241197225951147e+00
-5.956289495206002726e+01,8.753413893740146889e+00,6.507023005559063877e-01
4.339932395411683785e+01,1.453235930144377797e+01,-2.060179628357105486e+01
-4.829409712829395573e+01,6.973964988417293398e+00,3.378795035864240237e+00
2.716160751433678655e+01,3.808532552293445406e+01,6.133389216244875541e+00
-1.306269340750279362e+01,-4.134493290537916721e+01,-4.825727938517933246e+00
-4.147069057272443615e+01,1.394431545569512565e+01,2.125583743753526278e+01
-6.590290685851142882e+01,8.892477175298882486e+00,-1.181092328699558269e+00
3.369524397151815265e+01,2.744146343878002625e+01,-1.069280461894998879e+01
3.951743720781175284e+01,4.156893193897615646e+01,-2.267823686279580198e+00
-1.305722492018370318e+01,-3.553883550749457498e+01,-4.132568645270818131e+00
1.811950201087877854e+00,-5.286016132642424736e+01,1.043879694549681147e+01
-5.457743567781779603e+01,1.402074614759187909e+01,-1.994084893904697120e+00
2.705178312213224956e+01,-1.518653669673245998e+00,4.670190756615013150e+00
2.167851285313552268e+01,3.266449386741355454e+01,2.313422779212075042e+01
-1.952979502179098148e+01,-2.698032038221854734e+01,-2.832638978604325430e+01
-5.978393350977293608e+01,-5.169035832558180665e+00,-1.035220377474623810e+01
-2.650166939855408188e+01,3.385379793982875185e+01,4.273786430420003946e+00
-7.530369258898762297e+00,-3.087018116663513467e+01,-2.588225355431137942e+01
-6.647304784434936664e+01,6.398292169903274207e+00,-1.420570064819294265e+00
-6.686368611645457349e+01,1.172767342014744152e+01,-3.095710312511021911e-01
3.916088629501982155e+01,-2.131839915527733709e+01,2.395248339384426117e+01
-1.088849294595155826e+01,3.886620593675134216e+01,1.188109430400161770e+01
-3.236744374457417450e+01,-4.387432764341971847e+01,-9.336409755305773217e+00
-1.244962087053088595e+01,-1.309235917126276938e+01,-1.196237115587135769e+01
2.267468669723557539e+01,2.934764863171157145e+01,2.797084276299178640e+01
2.967422138589317981e+01,2.944126987231755166e+01,-7.759057808434904224e+00
3.996264750891688777e+01,2.314356509297718389e+01,3.704749179948808813e+00
1.088705588922413625e+01,-3.608841805222747467e+01,2.047268387576238524e+01
-1.023495087194554287e+01,2.113670772255168728e+01,1.115889907500040756e+01
-2.299421611727081682e+01,-4.981931772065522068e+01,-4.523272718608142284e+00
2.153588384724845639e+01,-5.610656031545778966e+00,2.639280005296892995e+01
3.269866635655841947e+01,-1.696942545049142481e+01,2.966697843638376852e+01
-5.449558096316035716e+01,-1.409076121649924751e+01,-1.512277375279889213e+01
-5.167773818353309068e+00,3.416882548314055157e+01,1.151431119973217854e+01
3.223169242997573747e+01,3.071568916848356068e+01,1.630946477858911337e+01
3.946880043433918672e+01,1.549159912347512424e+01,-2.279679607225519433e+01
-3.026802703209518342e+01,1.750074230649373064e+01,1.955288099403243507e+01
-3.086898774737513662e+01,2.753151298461679986e+01,1.588912522583067322e+01
-1.045865299735336684e+01,-4.583686742966267502e+01,5.089232040342367647e+00
-6.695591451398986749e+01,7.128545385942551604e+00,1.626381453840744840e+00
-1.333218465480804227e+01,3.113060529670278598e+01,1.407157193627675795e+01
4.776457384421534869e+01,-3.242522136035334057e+01,1.132296700138660839e+01
-5.372657294104789116e+01,-1.551958759422604217e+01,-1.551973717653596907e+01
-2.065453443448079440e+01,-4.132121246916293700e+01,-2.111613249907217948e+01
-5.931155775838659849e+01,-5.857639894472156605e+00,-8.429570935687165090e+00
3.184016392321982636e+01,4.856101991019521336e+01,1.287011361497011785e+00
-5.980262121555963972e+01,6.621106270450594522e+00,3.690458363364802263e+00
-5.380687319161035731e+01,-2.259013636900164101e+01,-1.183528551977494203e+01
2.606435424504435439e+00,-1.654189990794584020e+01,-2.042034637782902351e+01
-5.737425552571226461e+01,-1.412533671733819141e+01,-8.280790765421970789e+00
1.945653479571790356e+01,2.635846743981373308e+01,-1.543273469696780031e+00
-1.738303600842050045e+01,-4.272090394918430434e+01,-2.609166863128050018e+00
2.346047823953273337e+01,-2.688714757988485005e+01,1.982870252229312413e+01
3.666886338196486150e+01,6.659433308571235166e+00,3.184664606827548283e+01
4.715874830137650520e+01,5.097079867718246504e+00,2.493968656706999099e+01
3.359327090414004857e+01,-7.527560192835261788e+00,2.087340680121116776e+01
2.322515447488326856e+01,1.015164879771012707e+01,-2.827730129449901852e+01
-7.030724745268934761e+00,5.333648502787668377e+01,1.237626617092761450e+01
-5.125362149882346330e+01,-2.211634226790062385e+01,-9.731047808056560999e-01
3.360757470975070760e+01,-9.229011500782473121e+00,2.464450519457533773e+01
-2.387142253149074733e+01,3.819139653287673042e+01,4.345904450510863271e+00
3.622524426578407741e+01,1.731112428968416594e+01,2.851505001877978174e+01
3.292593546047438480e+01,-1.139476957775998933e+01,-2.542095958293749547e+01
-1.147659772065063954e+01,5.266899634947181852e+01,1.399397214861786587e+01
-4.994643867028420203e+01,-1.292034846213815813e+00,3.424373100899537725e+00
-4.811407586858558183e+00,5.193613016010747430e+01,1.090855254752695913e+01
-5.223257362142480531e+01,-2.244653011162399991e+01,-1.194976251800141398e+01
-4.968197767114739349e+01,-2.311896036268408849e+01,-1.583945238809633871e+01
-2.136440094566558301e+01,-4.125188647297451894e+01,-4.963941708064116831e+00
4.115202746864778049e+01,2.266534792420702260e+01,4.380103397770365170e+00
3.229522286481597604e+01,2.689150108334416345e+01,1.176663705115537439e+01
-9.458651314201723892e+00,-3.057026422587520642e+01,-3.203904024509043325e+01
1.056993977891860936e+01,-3.250190542565033525e+01,1.661706456765899276e+01
3.863922423613052359e+01,-2.723165863482004312e+01,2.592347431310988526e+01
4.505690537672892759e+01,1.102484832939984294e+01,-9.797914639084266852e+00
-1.753792156534905189e+01,5.263163581381323297e+01,1.885306507633726980e+01
-1.247362838888162884e+01,-4.803822029181362296e+01,6.991789319937113945e+00
1.243126505499042977e+01,-3.356405038660649609e+01,1.667423392212772271e+01
-3.468388297054056579e+01,-1.980318757506854155e+01,-2.142647158020657372e+01
4.366470138071314011e+00,-3.030487289935669537e+01,-7.026022588444331696e+00
2.304392347999892010e+01,-2.916819649267507231e+01,1.651137553067205488e+01
-2.441888744757050489e+01,2.771107587380391379e+01,1.828308262495359937e+00
-7.557760525450525790e+00,-4.983646146816760591e+01,-3.144969632021402006e+00
-3.211357736185640910e+00,1.465868132530471968e+01,-1.299207676946805057e+00
-6.873678462180919269e+01,4.654432548617846166e+00,-2.822342868708395791e+00
3.609215093528391094e+01,-9.503273185075023832e+00,3.560678505983464959e+01
4.060283179913085405e+01,8.357509142210258091e+00,-1.072768350289654293e+01
3.476905385001899873e+01,4.362220361263116075e+01,-5.059050390179754331e+00
9.839646642218937700e+00,3.851816832869960905e+01,7.620983685889664905e+00
2.703920522040212493e+00,-2.654915954202656891e+01,-2.583165650405989666e+01
-1.540069127896895473e+01,-2.682849946939683150e+01,-3.213323550329062783e+01
3.166137465015496488e+01,-1.773111442821326378e+00,-2.185567534727873351e+01
-1.447699169415942144e+01,5.044021673123575766e+01,1.819688617188793245e+01
2.690157983423264199e+01,8.667376594397035561e+00,-1.883576738725947664e+01
-4.581335843303979694e+00,2.942313761907698577e+01,8.591445355540998641e-01
3.825612314079986032e+00,1.530118949417106045e+01,-1.232754604550251543e+01
4.467550665797768517e+01,9.877477923048731512e+00,1.882252918021492860e+01
2.678500670190504351e+01,3.385424558232320180e+01,-1.934683670734290217e+01
3.550592784877623842e+01,2.101880236985698858e+01,-2.977668226763138648e+01
-4.692026346106607093e+01,-2.263988787986885853e+01,-1.764802873011423756e+01
-5.000532454167679219e+01,-2.356130874044373158e+01,-1.949330080911115104e+01
-4.872406643715029162e+01,-1.920778249023770812e+01,1.458649045601476235e+00
-5.348744170595924885e+01,1.134884621333507404e+01,4.619806183516957709e+00
-5.811741419476598480e+01,1.224530541079167101e+01,-9.182436154976338916e-01
3.714665494497531739e+01,-1.581044185173643335e+01,2.726511468420375195e+01
-6.857826122871519203e+01,1.001394374180750013e+01,-5.439568167664848852e-01
3.844411597970762529e+01,1.387094599551847374e+01,-2.454940599812707802e+01
4.489022800476240249e+00,-4.805514191083598519e+01,2.435346260070983249e+01
3.312056110431289113e+01,2.820725135436784115e+01,-8.740256254569869654e+00
3.662278743687987514e+01,-1.925737070070254120e+01,2.627349217239015999e+01
3.747127869010403600e+01,2.856036342611655598e+01,-1.485394285653118551e+01
4.065626345167144962e+01,9.735424281181847661e+00,2.801690077500676779e+01
-6.927318665949852061e+01,1.065084300954977081e+00,-4.471570183651816244e+00
2.687907893878746890e+01,4.735545021408747779e+00,6.409447230774409476e+00
-1.950557029061593539e+01,5.081193300335149132e+01,1.936052088073222421e+01
-5.899138425741917047e+01,-6.932938299926942882e+00,-1.334909614643121678e+01
-1.417152387516527590e+01,4.361375312848743135e+01,1.778740110932627516e+01
-3.542612117967013141e+00,1.369777475680655954e+01,-1.177599737503723176e+01
3.966293023535316564e+01,-2.878910598675197718e+01,2.177721498326381422e+01
-1.063793250749981389e+01,-2.130461297809722510e+01,-2.405929767654597384e+01
1.320988734221287331e+01,-3.702824817393534307e+00,-1.697136848329291325e+01
-1.755880167259798696e+01,-4.315170670902537609e+01,-5.443982660761763626e+00
-7.709513532570054117e+00,3.626373087291699449e+01,1.156202451004599396e+01
4.345390630165522339e+01,1.831151363067477078e+01,5.575608407984717907e+00
-1.031008990662811442e+01,1.972457634033607832e+01,1.377892545720803597e+01
6.360151708683445371e+00,3.555598289757889319e+01,6.338835008516649161e+00
2.314130025491909137e+01,3.589177419624002141e+01,2.852141806586841355e+01
-2.575895606156539941e+01,-4.433790619442353886e+01,-7.011310523405180462e+00
6.164864096248127368e+00,-5.315164755103915439e+01,9.980516036580311834e+00
-5.874595277491342671e+01,-8.081099872027612818e+00,-1.008910460846844437e+01
-2.016463227331687236e+01,-4.560854540477271257e+01,-1.483967303657175663e+01
-1.904045367798251576e+01,-3.770530532098245402e+01,-6.255854119513617917e+00
3.271215479169890017e+01,1.703305645358610931e+01,-2.944271920702117029e+01
3.853001231025145046e+01,-1.649030961385281913e+01,2.915048931591748982e+01
-8.789963986101760440e+00,-2.715892704305034400e+01,-3.162598183475127556e+01
-2.427113710102614874e+01,2.705556386955361603e+01,1.502294109381702292e+01
3.322390159638696616e+01,-4.798034433344767535e+00,2.491346983189524522e+01
3.438833201005190432e+01,1.687659915864685445e+01,-2.833246179801609443e+01
3.722694134842586156e+00,-1.482924983480902981e+01,-2.113633842502397542e+01
8.087105670863387274e+00,-4.621345845077573955e+01,2.430770413747676528e+01
3.491431671567038109e+01,-9.509419912078731940e+00,-2.614201732185903282e+01
2.942652091676132997e+01,-9.422943182488694447e+00,-2.228443169709654370e+01
5.273182836873481882e+00,2.994389427492045286e+01,4.965790951431132250e+00
-2.305170027108447783e+01,-4.052183968744925124e+01,-1.200114678416152358e+01
3.865415325861059159e+01,2.488689918311492733e+01,2.033865279610515486e+01
-5.872497198742653524e+01,-9.189524008479175166e+00,-5.934618829864284351e+00
-8.590551481655500865e+00,5.159699647828620073e+01,1.410021891531986071e+01
3.706435497690507219e+01,5.570287652086769015e+00,3.555041515563775789e+01
-5.095251112919420677e+01,-1.072568305824062307e+01,3.418575791299562461e+00
3.466171329460055972e+01,-1.260447767530722274e+01,2.429207990678954587e+01
-4.178447956099115856e+01,1.251630997619573726e+01,2.204782605932679473e+01
-2.846170369719161997e+01,-3.505226468930702310e+01,-3.558833578394791086e+00
5.220663659073929708e+00,-5.034205022278486297e+01,1.409977892026013535e+01
1.715277236623850143e+01,3.390501204107651034e+01,2.501514899130056335e+01
-6.656185346345620246e+01,9.902317952286500358e+00,-4.851670519797327330e+00
-5.847492711756861183e+01,3.772162232886067557e+00,-7.334081838647170670e+00
4.723937645272565078e+01,-2.895343750251268844e+01,1.004021201737804425e+01
-4.602283580134792373e+01,4.979927867734963876e+00,1.963594878988794035e+00
-2.995350953409736050e+01,2.868281910098347964e+01,1.454674841513023331e+01
3.838113895395080277e+01,2.458624337894752188e+01,-1.697654038286666989e+01
-1.632133961824645851e+01,5.117340031306307679e+01,1.997755890078198959e+01
-3.846453225408534848e+01,2.756973063185982298e+01,6.661703160331408746e+00
-1.370991655495421924e+01,-2.865959638399102971e+01,-2.817011708744616527e+01
4.101108678312521683e+00,-6.151314639227233982e+01,1.308777162537103855e+01
-3.269765554588193623e+01,-2.940274951018954042e+01,-1.131161575199758751e+01
-4.671925231115580601e+01,8.648028965722554418e+00,4.877569161613394044e+00
1.969195824709231246e+01,2.171104898298471753e+01,-2.305879536130439078e+01
3.432420136646093312e+01,2.047997911868927901e+01,2.036261940086653510e+01
1.333464093534941597e+01,3.030419131470107330e-01,-1.616872130471606894e+01
3.426737504340250950e+01,2.269650115501839238e+01,-2.432002012847209116e+01
-1.742841204540776445e+01,-1.690388847703756747e+00,-9.758475242676249550e+00
4.540271549990631428e+01,2.888698638708479649e+01,1.747546832857475030e+00
2.724252655682711932e+01,2.977461007250413871e+01,-2.403731815143806472e+01
-4.422882487483015268e+00,3.184729886172351954e+01,1.995269178656776221e+00
-6.843447785229025726e+01,-9.656845518318316612e-01,-4.484750212056582086e+00
-1.285200132970586218e+01,2.752438285818312025e+01,1.169329729773462923e+01
4.148630743775821195e+00,1.071784402812744297e+01,-1.917076713568086888e+01
3.625967685228028614e+01,1.698475278880042438e+01,2.573266138565690753e+01
3.020931500511474610e+01,1.621932091428518419e+01,2.829992945112969238e+01
-5.873179618681954395e+01,9.086269730435562408e+00,2.817702112746399035e+00
4.993908256157068593e+01,2.760405059874493716e+01,-4.073447323623724969e+00
1.322292278904902751e+01,1.069665441463019384e+01,-1.606901344881046256e+01
-4.748986739056667972e+01,5.133438827436560103e+00,4.002237583325314318e+00
-1.395680026861489154e+01,-3.061113889548051858e+01,-2.493512267321480991e+01
2.409618381151542366e+01,-2.479453789188476165e+01,2.124581518361705434e+01
-2.097978114447515452e+01,-4.022804865866591939e+01,-1.125047678138243024e+00
3.662653074469675829e+01,1.557163364826908492e+01,2.636267113703087261e+01
-4.805073566855685385e+01,-8.718813678472470130e+00,3.688863940265880270e+00
-1.524813268253176446e+01,-2.925788140042834939e+01,-2.875679600330096619e+01
-5.257249730701182955e+01,1.008338890069406446e+01,5.307191749140159232e+00
-2.221841632106710307e+01,-4.206167192683379596e+01,-2.678049341750504908e+00
3.349793741481306597e+01,1.843534938567019665e+01,-3.186465508572745620e+01
-9.648963594774814245e-01,1.894301820804452419e+01,-1.043959541268750096e-01
-6.359822625153465481e+01,1.003343766291279238e+01,3.836590351870447613e+00
3.671273022607544334e+01,-9.889535776086917807e+00,-2.029352026079243387e+01
4.685795295071394584e+00,-4.468855494704221343e+01,2.444464525895618223e+01
-3.137038968508044690e+01,1.573901848567997774e+01,1.959351829438741532e+01
2.426128536032256378e+01,2.522414274501045739e+01,2.419830361605635005e+01
-8.133253363334054242e+00,-2.886423751949654459e+01,-2.610776438461831717e+01
4.649975602340986569e+01,8.373188540379386424e+00,2.157987169090250745e+01
-5.717484178291882557e+01,-1.741881502357579592e+01,-7.465501318955289456e+00
-1.357409285865996118e+01,-4.939049985337965154e+01,7.162536000899915933e+00
2.482463086760114734e+01,3.141024612283059625e+01,2.858312178177339291e+01
4.279284987320621525e+01,-3.095042143157999703e+01,1.498083355521138671e+01
4.490509459018247185e+01,2.672714914094200012e+01,-1.902019985728075513e+00
-2.428787202960225144e+01,-2.276311724701731620e+01,-2.384599425221935221e+01
3.610312479872412439e+01,7.447454194154913942e+00,3.312311468390054614e+01
3.617011542070309815e+01,-1.341211065091680688e+01,2.581584332392101899e+01
1.819683029999591639e+01,-3.137031374782452531e+01,1.855054549647466544e+01
-2.857040498027861730e+01,3.900347383355884290e+01,7.426602808121089971e+00
-7.365179295320680275e+00,5.474914628958158858e+01,1.462702336158168670e+01
-7.256888823146248058e+00,-3.353522797169421210e+01,-2.465379475982826563e+01
-1.858386540522310115e+00,1.527047314722804217e+01,-3.380490580841424730e+00
3.065738800758319371e+01,3.951719718531122538e+01,3.126461096173561938e+00
-2.928637980344698022e+01,1.962697401015359588e+01,1.791281114819375730e+01
4.019012130013314987e+01,-6.832876864206300027e+00,2.569477799992481337e+01
4.258985053809451671e+01,-3.209301647976698746e+01,1.044114690652621391e+01
-2.711816495759767776e+01,3.546350026128977362e+01,7.972263514750898672e+00
4.857667269436802826e+01,2.946194924136556992e+01,-4.156628654147828783e+00
1.242924977587213320e+01,-4.415505005809073680e+01,2.712342232958170740e+01
-8.226285014574734600e-01,1.605132967926663312e+01,-2.515495905069523808e+00
-1.914224633964506950e+01,5.227549940492095715e+01,2.118254757940653477e+01
-1.230172302595349443e+01,-3.865652663864319294e+01,-4.531623302791056851e+00
2.047940817599979368e+01,-4.860553286931295069e+00,2.599972230905076742e+01
2.645295735260005898e+01,-5.349167315750856133e+00,2.238946732936289408e+01
-2.672176066595349564e+00,9.235687476419688124e+00,-1.034939564596559158e+01
2.961348832916571361e+00,-4.917697571461495443e+01,2.375371013208206250e+01
2.417943387862771942e+01,3.126130160030496086e+01,2.286735916286546555e+01
3.015054763107918845e+01,3.036727986995940753e+01,1.806796160483058244e+01
-3.880191827895684753e+01,2.545344148429304809e+01,5.889077621497603943e+00
-6.706856834687590307e+00,-4.817222508446866414e+01,-2.968228540588903730e+00
4.471689345466511867e+01,4.074920812701215311e+01,1.013231097816454040e+00
3.383220273847410198e+01,-5.040797536278452284e+00,2.157260846711989544e+01
-2.173633397012736523e+01,-4.157158786768626868e+01,-1.108325880318523105e+01
3.149106770270503119e+01,3.422470336168601079e+01,1.179305692345741718e+01
-5.898158904253376988e+01,4.226072169619570218e+00,-4.522765018218155575e+00
2.901037038997150574e+01,1.741686790835930765e+01,2.876990570819410209e+01
5.057532179753979307e+01,2.549326678585056172e+01,-4.741052006000097130e+00
3.592901174375430173e+01,4.215853381799273336e+01,-1.850146889662295679e+00
-2.659770588330396635e+01,-3.300525320229101567e+01,-3.091543385175596903e+00
-1.286854465479203746e+01,-2.548112234832787593e+01,-3.804877935343379036e+00
-6.102625017255388684e+01,1.177170063160146007e+01,-3.022029380078075089e-01
2.834451043085505617e+01,3.424032699729948348e+01,1.494396858789461824e+00
4.351022146743812158e+01,1.700842864738577020e+01,1.475020299937881196e+00
2.248204025965306130e+01,1.069257000712267391e+01,-1.817474180794193472e+01
3.465351215727028489e+01,-1.466156735833944857e+01,2.394277377850267641e+01
-2.469458210392058106e+01,-4.896760187284436938e+01,-6.399526163280451208e+00
-8.198477833000916704e+00,-4.900225235451026151e+01,-5.899081074724474405e+00
1.930099392107080902e+01,3.325043416139649821e+01,2.395296106962821625e+01
4.370113055082535425e+01,3.216159043875864398e+01,-6.965838968583009105e+00
-4.648214045567123698e+00,5.351141011384969914e+01,9.469828061232684391e+00
2.116827197079743073e+01,3.773038091689031859e+01,2.786868277529672966e+01
-1.610905748388902126e+01,-5.190397049950252040e+01,-2.841163621447115872e+00
2.441230186878968667e+01,-1.114222903058968406e+01,-2.394296539834991933e+01
-6.801144593075800771e+00,2.022968064544064148e+01,6.194036637207501528e+00
-5.088395532294767065e+01,-2.485476831522427332e+01,-1.959113777539189272e+01
1.359182424349680574e+01,3.235084852627923002e+00,-1.627552347352130724e+01
-5.411439019665579053e+01,-1.827501074696277072e+01,7.353949603712067740e-01
-1.487295326895994663e+01,5.132127604974735391e+01,1.370899350472299005e+01
3.646513101269384549e+01,-1.093219119386067817e+01,3.327557685248213915e+01
-1.260163793648102981e+01,5.080499877717679169e+01,1.115874963090997873e+01
3.999390438233275091e+01,1.827004010582844273e+01,1.012092910162464143e+01
1.118860772004096171e+00,-4.532838440292859161e+01,2.423489659980833721e+01
-5.451959753442359613e+01,-2.023104310009186690e+01,9.413738274803920003e-01
2.780156910770575962e+01,-6.105972643570795277e+00,2.146830510351406218e+01
1.397388159937954022e+01,1.113302204372256199e+01,-9.724321324756866503e+00
5.857913825654876838e+00,-4.199997969228200390e+01,2.750675642805460086e+01
4.475207156259373420e+01,2.746064303786216954e+01,2.676988792013344831e+00
1.483777947901386174e+00,-4.584590991036562713e+01,2.257804561759100537e+01
9.663738644406635103e+00,3.331782216558293186e+01,1.439162623300628674e+01
-2.908129983359472703e+01,-3.447912013434119416e+01,-4.347034397246233972e+00
3.279208526122799583e+01,1.600133609481190788e+01,-3.062573855331417505e+01
-1.155806680229075845e+01,-1.160534971733903475e+01,-1.214473524089343925e+01
2.876990272485146605e+01,3.204474850092040583e+01,1.073428086038697771e+01
1.245727895017847509e+01,-6.087869770739595232e+00,-1.805327962629293381e+01
3.836147520008967149e+01,1.498307241702725889e+01,-2.214749761716909049e+01
-1.200345553271723276e+01,-4.440399842692648491e+01,4.820264012130061282e+00
-3.803987460755833183e+01,-4.209670848813007638e+01,-8.953205177223214406e+00
1.341714593141931111e+01,-3.230743870190330114e+01,2.604481582407910167e+01
7.403360273823027526e-01,-2.094456579652447203e+01,-2.673897830693050182e+01
5.104135043607548283e+01,9.762854065333383957e+00,1.935183009412753563e+01
2.704130482255553858e+01,3.592538521757612813e+01,1.698857384463662745e+00
2.159032877052761279e+01,-3.145190054446719685e+01,1.840777650197500748e+01
-7.025209866954203619e+01,1.760965815477260676e+01,-1.373306803788179487e+00
-1.019114401905796008e+01,4.746050097602956441e+01,8.434947219608584845e+00
-4.561827867484169730e+01,-2.362782017207274521e+01,-8.902354934978152778e-01
3.574420472960488837e+01,-2.105907223892860447e+00,2.125816681527096463e+01
2.567532456970572241e+01,8.886120484483230442e+00,-1.671712073452653158e+01
-1.028181657082398992e+01,5.468340542476427402e+01,1.222760634961450066e+01
-2.221069464708707031e+01,-4.519627057666635039e+01,-8.566718353256653984e+00
1.158695097585652611e+01,-4.429990388641645893e+01,2.167306025434312033e+01
-1.473168447129946479e+01,-3.405685989285558435e+01,-3.163769045251230239e+01
-2.970311269825537792e+01,3.207848251257718886e+01,8.465581198913964656e+00
1.055118330919825986e+00,2.360204030569385480e+01,-5.007376047916127781e+00
-6.759459910552787676e+01,3.437502544829028395e+00,1.589528958309886608e+00
4.026060744099734734e+01,-1.182004239677580593e+01,-2.036994186448128019e+01
2.310631957885299315e+01,3.171370872486014747e+01,2.722536112281269993e+01
3.233088320435923535e+00,-5.362671434350072985e+01,1.130628753737599368e+01
3.895884604580432153e+01,1.321998308202176808e+01,2.516206262414259598e+01
-6.496133513002868121e+00,-1.843693404399521185e+01,-2.889961630543376003e+01
3.926424166396061821e+01,-2.639473712564076635e+01,2.443226060884870066e+01
3.482979666158720278e+01,-7.584012991878590348e+00,-2.936534284781046011e+01
2.472633724361600827e+01,3.064197161603530972e+01,2.564068228372475389e+01
-2.224330401677612912e+01,-4.307711737488223491e+01,-8.072537390176760752e+00
-8.161854870468548739e+00,3.566535684099296777e-01,-1.266715270804797910e+01
1.371932387965855504e+01,-4.025890080796268222e+01,3.060837897943707731e+01
4.058632288790678189e+01,-1.783117655644418065e+01,2.340017765662482319e+01
3.365096569769561086e+01,-4.737663319511289828e+00,-1.054417486666580750e+01
-1.309196365569067311e+01,-2.333117287457241673e+00,-1.260256705357291374e+01
-5.339989809124985776e+00,-3.307048557119239973e+01,-2.401946248883036006e+01
2.715033105926199752e+01,3.952186728623100720e+01,5.062716224247302499e+00
2.590279684227564161e+01,1.559639407354945995e+00,-2.676980405945400321e+01
3.593268228590376623e+01,1.921174449029843601e+01,2.952800587514619224e+01
-6.024018949749782692e+00,1.671195986585752280e+01,-8.633042300420017412e+00
2.861329391629750418e+01,-1.449437402898607008e+00,-2.130968515756311277e+01
1.352628163680820350e+01,-4.408017851324295577e+01,1.781545097744444917e+01
-3.293251724147508952e+01,2.406762174333039894e+01,-3.005314077307996268e+00
-1.076113008026775653e+01,-4.827292338587501774e+01,-9.714254497238158592e+00
-5.368471217962770936e+01,-2.007459555623902503e+01,-1.419349254604066779e+01
-6.445339954482807343e+01,-2.024755558972067604e+00,-8.666592922168748103e+00
1.540903853355389685e+01,-3.418166504171360742e+01,2.476520367064590999e+01
2.253699426590829447e+01,2.473485119003872867e+01,-2.416524612720916210e+01
-4.785536699561690455e+01,-2.000604141168480155e+01,-2.531882598561981279e+00
-4.941637452807746200e+01,-1.688035473589066271e+01,1.409026088525752396e+00
-1.852141002470944997e+01,5.041659736880470177e+01,2.133019078878349006e+01
-1.091450792354708277e+01,-4.760038510805971868e+01,-6.586941169999437129e+00
2.640936371731443444e+01,1.058008390652075903e+01,-2.533377068894903772e+01
4.465135532524890749e+01,-2.242905662492712793e+01,2.219196305837858318e+01
4.014555169269756085e+00,-2.898240502658871165e+01,-7.197683155535651522e+00
4.252834632060459086e+01,-2.946927265891529402e+01,5.157761577811627696e+00
-5.735568438004354341e+00,1.129033827348458452e+01,-9.502663884139726846e+00
-2.130942346148932742e+01,-4.276199532856195873e+01,-1.451301946748054306e+01
-5.683690321774284371e+01,-8.843234807246595608e+00,-3.835639580166755103e+00
4.617894134818925522e+01,1.165285842200900746e+01,-9.059215101707982498e+00
-6.209528571097911964e+01,-7.029704106105143069e+00,5.286097750762567271e-01
1.182263892480429135e+01,8.913079811732547597e+00,-2.455315162958562070e+01
3.946104035555642753e+01,-2.638364955826304481e+01,2.189809834251792253e+01
-4.344039265307703346e+01,1.163852449427024638e+01,7.561444585930195972e-01
-6.668331350961729242e+01,1.129753658845970499e+01,-2.901679841086723943e+00
-1.330055920813150827e+01,-1.718150248482800535e+01,-1.167392803732762374e+01
-4.070002404152542397e+01,-2.484751048192545397e+01,-1.769286616131357093e+01
2.335054430974741990e+01,4.443543781551014860e+01,6.395752320319425088e+00
-2.764503288313262530e+01,3.800383328619575707e+01,6.153003286926161941e+00
3.574600148763212104e+01,9.078074833468377847e+00,3.000890991034229316e+01
3.585640256331591047e+01,-8.055800365206218672e+00,2.505534565794043900e+01
3.967819974951287243e+00,-4.710361676707706380e+01,2.097174015464773689e+01
-2.324500232818586642e+00,-1.819704123422125619e+01,-2.382980519648718598e+01
3.583042563138586445e+01,-5.862715463458863852e+00,-3.106713654605266939e+01
-5.753575996055415231e+01,-9.031358688414819369e+00,-1.247446184657588830e+01
-2.737052923612914057e+01,1.819224320362395630e+01,1.876746392779029193e+01
3.887864513928298038e+01,1.093061159312463992e+01,2.811954986723592498e+01
3.231015719350878612e+01,4.085987912782201903e+01,-5.243641089753622531e+00
1.292323622104562730e+01,8.501374430909985236e+00,-1.428432994012323221e+01
-6.158040958614675181e-02,2.547992810611771830e+01,-2.806273321057982439e+00
-3.230754310645471605e+01,3.170069147201139259e+01,7.617439626106285111e+00
2.545353868852921408e+01,4.229287791661221974e+01,5.067796085926260297e+00
4.254217664708822610e+01,3.045178017793253389e+01,-4.102974809763239250e+00
3.752302439326926020e+01,1.854630052160525011e+01,-2.593612152574203478e+01
2.496565436463955479e+01,9.976222992685023883e+00,-2.595359414990995361e+01
4.523538294854947139e+01,1.923837355696981533e+01,1.561072596748287022e+00
-8.918226896583091312e-01,-4.505940505777100213e+01,2.398404935919257852e+01
3.507773326176371143e+01,4.129493557687262495e+01,2.932452734172234510e-01
3.836421399401103116e+01,1.601631483507923193e+01,2.922860271144476840e+01
-1.385028471116865845e+01,2.876806282215463639e+01,1.206493795679122627e+01
-6.446872121075216455e+01,4.258861249767953439e+00,-8.528885462702985309e-01
-5.135064059024247030e+01,-2.042470498961407799e+01,-8.442922302803323120e+00
4.577366397810737197e+01,3.771417308450619288e+01,-3.160660818454070764e+00
4.143289766078506631e+01,3.151134693506303464e+01,-2.755915739086493677e+00
1.673440940570558766e+01,3.358703644754586293e+01,2.281698666190875358e+01
4.753921590629479610e+00,1.752239470711393921e+01,-4.293832989958711543e+00
-3.227215813643505982e+01,3.162679400919145678e+01,4.082308640073535777e+00
4.869309679612270259e+01,1.043067678081975558e+01,1.730827101281095892e+01
1.298337573846908377e+01,-3.406588065311226643e+01,2.370126667916570895e+01
-4.789734015579335846e+01,7.976526622189100912e+00,1.109263207393509809e+00
3.070699017613066673e+01,2.254464087456454280e+01,-3.184592665113855858e+01
4.070657657628913029e+01,1.132754851986675249e+01,2.647833584117627836e+01
3.343946190897403881e+01,4.164306831590466373e+01,-5.376330557769977148e+00
2.197498473028017152e+00,-2.857661536915560774e+01,-1.800602431453605234e+01
3.058555013534066447e+01,9.573952982623509911e+00,-1.786225496515342215e+01
2.955525207395276155e+01,8.263025415282935882e+00,-1.934994947475301075e+01
-1.881647398755707457e+01,3.796580159897838058e+01,1.709095231827240369e+01
1.945391896387687680e+01,3.643963794641439335e+01,1.934662956402251410e+01
2.304381846793529931e+01,-5.400279638156078477e+00,2.174140357090746889e+01
-2.628931372482630646e+00,-2.466133979451717906e+01,-3.005668537823519415e+01
2.900659327563957390e+01,2.025736608464660549e+01,-2.326776272524537603e+01
2.893910912332466268e+01,1.256884524627754729e+01,-2.956208509598847911e+01
2.994375145827867257e+01,-1.727093712287109506e+00,2.670571747658635076e+01
-3.077382764134668136e+01,1.899938895150880924e+01,2.314362926438807833e+01
1.478138540149491753e+01,-3.414749327108587806e+01,2.219147925173180980e+01
-9.603454456780946558e+00,3.781477848385801366e+01,1.057846177906295182e+01
7.440995374344503421e-01,5.044640864622799370e+01,1.321587413016666446e+01
2.329493862528124026e+01,2.628835813060556248e+01,2.724331951995883472e+01
3.410752002507668124e+01,-6.799981630664961862e+00,-3.053354503873949355e+01
-5.811307313908151428e+01,1.329382372436681514e+01,-3.289557287277068642e+00
-5.329513663654130085e+01,-1.092342286812128549e+01,-1.004398298756507657e+00
2.871614267160389034e+01,3.431571884907423264e+00,-2.276210344506924699e+01
-4.844633412071101125e-02,-5.248219401187972721e+01,8.231282436817357606e+00
1.528821209838836559e+01,4.007921206107646128e+01,1.941079960518931813e+01
-2.246140712335693479e+01,2.801763423165751377e+01,1.499497176276589805e+01
-9.085984728153999157e+00,-3.562876444933201014e+01,-3.301596754495430730e+01
5.395098218887858899e+00,-1.325420522054338868e+01,-2.118063137809975416e+01
2.241115851857618324e+01,3.428500718490946753e+01,1.724330356488476568e+01
4.332045615890790913e+01,1.551319531662581674e+01,-2.192264881589194303e+01
3.322620481486298161e+01,1.993460790044972697e+01,2.435096118522733732e+01
-3.539603864372233488e+01,1.778150406740972400e+01,-2.324408410747685894e-01
-7.873060749436860739e+00,-4.881602803910543997e+01,7.017000451604156197e+00
-4.729099737710480866e+01,-2.222507199313887227e+01,-2.347864411484531733e+00
-1.201674840878641604e+01,-1.725985915095953160e+01,-1.545252415337057528e+01
-4.174710666622644339e+01,1.007083358343954949e+01,2.325486210306977952e+01
3.237871541688300425e+01,-5.387108748116976875e-02,-2.060063037471636349e+01
4.114794779874318209e+01,-2.222771517305059064e+01,2.057413835938774938e+01
-3.309183309890041169e+00,1.820387893669153101e+01,1.096326554701006761e-01
-6.266407487589517444e+01,6.506523765288153571e-01,-9.480847061567931888e+00
3.304740277965498052e+01,1.386216385983203203e+01,2.835870788640076867e+01
-1.475764451686931089e+01,-2.864500849847108555e+01,-3.143411623576835012e+01
2.925669195949278034e+01,-2.500328330483523587e+01,1.900304692422120922e+01
-5.639264609967492703e+01,-7.018035432433271659e+00,-1.211887595236462900e+01
-5.187750648670851206e+01,-1.472923987100493015e+01,-4.113850710092264329e+00
-6.900217288302958707e+01,7.215748606013006494e+00,1.716751038415175595e-02
1.901925298970536859e+00,1.758522594037117415e+01,-9.268220989501674723e+00
-3.418410711213172704e+01,-3.031842910862368967e+01,-1.196124898282103111e+01
-2.148906180934165278e+01,-3.129782357025904815e+01,-1.272857984804744014e+01
2.423283340224789129e+01,-1.410810396868924421e+01,-1.975184359431134240e+01
2.593966579961667307e+01,1.327733803017169301e+01,4.013737797300587218e+00
1.318169439288852907e+01,-2.769997704155584373e+01,2.169462408971183720e+01
3.574515374434646398e-01,-3.786929686546782392e+01,-1.119726025650663637e+01
3.509752607193109952e+01,-2.899756465436174935e+01,1.989434567016678912e+01
2.371632170595634470e+00,-6.138226334566692799e+01,1.120887992772401809e+01
3.393593915792827431e+01,-4.260715950698497956e+00,-8.960825248100361407e+00
3.644536306903138723e+01,-2.467940626439460772e+01,2.531262893221916954e+01
-4.496361205592461552e+00,2.895556545545840166e+01,2.569217454628503372e+00
-5.010564987345426857e+01,2.327577298849955234e+00,3.317952446940627187e+00
-4.435457046308601292e+01,-1.784619388895808711e+01,-2.342917676539098792e+01
2.244959198285113899e+01,-3.787210453988436587e+00,2.481795549479271656e+01
-1.179020925544163312e+01,-2.720125129520870999e+01,-2.641249017805098021e+01
-3.977510497870318318e+01,2.628607291099004328e+01,5.330356289937063785e+00
-6.878629995769178151e+01,1.685113854459524774e+01,-2.200168331186476145e+00
2.724196422402725659e+01,2.520088861690342519e+00,7.193915362929089063e+00
-2.903158580315115600e+01,-1.975991511012451340e+01,-2.108714451038135351e+01
-1.800607317645019378e+01,-2.812489469905148809e+01,-2.977268312188411770e+01
3.256110777632868292e+01,4.766981031461291707e+01,2.711414797074205851e-01
4.870177223337688588e+01,4.614796128878113635e+00,2.649196316146084484e+01
1.352366539130181344e+01,-3.971400094231310618e+01,2.662299070740094820e+01
3.518405123885218444e+01,2.813883718645283594e+01,2.238935328802648073e+01
-8.194527543276283410e+00,1.967074437932195607e+01,6.294732203229636447e+00
2.695272831973873551e+01,3.372895158855043718e+01,9.406078706031838266e+00
4.369914699762568233e+01,-2.058615196497454036e+01,2.124203633986702400e+01
2.876051822827152193e+01,-9.564191259189536609e+00,-1.998258595784767522e+01
-4.356014792487015619e+00,5.519136713240207825e+01,1.329393531489520086e+01
-5.609008199074067846e+01,-1.284751687707352019e+01,-9.753989182078743880e+00
4.374143187303341307e+01,4.085856336494873631e+01,-2.333789722137288858e-01
2.153797318484664380e+00,-2.473188913327101801e+01,-2.644640114261507691e+01
4.243868772499038045e+01,3.491580781759830643e+01,-8.751419569149710753e+00
7.069941245908909488e-01,-1.668156394973916079e+01,-1.760162287817414040e+01
-5.588556475919518363e+01,-1.564721556829040061e+01,-7.084177041362472949e+00
2.896282989544563335e+01,3.220068786510967840e+01,1.348350515526870685e+00
4.075494291633579280e+01,-3.372247129674634891e+01,1.307966387979360157e+01
-8.609627375199403687e+00,5.602466423864604650e+01,1.445768809362018459e+01
4.284182121812904143e+01,-1.073446081714673594e+00,2.225593516882415912e+01
3.116564625157092649e+01,1.976305575439130280e+01,-2.617596084887272312e+01
2.735035842654521687e+01,-1.203599761030809123e+00,3.524210859165907372e+00
3.470882261279591319e+01,2.353797208667615948e+01,1.976213577134882016e+01
1.126903289753862047e+01,-4.622899699522024264e+01,2.050251252543593239e+01
-1.546758036796750702e+01,-4.323417802196048854e+01,-5.236149214465021018e+00
8.865064640291818066e+00,-5.764973362374968957e+01,1.575734437665038890e+01
3.487634785487188793e+01,-7.745776970560059205e+00,-1.570084478215620649e+01
-3.849831204195451306e+01,-4.080501615090253864e+01,-1.202337516606674228e+01
-2.036517045258864300e+01,-5.058594488989192683e+01,-3.629190775662000323e+00
-3.706674313759464923e+01,1.845524679817960845e+01,8.663709287275251913e-01
-1.094415693032692261e+01,4.975660536482535434e+01,1.142827426238631539e+01
2.267778123186019101e+01,7.726668064602519870e+00,-1.734507644085774203e+01
-4.002067200083881460e+01,-2.573809771857940376e+01,-1.742090330174536206e+01
2.148278090893501613e+01,3.012506877203676225e+01,2.446905152558226249e+01
-1.079860345124731724e+00,2.566256569085572536e+01,3.283310531627111395e+00
-3.098372246500794702e+01,2.006286567661990716e+01,1.752398715042217958e+01
-4.165718658376422923e+01,1.593669185003439459e+01,1.964267874340330167e+01
-9.615239091519130810e+00,3.323440320535452486e+01,1.667633296706428458e+00
3.449940005262531884e+01,-2.661128387375200521e+00,-1.926445557006918108e+01
2.153530854435019037e+01,-2.949938117698067686e+01,1.534031687612948147e+01
2.990622205097246322e+01,3.190001043173241158e+01,-1.483011370266354767e+01
4.297481851498832128e+01,1.088154094637142855e+01,1.427270317629934127e+01
4.355982245514208984e+01,-3.128786820722034179e+01,1.345252251875786698e+01
3.798886064086534020e+01,-1.232590674826077404e+01,-1.664267389098665006e+01
-2.128098317078102397e+01,-3.085206590923468184e+01,-7.818443963356052961e+00
4.110865196882883765e+01,-2.400750797754834664e+01,2.202742567749680802e+01
-1.198324087045738473e+01,2.981033324611427560e+01,1.267026803589149075e+01
7.990303721389124370e+00,9.569196441303123635e+00,-2.305699438815953783e+01
5.503800254157765748e-01,-2.949556812190882482e+01,-2.227263745747492862e+01
1.135624910215841687e+01,5.496637144135119613e+00,-1.907204785424189453e+01
-4.048073219597000616e+01,1.706896005223986634e+01,1.743842498297546895e+00
-3.178951375220960074e+01,2.233117581579376676e+01,-8.346534190192017588e-01
4.922614730457072874e+00,-3.212123535579588918e+01,-6.732721176137823171e+00
-6.123154898196958840e+01,2.145294926686809323e+00,-1.584332164872542803e+00
-5.707865057198225678e+00,5.319822378736122204e+01,8.114675396332330592e+00
-6.868855936991741373e+01,8.509641595482676735e+00,1.549538455757592414e+00
-1.259517431933120379e+00,-5.089272489372820729e+01,6.499863038629278833e+00
4.013625102773584530e+01,6.969694120108774982e+00,-1.156688485093473950e+01
-2.215484639604990136e+01,-4.146301159390334590e+01,-6.426949760843001513e+00
-1.329873347059407784e+01,-1.484461764698873587e+01,-1.153013880835617933e+01
-1.979736441991334672e+01,-4.051737423465149845e+01,-7.035106335898944963e+00
-2.540355003549581880e+01,3.567031631123262514e+01,3.857336094929545656e+00
3.109119110935252550e+01,1.716764821885392678e+01,-3.475883245233472252e+01
4.379388767070496158e+01,3.014636701086631732e+01,-5.525614806604580487e+00
6.546936817825400823e+00,-5.523691317607497098e+01,8.541273664002655863e+00
-1.305104486818627230e+00,-6.074554204299124649e+01,1.061981176946588690e+01
-1.976540560391118362e+01,-2.836599289567298143e+01,-6.849316032897419859e+00
-5.795870062487644248e+01,-1.317671429738533462e+01,-1.257478719123340527e+00
-9.358362135441350205e+00,-2.009552175233248761e+01,-2.432888945406911319e+01
-5.610015625583631049e+01,1.315194888014095831e+01,-1.877285980112278485e-01
4.607324417331090416e+01,4.279661877438522311e+01,1.865119490819975745e+00
2.630537228120648408e+01,3.191449197702610974e+01,-3.281696823345116698e+00
2.832392844689392675e+00,-3.618599426869713653e+01,-8.804324546450864375e+00
-6.030965566231753883e+01,1.160198603633969583e+01,-4.031273237685894628e+00
-4.575350267513214675e+01,8.866141709714259633e+00,5.459880786658859453e-01
-2.450363055454209515e+01,-2.031851325276196718e+01,-2.155259507982249190e+01
1.288425934235789860e+01,5.496685444365404294e+00,-1.500663172901905895e+01
-2.834873376933497369e+01,1.308172242937954266e+01,2.736809934081261719e+00
-1.252611748521113455e+01,-1.944709661310580984e+01,-2.411973719558808327e+01
3.306435162936477989e-01,-5.931466066227350353e+01,1.076226701369399841e+01
5.110561893418712742e+01,3.159807092247163141e+01,-3.034517473995607784e+00
-5.684970580876473178e+01,1.529347357878421576e+01,-2.608016574581357716e+00
8.426347199150713507e+00,-5.419375656194532098e+01,7.108894554434724178e+00
-6.333315270387759988e+00,-2.944028019674317065e+01,-2.906623902488742672e+01
-3.851791139811424358e+01,2.127946106191451392e+01,2.815127533482362221e+00
3.865060641867096791e+01,-2.116181928164442994e+01,2.232148784903610661e+01
-2.266289753767218329e+01,-2.586840722872619125e+01,-1.083613186841829013e+01
-6.073490632654079491e+01,-5.771914881185733925e+00,-1.090707554433597348e+00
6.050200200751433499e+00,-4.594409138338752996e+01,2.382947001824042133e+01
5.344811684984098754e+00,1.210302939776306452e+01,-1.345180514669842253e+01
4.731760579046156323e+01,4.250916565232485311e+01,4.913543226943490883e-01
4.619113787634061197e+01,9.773727033468853520e+00,1.750641390916809215e+01
2.780391910871079730e+01,3.551375949529442266e+01,7.502643722969608575e+00
4.299224283064864949e+01,3.487616430803794998e+01,-6.235860883446911807e+00
6.359618882264497230e+00,-5.948909979524796654e+01,8.435155155269020710e+00
-3.268014648359358887e+01,2.076944998015880728e+01,-5.268291899810242374e-01
3.057986095159460760e+01,3.004634625923072377e+01,1.275117796416466653e+01
-2.351914945724158557e+01,-4.247347941597111287e+01,-2.063506031381175987e+01
-4.400977407749734738e+01,-1.785136288128709836e+01,-6.917790016742297432e+00
3.000138995660219976e+01,1.391043818536840782e+01,-3.123670915486925637e+01
-5.894789285648834465e+01,1.768676461361392338e+00,-8.787035235419853763e+00
-6.109017843617855448e+01,-2.608695992646041351e+00,-1.018501727369298315e+01
3.204795175176877819e+01,-7.706515190796276116e+00,2.285089959702834861e+01
2.086493714457452953e+01,2.865477234345546975e+01,-2.600041487403764062e+00
-5.738102832750242044e+01,1.559798074064154072e+01,8.735715488406979867e-01
4.384231388398377049e+01,3.249464076222652409e+01,-4.742351542375091711e+00
-7.736941479655615517e+00,-1.817910957336448519e+01,-2.937809966269187356e+01
-6.306616616052179580e+01,9.558734432613713139e+00,-1.108231698363878692e+00
-3.881257509810243533e+01,1.719568745775558227e+01,1.043493294345049005e+00
9.587222304307321252e+00,4.032024488521923899e+01,8.003588452753090721e+00
2.723985275655765648e+01,3.708544043844769877e+00,-2.801768535434968044e+01
-5.014619419651391041e+01,-1.145386215981566558e+01,8.998971497842841449e-01
-6.221242279346465409e+01,-9.049089070246963962e-01,-1.040914192337769606e+01
2.767130850444851120e+01,3.342256190146321870e+01,-1.712880623453215279e+01
-1.092477478798651624e+01,5.130934116832681724e+01,9.898579139032390728e+00
4.898761053641667473e+01,9.414829529371672834e+00,1.992486177329375963e+01
8.180620190744891218e+00,3.246201417579598569e+01,1.337414446280044800e+01
-6.188737331080078263e+01,7.271038803648981030e+00,-7.272901262055888161e+00
-1.349843569175374824e+01,-3.182439108530956773e+01,-4.139770728097141195e+00
-2.611119100286484596e+01,-2.788833984958973744e+01,-1.007386667746360764e+01
-1.127422501891416573e+01,-2.102011364892852008e+00,-1.298275970329738804e+01
5.407112770461353968e+00,-5.752164273405191608e+01,7.670371656416677730e+00
4.523137931836680536e+01,2.794737009450613385e+01,-3.217663440082010773e+00
-2.315695209880790273e+01,-2.998219634258294874e+01,-1.357380430855023334e+01
3.230295176195181739e+01,-1.866793098936224027e+00,-1.913744113052039353e+01
4.108621128284187307e+01,2.555827802537206139e+01,8.235910403292859172e+00
3.239172829144074228e+01,-2.571234884187708403e+01,2.373676602417165427e+01
-4.167441415386948478e+01,-3.788173562795805793e+01,-1.241801229585974298e+01
-9.220631934684488940e+00,5.157042444852714880e+01,8.239832295000283580e+00
2.581693869959335430e+01,1.162049564888244646e+01,5.713101683589592916e+00
2.433083893482150017e+01,2.988168941411789703e+01,-2.420617276274516527e+01
3.599546337519681316e+01,2.671691799378055521e+01,2.093866523606718033e+01
4.202981809327757645e+01,-4.791290192210277965e+00,2.562156274021893765e+01
3.230308147934181306e+01,9.924220613626353327e+00,-1.747920120963258483e+01
