-1.551793084761577290e+01,1.352832269350664696e+01,1.050257519479310631e+01
1.911564905825791305e+00,1.360637634068954860e+01,1.654278526718184139e+01
1.985293369289437138e+01,4.468082875644847185e+00,9.127119486683259453e+00
9.020301796994407706e-01,1.269154112454136829e+01,1.904023652308549686e+01
-3.407476231025538027e+01,-1.520030981972236184e+01,3.071166454562155579e+01
-3.465348525949141845e+01,-1.425829322795433107e+01,2.251862390816151560e+01
-3.257683616464386489e+01,-1.378593733891510809e+01,2.578094899922675509e+01
2.074905711702587752e+00,1.332904234496811036e+01,1.774034928245414378e+01
-6.684018639321184452e+00,2.952611191127201096e+01,6.375977268177096313e+00
-2.613659179031960988e+01,2.288588404265248855e+01,4.231526978193141275e+00
-4.488713652829245149e+01,5.893286110869552452e+00,-2.180086789456942142e+01
-4.252486286468608512e+01,8.039625290557049553e+00,-3.292988328167906764e-01
-2.302174597923612787e+00,2.434813446024431016e+01,-8.212081462050532465e+00
-1.185475337425562259e+01,1.446404726610315983e+01,1.251763023658520879e+01
1.564356631825136112e+01,1.866721736599176040e+01,8.390576770091785264e+00
-3.184163166172970705e+01,2.581916225730648407e+01,7.468070938181489815e+00
-4.575591171565782389e+01,5.371954834233009457e+00,-1.905266190048529751e+01
-1.530570686609543785e+01,1.325727392049393139e+01,9.991060765226601248e+00
-5.074332426286821907e+00,7.432291418929404259e+00,1.546160444998412409e+01
-4.289763275691019828e+01,1.102767098914637067e+01,-2.043504091939791323e+01
6.784285528741895632e+01,-1.948181042414870490e+01,-1.605428618828346998e+01
-4.194830993695403976e+01,1.774067726063610451e+01,-1.746102039614773460e+01
-3.311123639102764571e+01,2.270873425427961223e+01,7.400917429801614489e+00
5.967538208277681377e+01,-2.775209968662998605e+01,-4.998342607329838039e+00
-3.171493644162229231e+01,2.452639816846194165e+01,5.883572758591208540e+00
2.136182846573716887e+01,6.522932402767303905e+00,8.338488267947486321e+00
-4.261986962129153511e+01,1.232697191400211523e+01,-2.106257525877493819e+00
-4.301588531199186605e+01,1.112234638915430729e+01,-2.634205877349824920e+00
2.353312290246137195e+01,8.310637902332224769e+00,4.857893238987017526e+00
-1.466757367776990506e+01,1.513651929252466033e+01,9.862336927603246650e+00
-4.168901260097035077e+01,1.391093048028805335e+01,7.901377028723179929e-01
-4.215032552300123569e+01,1.301830435992018131e+01,-2.290099221081399461e-01
5.961820257323471139e+01,-2.855861143716171213e+01,-5.155472442321896054e+00
-4.763244570893273533e+01,1.991323650074311447e+00,-1.337133884073706014e+01
-4.866167603440593403e+00,-7.630250210676346789e+00,1.473905017387944660e+01
-4.262032901254985262e+01,1.456281336619105460e+01,5.866917255806193054e+00
-1.201702509344890402e+01,-8.126819608747586798e+00,1.415706966793551835e+01
3.477577416545428690e+01,-2.973529584380716528e+01,2.323189031040759023e+00
5.669768545588498654e+01,-3.944784546724120844e+01,-6.957026130484497806e+00
5.722654548850100298e+01,-3.841296918836348340e+01,-7.205319205093682733e+00
3.056781674074193234e+01,-2.921873535741463712e+01,6.818362994903868213e+00
-9.420855845033992537e+00,-2.368448372342732711e+01,2.198017095377530694e+01
3.174255811802571969e+01,-2.862735638431391649e+01,5.977632863980616662e+00
-1.485559998314954200e+01,-1.969962687608948926e+01,1.488599838078925153e+01
-1.135802480417972760e+01,-2.287933447369257678e+01,2.131517793138317884e+01
5.617570225552083940e+01,-4.105879198382900341e+01,-6.761391611527362677e+00
-4.842806901237117501e+01,-4.591521918470812258e-01,-1.319532847706088852e+01
-4.483115506121631455e+01,-1.192013904917815642e-01,-1.476550477321390709e+01
-8.751264971046236241e+00,-1.679657265231121954e+01,1.745264309774049494e+01
-9.458023652342426146e+00,-2.400428147447917482e+01,2.321617801460196162e+01
-4.297867874889821138e+01,1.314393050030875643e-01,-1.360336081733103697e+01
-2.173037959864380042e+01,-1.619194193201771625e+01,1.399879948173420985e+01
-3.080193248695508146e+01,-2.294595014314777615e+01,1.611583464020017331e+01
-4.758529960522500346e+01,-1.667335343164077388e+00,-1.235789783298364952e+01
-1.511782712244304427e+01,-9.519969619305179265e+00,1.383808934449486649e+01
-1.297110862092505634e+01,-1.090129736332100308e+01,1.547450183551125846e+01
-1.624521225102775901e+01,-1.112547329694291953e+01,1.452540920510219102e+01
5.009025616182845653e+01,-4.208593300612444921e+01,-1.898634761184393005e+00
-2.116033334220685802e+01,-1.833217224785586197e+01,1.418942370413394194e+01
-4.439582762997856236e+01,1.255345473987073524e+00,-1.554460542793751188e+01
5.272807854582968901e+01,-4.026197089175147426e+01,-4.391799357930704417e+00
-1.751672839679937965e+01,-6.403456754817727692e+00,9.818437511828186359e+00
3.402010027711566664e+01,-2.921248669750826110e+01,3.080122073516422088e+00
-4.521114827283187054e+01,-3.450385969866779146e+00,-1.297254943966396645e+01
-2.765489299542867840e+01,-1.823038163755542485e+01,1.963003669621732428e+01
5.470918522218624958e+01,-3.888054768980563836e+01,-5.893724650270334209e+00
-8.954224964882589788e+00,-1.237208282185683217e+01,1.533722169670042490e+01
-3.180482397916657789e+01,-2.185246775297100896e+01,2.242651773885991418e+01
-4.520273820186488223e+01,-5.308265895104584686e+00,-8.348398862441571922e+00
-3.212791811192535363e+01,-2.150532090698155230e+01,2.325439326216825719e+01
-1.609008416421111676e+01,-2.272830475308369103e+01,1.836897845861260947e+01
-6.111715625555279807e+00,-1.413516636228900047e+01,1.755905451894970426e+01
-7.832550375039500246e+00,-1.167797665691035114e+01,1.564716853664075558e+01
-1.863720895750568829e+01,-3.058102273791795866e+01,2.691982672230790286e+01
-4.701982220653296451e+01,-6.293445120031886830e+00,-8.514543004071065013e+00
5.542772477440153267e+01,-3.550226357828348256e+01,-1.023785151747434696e+01
3.372246340605357062e+01,-2.884989504969526308e+01,5.687338151120544971e+00
-1.448446577807448321e+01,-7.564694798984556101e+00,1.334307822210324090e+01
-1.379917255123529252e+01,-8.379210785154549868e+00,1.387754219415895207e+01
-1.076154514412495544e+01,-1.625594282411898917e+01,1.540485183639101230e+01
-2.944424193706002058e+01,-3.063599884323460998e+01,1.031789510852775393e+01
5.701097766015441692e+01,-3.651132457385215702e+01,-6.380273685017434637e+00
-2.960497760972906534e+01,-3.030510095163379347e+01,1.142242047363075663e+01
-2.370030050133448896e+01,-2.627665555051833124e+01,2.532782303020252712e+01
-2.403728701000353496e+01,-2.484115021263874112e+01,2.458025325487509960e+01
-4.514044931595438470e+01,-2.177487032404803902e+00,-1.164538982279812629e+01
5.367313880632499234e+01,-3.903110255553431074e+01,-6.437337820842789604e+00
5.617017385993985101e+01,-3.861597789212286358e+01,-5.100001560061244277e+00
1.362033047010803521e+01,1.022118486273559412e+01,8.645761765702797419e+00
-2.950196242619565368e+01,-3.208347995014415233e+01,1.047009477345810602e+01
-2.930830952467242057e+01,-3.405060559328789083e+01,9.449863752786843207e+00
-4.855170168231266103e+01,-8.301083629742546321e+00,-8.027178305214720311e+00
4.279256107185670288e+01,-3.342801193251725067e+01,3.024579724405981329e-01
4.451254642905537651e+01,-3.576009767653155791e+01,3.333284504844751805e-01
5.189421670491439187e+01,-4.144371442611565470e+01,-4.097606394453915613e+00
-2.484502669000397290e+01,-2.272119857803529897e+01,1.724040449564107647e+01
-7.796592229341087865e+00,1.908817891008275325e+01,7.772631509450595111e+00
3.155435422039228044e+01,-2.818573901773634915e+01,3.755334741707347490e+00
-1.440224672124105609e+01,-2.077854371019551394e+01,1.685862831876183421e+01
-1.619061785662819730e+01,-2.230351873272458363e+01,1.610806180989779079e+01
-1.737493619015153712e+01,-1.267860882871323902e+01,1.377482879074209521e+01
-1.356568296535901119e+01,-2.204929169304823589e+01,2.200215010191111986e+01
5.857117864404697372e+01,-2.746681748781383448e+01,-1.180153233121139777e+01
-3.535656367864223171e+01,-1.873751652570877724e+01,2.369542015628213250e+01
-3.462516677753071548e+01,-1.792887259634594344e+01,2.394309803513737833e+01
-1.876613267491881132e+01,-7.606815746783208709e+00,8.717767996620610305e+00
5.248240887330992877e+01,-3.181113396276342442e+01,1.621285084972339474e+00
-3.237713088585882559e+01,-1.621175024394382547e+01,2.873467566010872432e+01
-4.829175308704967762e+01,-6.589984370736329922e+00,-9.572591385822985188e+00
-4.579337535531128367e+01,-4.607247448006885904e+00,-1.370103703834936226e+01
5.113383064840684966e+01,-3.404530566230842936e+01,1.420609725098927745e-01
-1.158098134802651558e+01,-1.700090733449078684e+01,1.527074173039558502e+01
-3.291048592498396630e+01,-2.148182093017747363e+01,2.680923897997110217e+01
-3.249529107872443490e+01,-2.055340614144526867e+01,2.735955316026158002e+01
-3.421471433167810261e+01,-2.032053040759930695e+01,2.764715917377396082e+01
-3.473711069306077803e+01,-2.038786492829927965e+01,2.655987261570415470e+01
-1.931868746563093708e+01,-2.654353927280560299e+01,2.203112488633529509e+01
-2.291659901818458422e+01,-2.787333450640620214e+01,1.712141272298364214e+01
-2.502170060355117442e+01,-2.253432434144178842e+01,2.097847581659084071e+01
-2.528466371235646193e+01,-2.170773797557148654e+01,2.089531762793529523e+01
5.400772854221222019e+01,-4.370579024871374685e+01,-6.615140876028480221e+00
-2.786992225730333317e+01,-2.077576147674666274e+01,1.592369473038120553e+01
-1.744901281145851968e+01,-2.239171175661259028e+01,1.253707365504398119e+01
-2.820054639019501153e+01,-3.072697208417881143e+01,1.050763822992140106e+01
-2.917598770885573245e+01,-1.713655771974536179e+01,2.051564960216014910e+01
4.535356729226727168e+01,-4.087827279104998723e+01,-1.530551734548467380e+00
-2.232947268906437799e+01,-2.025411915656373907e+01,1.453675406096951939e+01
-1.320652105654945352e+01,-2.237917520943530292e+01,2.078765736757426197e+01
5.567760277881436082e+01,-3.539536421579293801e+01,-9.116622581683230919e+00
4.735215086035407950e+01,-4.703511511146902535e+01,-1.616067597240584908e+00
-3.223795453151606694e+01,-1.531783873441067989e+01,2.821926190060314354e+01
4.464925189217052548e+01,-4.678664581310413695e+01,-1.009840181521313829e+00
5.574747213779718180e+01,-3.715555778566643852e+01,-8.907007138945937541e+00
-2.437031084976571194e+01,-2.313328212464245226e+01,1.898012473957716395e+01
5.530106658653769358e+01,-4.220805820719762380e+01,-7.094276583128420910e+00
6.032016466650596698e+01,-2.739654728427525754e+01,-1.230027769639367463e+01
-4.489865403517938347e+01,7.843468282820955650e+00,-1.720913952667349633e+01
-1.667935633876214041e+01,-1.195468050065460019e+01,1.673939034240001433e+01
5.866235872111722927e+01,-3.795690505650284763e+01,-6.234073798222811824e+00
-4.890823360413653376e+01,-3.557463217341862993e+00,-1.154488113706210406e+01
4.603000499105742449e+01,-3.617221833025882205e+01,-1.160626043267445756e-01
-4.513975534890204955e+01,-6.387269126664582686e+00,-8.040121683517073237e+00
4.771441210339948213e+01,-3.809953634839751402e+01,-2.623287329825162439e-01
-4.562595188124317502e+01,-4.300856118513419091e+00,-9.549728572459185827e+00
-2.502838771306483423e+01,-2.118468558436644145e+01,1.612459327533671782e+01
-2.511661035200316050e+01,-2.183723596702781222e+01,1.443641166691507927e+01
-2.633215443056768379e+01,-2.045596871305377462e+01,1.736634935868072915e+01
-2.655408291550138244e+01,-1.921033325407071857e+01,1.834204322692046318e+01
-2.712574857392987226e+01,-3.368173635809279176e+01,1.115817055873974617e+01
-2.737105367210352469e+01,-3.397593136944735193e+01,1.194163515014021826e+01
-1.231603827728969414e+01,-2.604169190632368824e+01,2.330231290776151098e+01
-1.465925138878693090e+01,-2.201106342798298243e+01,1.782220412975516410e+01
5.037946414453642774e+01,-4.055628190483903950e+01,-1.125337531286663806e+00
4.813959496355036549e+01,-4.053752638615976167e+01,-1.281505596260825275e+00
-1.777198093450636307e+01,-2.911011814649080520e+01,2.514211004201739641e+01
3.240729118993338176e+01,-2.903574993032748708e+01,6.913652536989838282e+00
4.139096721634713560e+01,-3.714066094021541176e+01,9.820799644562689945e-01
5.053045014441069327e+01,-4.004359779892870819e+01,-2.792669013827580926e+00
5.109508400955341045e+01,-4.003490897389006165e+01,-1.953879999173576243e+00
-2.430808509306556431e+01,-2.020709000174675651e+01,1.432114206996749139e+01
-2.868220495326170649e+01,-2.745539606478165950e+01,2.574988785675457237e+01
-4.329647631662599139e+01,9.100664227806049666e+00,-2.833207127621927945e+00
-3.366290710371529826e+01,-1.852222836372904524e+01,2.888220353328970802e+01
5.039112693999913262e+01,-3.196346201838628431e+01,1.594068476697988457e-01
5.150776638033795507e+01,-3.217539965973443827e+01,-7.602522387811299076e-01
-2.964452456878852615e+01,-2.475193132720151468e+01,1.132654191253681120e+01
-2.845318141754698971e+01,-2.365615824223387165e+01,1.283347947609797757e+01
-4.434489866605699149e+01,4.869375118679079684e+00,-1.961920602923477119e+01
5.156159101550885993e+01,-3.207157150313632599e+01,2.267801440561331372e+00
-2.868617913677373821e+01,-2.882172522207884668e+01,2.609926025062875965e+01
-2.380551525831808490e+01,-2.453253071915655070e+01,1.917016172785351102e+01
5.100313669987304621e+01,-4.510771935546365086e+01,-5.107415057832149330e+00
-2.304268646376371166e+01,-2.263953112810101587e+01,1.348684680496104704e+01
-2.322760945610500372e+01,-2.887889054694704782e+01,2.646228722973224023e+01
-2.129661824248475455e+01,-2.767556647107942425e+01,2.562295336052553552e+01
-2.105880669782716907e+01,-2.612961593281919903e+01,2.305817667312469865e+01
-4.836624220924988116e+00,-1.458175373577120482e+01,1.732654729411579808e+01
4.543357833146529146e+01,-4.783446263104348617e+01,3.362829551075924295e-02
-2.770566388747999298e+01,-3.164725381116790359e+01,1.217870504274950605e+01
-2.536454258038571297e+01,-2.305804218246194282e+01,1.374681988018565626e+01
4.514263263433127804e+01,-4.827652978154439012e+01,-2.208090385901985808e+00
4.380604982843848916e+01,-4.815160836161663838e+01,-1.808303661421659658e+00
-8.181972627385144747e+00,3.748006765580000899e-01,1.559252429310255295e+01
4.800536637855321942e+01,-4.327725665312580361e+01,-3.568951711533359106e+00
-4.864371221333060902e+01,-4.990798914660572905e+00,-1.214906182386585343e+01
4.666209518447342930e+01,-4.328475742381538538e+01,-2.904337863546583520e+00
4.707973230030174250e+01,-4.467342267721910787e+01,-3.304056205997367712e+00
-2.560673329974289558e+01,-2.948230017314142870e+01,1.368599513935490641e+01
-3.019442338776346446e+01,-3.523687473092772393e+01,1.028327202579873223e+01
-7.280035776055926000e+00,-1.373313711655935165e+01,1.644155255330784726e+01
5.336290127720935317e+01,-3.815787750038953874e+01,-8.406217780089400904e+00
5.207451890477668144e+01,-4.110486757864999419e+01,-6.226630618405875062e+00
-4.837687286762580641e+01,-4.141629269459013329e+00,-1.402789734643680397e+01
5.170673541357549396e+01,-3.303585706801744237e+01,9.287120771412423759e-01
5.657844032777884991e+01,-3.406156194802407100e+01,-5.211659822467117564e+00
-2.448245547975860248e+01,-2.278852361699271256e+01,1.544275470560057428e+01
-1.633540971330609182e+01,-2.170658484343928762e+01,1.535446183491377781e+01
-2.883893564656239406e+01,-2.612425605926053507e+01,2.559774925008963820e+01
-4.285845590018797679e+01,8.322048707291664016e+00,-1.372590273846195696e+00
3.851475676496973222e+01,-3.618726597138820722e+01,1.961789904027809284e+00
-1.475084795191697573e+01,-2.857456093810510112e+01,2.404154481799353960e+01
5.712076683854894554e+01,-3.548795218572811905e+01,-5.137552250318398350e+00
4.413232203605144122e+01,-3.323117913175669713e+01,5.395101037209547590e-01
-1.593798270806254713e+01,-5.811112727919913112e+01,-4.507713830090361995e+01
3.813558994862831497e+01,-3.556386395436103953e+01,2.119811711085282546e+00
-1.623485816884015165e+01,-2.930951432538514112e+01,2.436257120238938967e+01
5.205955460475993135e+01,-3.958278414097754450e+01,-1.000386791199531622e+01
4.054631609016802685e+01,-5.085252974035118712e+01,-1.770246230176136493e+01
4.120539442459914170e+01,-5.045551782621367209e+01,-1.730189294152614821e+01
-2.019957804890092135e+01,-5.177018039791607862e+01,-4.345314226571139926e+01
4.711956937969316783e+01,-4.717842257923136629e+01,-3.995651089009854412e-03
-2.101690551592702150e+01,-2.466099232399455232e+01,1.344450544257296798e+01
-4.115292357468733897e+00,7.041916125913820323e+00,1.069569828484926610e+01
-3.913662978860011687e+00,4.213652277083996367e+00,1.492910925745524153e+01
-1.783732480622736460e+01,-5.955114216520487247e+01,-4.604585393620266842e+01
-2.735162145230110298e+01,-2.285533367367806790e+01,1.091498044755572039e+01
-4.309467210884078980e+01,9.335270919155860270e+00,-1.832178418090048666e+01
-3.994834276922773597e+01,1.561763895039762495e+01,3.126670837168562311e+00
-3.246761925199881915e+01,-1.408340191208087333e+01,2.344688850540484992e+01
-6.000422720249904529e+00,-6.087919097844550542e+00,1.538429062703525929e+01
-5.448878204991328467e+00,-8.526049461990735878e+00,1.586532069684334267e+01
-3.223998560581860318e+01,1.954618463166690034e+01,1.039441397436393189e+01
-4.104905656586672080e+01,1.789660264844400217e+01,-1.937218037400858606e+01
6.071054802078410972e+01,-3.006517280638243150e+01,-8.890144810535010933e+00
-4.232649763432181800e+01,7.970163255056040619e+00,-1.767911686869640420e+01
-3.917196993722529186e+01,1.675171856555913763e+01,4.196420117060637445e+00
-5.178734518480181848e+00,1.046571100531232545e+01,8.988263535167966722e+00
-3.261424470424088184e+01,2.353531045190145576e+01,5.337088910841708334e+00
-1.791508284431568043e+01,-5.611046258083381133e+01,-5.370571202595463944e+01
-2.349712920376746439e+01,-5.070711919341353280e+01,-4.542540999826251635e+01
3.781077948181484771e+01,-3.732063936040496799e+01,2.314190685367131461e+00
-2.151469923239704585e+01,-2.530901995898888046e+01,1.337788074706296726e+01
-1.769995439028505402e+01,-1.181460279360055665e+01,1.413192360683989257e+01
-5.594944357152398240e+00,-7.979171583352528074e+00,1.734579411411446870e+01
-4.229514126345979896e+00,-7.423234628899698428e+00,1.814238325715134792e+01
-2.986463877514220400e+01,2.161462489913838780e+01,7.284184092207429018e+00
-3.153661953989276157e+01,2.349058449160978412e+01,7.850112169241227456e+00
-4.365329838780874638e+01,3.996058826148602972e+00,-1.694638820541049284e+01
-4.548321289009975743e+01,6.146794224122855255e+00,-1.676936619773730897e+01
-3.229393445151959696e+01,2.116205443208631465e+01,1.033068944241354004e+01
-1.279501697711413311e+00,2.952872221612642889e+01,-9.078745741250170198e+00
-1.912389244706196578e+01,-5.773715511916127952e+01,-5.298346799392349737e+01
-1.309353338497945707e+01,-2.846312675024623573e+01,2.347506461728994154e+01
1.363753209887487827e+01,1.227171269227824979e+01,8.738927980208362811e+00
4.668225941675818547e+01,-4.875614842471501476e+01,-5.240133140330740513e-01
-2.195562281061002352e+01,-2.652171137567812664e+01,1.723128910972402039e+01
-1.245039672471651038e+01,4.364077797335220943e+00,1.713305903740106118e+01
-5.603819705442015575e+00,-7.703867680165217280e-01,1.534472523586358150e+01
-3.192652514108134909e+01,2.435684525211448559e+01,8.923519636868933347e+00
-1.433481656982472430e+01,-6.067396577227226828e+01,-4.486262084999079036e+01
-1.921679897568963824e+01,-2.669288187440805871e+01,2.388634486076263741e+01
4.499636737467887571e+01,-4.953280938022082580e+01,-7.734040742676192570e-01
6.030347335167837031e+01,-2.922942526038572453e+01,-7.674696978771019751e+00
-4.247603603007154760e+01,3.876029731268754830e+00,-1.633672184231130586e+01
-4.924723122424864208e+00,1.195969272128591676e+01,8.338521082071828516e+00
-4.429760605291846787e+00,1.334065754585726715e+01,7.626807909611237335e+00
-3.110381700067677002e+01,2.633155980041266986e+01,8.270173913100533625e+00
-1.899496939963548314e+01,-5.514056904220227295e+01,-5.538838738250468197e+01
7.487001976780254608e+01,-1.273909698474096430e+01,-2.135254299957361468e+01
-1.228756631280947431e+01,3.487601185482842592e+00,1.897164625308846553e+01
-1.249167948919344440e+01,3.599147944060552717e+00,1.763459098521945378e+01
6.044086110250218979e+01,-2.813141151771428383e+01,-9.992196715501219018e+00
5.919182054345516519e+01,-3.248321374126060590e+01,-8.777786817610332193e+00
6.652394772438731252e+01,-2.523880269097332629e+01,-1.205470200512511347e+01
5.847672204148537389e+01,-3.474688206501819110e+01,-6.784624590401220345e+00
-1.325767126033008481e+01,-6.349872215430116995e+01,-4.754791504258234625e+01
-2.225320932464678592e+01,-5.095674301366575776e+01,-4.656556139636710157e+01
-1.653733915676696853e+01,-5.773966158106878055e+01,-5.542524640888211707e+01
-1.765497836320011871e+01,-3.053952008663591755e+01,1.901911849345108507e+01
-1.710932766145664985e+01,-3.003716367271366039e+01,1.911794252563459651e+01
5.171201425512788319e+01,-4.533052244453416790e+01,-6.745106767286529248e+00
3.230326254916900552e+01,-2.750410984456589603e+01,3.248867197434069709e+00
3.174846723670288995e+01,-2.706844676848068687e+01,4.164890243304251172e+00
-1.985137709079721802e+01,-5.294658166420737189e+01,-3.943193037215507246e+01
-1.778983994369926336e+01,-5.701717744899224272e+01,-5.487848444801905856e+01
-1.782000958966071735e+01,-5.776786255226328137e+01,-5.009960393783441646e+01
-1.676322629109886719e+01,-5.945094888826532298e+01,-5.133699585178323588e+01
4.153758121409632054e+01,-5.257043734425094073e+01,-1.954011114023222007e+01
-4.628536769939217521e+01,-3.793490051455059131e+00,-1.605404596735332134e+01
-4.636279656483143441e+01,-4.816325999338058494e+00,-1.542078353204611041e+01
5.934026501256316521e+01,-2.626541734734615119e+01,-1.115432991916503092e+01
-4.548858456874721412e+01,2.167225305284563142e+00,-1.697976986689690904e+01
4.658335710829478415e+01,-3.437752350620147013e+01,-3.260424903159600540e-02
-1.933258218523463867e+01,-5.356599238914100880e+01,-4.003141991754100104e+01
-1.993486590861788699e+01,-5.277508356129014544e+01,-4.038568377752454808e+01
4.131320866778354883e+01,-5.181788058005289344e+01,-1.504532074132445096e+01
-1.774527322612393476e+01,-5.823402095342345319e+01,-5.095621650071231556e+01
-2.845416100923087654e+01,-4.765129388418669976e+01,1.053855933383503363e+01
4.884113341569235445e+01,-4.344905594722064279e+01,-7.286135176092544796e+00
-3.448023281933657103e+01,-1.599340431596089651e+01,2.279204571470831198e+01
-2.297843106947544456e+00,3.533930673164891179e+00,1.533187595140523385e+01
-2.907454119827761829e+01,-4.709806100648371796e+01,1.066159479904957053e+01
4.884860873480296561e+01,-4.454871181929615886e+01,-6.474573393838035429e+00
-1.271380227455376044e+01,6.564743262397429113e+00,1.481731449290941782e+01
-3.352885835734436881e+01,-1.896127271990207319e+01,2.635214414320498122e+01
-3.366072410530344428e+01,-1.612326906619172462e+01,2.365062911609310348e+01
-2.393884555909409961e+00,4.867420563656221333e+00,1.483542363890996363e+01
-7.974366935128779588e+00,-6.379392417099557377e+01,-4.833012005441659653e+01
-5.903465110381581837e+00,-3.307128194519575004e+01,2.956926042523020470e+01
-1.923004898113357797e+01,-2.602827237406441441e+01,1.819222424601528942e+01
-4.316524486371181268e+01,6.398820197462318227e+00,-1.700969286415903170e+01
5.794655057173222445e+01,-2.517778237129471108e+01,-1.007023319400237682e+01
-5.890731749350822888e+00,-3.307211566693375460e+01,2.957689076606891732e+01
-1.844157939782680700e+01,-2.549246540541837902e+01,1.852611178697364736e+01
1.075806974629015933e+01,3.412679782359121106e+01,-1.254552387821743231e+01
-1.739977112930818848e+01,-5.657779377178016489e+01,-3.639994471927440145e+01
-1.098951150231651042e+01,-6.244229976376958291e+01,-4.974069369620824688e+01
4.138381651935593908e+01,-5.333100339701856996e+01,-1.856961409451524503e+01
-1.783037216076092335e+01,-6.086260698062329055e+01,-4.696628011741697151e+01
-1.603750068763448411e+01,-5.699777823952486955e+01,-5.462681360049764834e+01
-1.961613272521197260e+01,-3.159079106992695074e+01,1.730474503534613362e+01
-1.833758083473418310e+01,-5.244955001790988547e+01,-4.478245062609337168e+01
-1.539592282023725112e+01,-5.886043131195307154e+01,-5.472446689315441404e+01
4.232995018772337659e+01,-5.087453364593653760e+01,-2.022090281394834221e+01
-5.038503441219272361e+01,-7.510581723222596651e+00,-1.043822389953857588e+01
-1.239405931542930617e+01,5.723724257636664703e+00,1.343098385200348055e+01
-1.789212951909149396e+01,-5.597412245484572679e+01,-3.631205664510370212e+01
-8.815901653540688443e+00,-6.386264278916662107e+01,-4.835239641505125974e+01
4.272289584593058009e+01,-5.311030761806795653e+01,-1.919944481134466940e+01
-2.668576784613041042e+01,-4.997699951828916909e+01,1.348083065933909808e+01
4.635325256194907695e+01,-4.596036580248877357e+01,-4.941884470957766062e+00
-5.047815218741330057e+01,-7.878420667011829082e+00,-1.151789372902998032e+01
-2.270190291085607370e+01,-2.711174203989779130e+01,1.145229744050965515e+01
-3.109182746114455753e+01,2.072796683002406226e+01,6.834540726708977942e+00
-3.294694179533958334e+01,-1.362239124573358673e+01,2.242330113736502994e+01
-2.631921034768593159e+01,-4.859308273211970430e+01,1.265880548041458020e+01
-2.609353493763151377e+01,-4.706046845342643081e+01,1.334369821659380584e+01
-2.546776149026512925e+01,-4.836201210449419818e+01,1.602315426684697997e+01
-2.465169392881895405e+01,-4.716178247497370535e+01,1.479091929442534870e+01
-2.615663586233612392e+01,-4.692068657449162572e+01,1.546058658122617580e+01
-2.705219389558160614e+01,-4.836439962615143173e+01,1.484349514075572785e+01
-2.113796607721053888e+01,-3.180276474503692086e+01,1.624607383039039377e+01
4.639766996035849900e+01,-4.484510485483087905e+01,-6.166989473754397544e+00
-2.716895085484683747e+01,2.236011251873735617e+01,3.098549191079947640e+00
5.839881599866398432e+01,-3.320732131203054394e+01,-6.529372487306031481e+00
-3.640435024412381182e+01,-2.319434445607671691e+01,2.526824549694496369e+01
-3.529375905149338166e+01,-2.286996486934188155e+01,2.552326483561826009e+01
-1.416705105898721051e+01,-5.167059542474495970e+01,-4.844343419640085813e+01
-2.801106069354726813e+01,-4.773994916748421247e+01,1.252320539860355275e+01
-2.328722774905495996e+01,-4.727178081655421238e+01,1.700097522871007527e+01
-2.478264524404506375e+01,-4.502719271026880676e+01,1.775329467749430634e+01
-2.365741797102120714e+01,-4.544257468475166917e+01,1.691873876701860269e+01
-2.583858152318814660e+01,-4.644487784600201508e+01,1.738549380740441563e+01
-2.522501206804993856e+01,-4.882029932348272894e+01,1.436867285238671954e+01
-2.518448250442976644e+01,-4.393425763275165963e+01,1.612622663953940005e+01
-2.501419061440707381e+01,-4.287889404162115170e+01,1.758711361963103670e+01
-2.453562569319631237e+01,-4.715781697868089140e+01,1.780746891668306731e+01
-2.478371016949664707e+01,-4.552637784928761278e+01,1.561519436113696280e+01
4.635529868030491940e+01,-4.615162758969245260e+01,-1.016302241082756019e+00
3.233843481913537943e+01,-2.622884624455151936e+01,5.389614470538450774e+00
5.905539604938967813e+01,-3.550835944292548874e+01,-8.163104351942015668e+00
-4.426513314785254494e+01,2.065950142912257981e+00,-1.743389810741095047e+01
-1.650371306194736221e+01,-5.749751846866201888e+00,1.333843652229714394e+01
-2.364205349081261076e+01,-4.412224660844486124e+01,1.778103130717653357e+01
-1.414626981313262633e+01,-2.294132124027269626e+01,2.200462223116435467e+01
-1.514275030608281014e+01,-5.848179786250778278e+01,-4.152593326437856547e+01
-2.433080576457275512e+01,-4.173584162208808124e+01,1.601417467921355353e+01
-1.482562949694270493e+01,-1.537765142750458125e+01,3.545541875726028280e+01
-1.978614279169766021e+01,-2.936005028828922647e+01,2.556270726991100162e+01
-4.587787575216449909e+01,3.450529909218817970e-01,-1.369385089065934835e+01
-2.126166891901174694e+01,-1.517452560796945704e+01,1.433758301708488503e+01
-1.431880385275223944e+01,-5.947601245545777005e+01,-5.042928790941694217e+01
-6.768641705019057042e+00,-1.047224548288663648e+01,2.417229737521997279e+01
-2.246794433852785033e+01,-3.144870837448537415e+01,1.555989177008476076e+01
-2.231544276752648059e+01,-2.365656242708691082e+01,1.164975352840313327e+01
-4.877719265520080683e+01,-5.822958230119092526e+00,-8.051284496328115381e+00
-2.778120340289171253e+01,-2.703243913760755035e+01,2.612963924383395664e+01
-5.585897039453512569e+00,2.969469884642550017e+00,1.084120539567285135e+01
-1.254678898286031519e+01,-1.483817952136063134e+01,2.988245686239446997e+01
-1.264586126596848636e+01,-1.579571590175946483e+01,3.011646587299522437e+01
-1.730908335606379111e+01,-7.187791930547371422e+00,1.316008930376182384e+01
-3.117268784892104705e+01,-2.242148480888231532e+01,2.749913864444214795e+01
-1.805345906673032985e+01,-7.640276083267442786e+00,1.324740086737034339e+01
-1.486247685016236630e+01,-1.443149226678737129e+01,3.500211533151072274e+01
-1.418763438815520850e+01,-1.520640687958700354e+01,3.346582748666769191e+01
-1.500730752531343448e+01,-1.419518906131521874e+01,3.588672545718380036e+01
-1.394905006223832089e+01,-1.546608409139685314e+01,3.286437852928986558e+01
-1.153289242060384723e+01,-6.251226234225453737e+01,-4.789505613292967467e+01
-1.281356614813615735e+01,-6.188134028466954817e+01,-4.814874715669746053e+01
4.199940596024654837e+01,-5.159568353166503130e+01,-1.907957430428857037e+01
-1.612385766757434880e+01,-5.359673508020787125e+01,-4.630809359179415452e+01
-1.491949991459106428e+01,-5.297873894778977899e+01,-4.664585590264331216e+01
-1.244304347932709653e+01,-6.124160006407954882e+01,-5.010924856657138093e+01
-1.172038283112021695e+01,-5.950372979111238436e+01,-5.023566501424199515e+01
-1.406561190877910938e+01,-5.758893983405028649e+01,-4.953001943587305789e+01
-1.451138081042395633e+01,-5.743037429267897664e+01,-4.596672228000095117e+01
-1.070926477368243646e+01,-5.696535333611133467e+01,-4.572583237628413144e+01
-1.609703975037195534e+01,-5.221845257143831276e+01,-4.671113155518087012e+01
-1.207285496763117472e+01,-5.909004490718060509e+01,-5.200881312486171737e+01
-1.313441878017589914e+01,-5.972937187272518855e+01,-4.848897164757595135e+01
-1.291800367034493568e+01,-6.030380465843023785e+01,-5.155679574637535723e+01
-8.045727317056211803e+00,-1.092280588676396924e+01,2.549546219657740309e+01
-8.439299079997399033e+00,-6.592073947943350554e+00,2.569515968527962002e+01
-1.296360383117817960e+01,-5.795454026568127404e+01,-5.144926531252475144e+01
-4.833542740430647910e+00,8.102735864297642365e+01,1.094931233505718282e+01
-1.412432175527959721e+01,-5.797610767808334487e+01,-5.226093861247434091e+01
-1.400853933188355960e+01,-1.167607149213709050e+01,2.470449891328772907e+01
-6.068182655906708689e+00,8.005581854930650820e+01,9.776485557032961182e+00
-5.082489076271999195e+00,7.949827571048069785e+01,9.702418910266137786e+00
-1.089102884194162435e+01,-1.003190265947594639e+01,2.619257085541790531e+01
-4.237605460866556228e+01,-2.960683962624149235e+00,-1.702581606258106106e+01
-1.048936400356208942e+01,-6.799334792305170794e+00,2.541586203530584953e+01
-1.386910242135938987e+01,-5.651379413712047040e+01,-5.143955686332228794e+01
-6.600948384644695466e+00,-4.447401312680268504e+00,2.730062361851356556e+01
-1.127477123178957719e+01,-8.566705975013283236e+00,2.562886951402428082e+01
-6.369271362300155559e+00,-5.282300769784283645e+00,2.735889614782954027e+01
-9.076028263094304549e+00,-1.023972556528393163e+01,2.644177804268737830e+01
-1.034562156283738332e+01,-9.269212537610936664e+00,2.564534834462077839e+01
-4.433574352672122387e+01,-3.559343640566968059e+00,-1.672821821107335793e+01
-4.327788444599452333e+01,-1.710059470153286520e+00,-1.376143493155530173e+01
5.957103322421798453e+01,-3.764153434281992361e+01,-9.599403289025687513e+00
-1.524406724395699797e+01,-1.226603980989734133e+01,2.376144440415866299e+01
-1.469841564834312742e+01,-1.130146971247845222e+01,2.392920411592008634e+01
-2.080592593857564054e+01,-5.152662090778159865e+01,-4.377712194571887494e+01
4.209522754113439191e+01,-5.266963001365412111e+01,-1.734872711688399605e+01
-2.854136081544843861e+01,-2.336508664290112591e+01,1.143000261458003841e+01
4.738485935047372521e+01,-4.292239666897960149e+01,-7.757436309561267784e-02
-4.939078138539246510e+01,-5.143715074925715669e+00,-1.048578907950626871e+01
-1.390057006989567867e+01,-5.900911456318876702e+01,-4.319793379824402280e+01
-3.106267070249482742e+01,-3.047223811446994546e+01,1.226101244532382673e+01
-2.471007893407263722e+01,-2.382539828871290766e+01,2.380260348626349298e+01
-1.676090646015401475e+01,-5.686858165342798088e+01,-4.149374219240747408e+01
-1.534567980627589989e+01,-5.775792264797833298e+01,-4.317540831339100293e+01
-1.573206205693530890e+01,-5.898022475510545348e+01,-4.343102747051882062e+01
4.290821622527393231e+01,-3.660126957866784636e+01,1.079037709743698309e-01
-1.210600178799266224e+01,-5.856093161322980478e+01,-4.485914540919045379e+01
-1.206651545105665058e+01,-6.202950619020533907e+01,-4.629969460317786911e+01
-1.276073010262699725e+01,-5.965520787999724917e+01,-4.714977773553041374e+01
-1.565440407947471968e+01,-5.609385120285001847e+01,-4.527667311821046781e+01
-1.611719805865020660e+01,-2.496455254684590841e+01,2.466923996164746669e+01
-1.319933722853691194e+01,-2.603319989016532077e+01,2.456553085667188085e+01
-1.379578099254596069e+01,-2.491168231325593041e+01,2.486396912619154165e+01
-9.964542623623881212e+00,-6.120998157775972004e+01,-4.833715119788556791e+01
-7.966856386518049504e+00,-1.305247368787770235e+01,2.602493253221878788e+01
4.102819977143158070e+01,-3.296084372537284679e+01,1.275192306233683126e-01
4.052959924875813158e+01,-3.335966390067141418e+01,-2.814045701831375049e-02
-6.215513232059512561e+00,-7.002075176030777115e+00,2.578081949174569232e+01
5.434549394919719134e+01,-4.335038777761268847e+01,-8.155731085302910799e+00
-4.355972198318034572e+01,-2.972141421606671496e+00,-1.621489507916107797e+01
5.483067500338736977e+01,-4.257631788231347514e+01,-9.137993752609292031e+00
-1.617688503511862308e+01,-5.322031086859683313e+01,-4.814924988381682880e+01
4.116733705469895455e+01,-5.198710898942601943e+01,-1.683179195156866470e+01
-1.310269771026760033e+01,-3.037463078728133148e-01,2.152013806368296400e+01
4.464662728673531689e+01,-3.953581103292560073e+01,-1.092119515661641227e+00
-3.122887731437111469e+01,-2.938902896920798824e+01,1.153901837313815193e+01
-2.638678260774456064e+01,-2.141845899643638518e+01,9.340256015240417042e+00
-1.505474139105704445e+01,-5.377399502518374419e+01,-4.811526280709601622e+01
-2.592712797917518941e+01,-2.343363701505133179e+01,9.609082527427856846e+00
8.253187056015717005e+00,2.614423791316404788e+01,7.940791179756827578e-01
3.033555240470917980e+01,1.102592676575272002e+01,3.419895402339071744e+00
-2.088074242226702903e+00,4.793872598373038585e+01,-1.123355666654745910e+01
1.717738138803333703e+00,3.804315792567334853e+01,-1.085177370961925547e+01
2.566150448289191477e+00,2.932166616011975080e+01,2.005088612191458619e+00
-4.898509986005929129e+00,4.150456860907436862e+01,1.759182097487868690e+00
-1.254606003573790263e+00,1.898208236600934384e+01,1.391105810294486922e+01
6.943047027894300527e+01,-1.868659568201748300e+01,-1.153919741323091941e+01
1.300589369517303195e+00,3.716790086946591032e+01,-1.069918556159275447e+01
2.257661989505374223e+00,4.460546439679448127e+01,-1.220827754291696721e+01
3.959630269314804885e+00,1.632361261190716206e+01,1.486471844030604750e+01
5.398373926172122417e+00,1.879399299935801082e+01,1.615456371034280636e+01
1.111903174242942782e+01,3.889079341923474686e+01,-6.631295317937213163e+00
1.353505030368569528e+01,4.306097749768824201e+01,-8.059548322229657558e+00
4.196586885893142771e+00,3.269332269832459303e+01,-6.667956846297614426e+00
1.342544130070850450e+01,4.262954884067089978e+01,-1.029013763895168587e+01
1.277361641822412075e+01,2.395111022796494993e+01,3.217232651378802988e+00
1.723523015836710215e+01,3.788126815491636279e+01,-5.105845767138163183e+00
7.677642775708638512e-01,3.010539188052539217e+01,-4.333224438191051853e+00
-8.978587437167030449e-01,6.024160771985064144e+01,4.517932497461561780e+00
7.375235966426932066e+01,-9.017761556435406334e+00,-1.705205164537785834e+01
1.636718015677122295e+01,2.788283426423157607e+01,-4.647805507237250389e+00
3.097462901108722733e+01,6.490791173117047563e+00,5.265292634929056526e+00
6.528026937379189576e+01,-1.223066299098227461e+01,-1.017270181752198432e+01
1.722697907366790560e+01,2.993497021533963220e+01,-2.870358681821505442e+00
7.076863475877198084e+01,-9.438744916990454925e+00,-1.629906995482035370e+01
1.746712182480317566e+01,2.833413598113305909e+01,-2.182439970417649366e+00
7.177692975501337003e+01,-1.085971388433147844e+01,-1.910997117608773621e+01
6.697048358087755560e+01,-1.232494386866656733e+01,-1.707204291279258968e+01
-1.560999055589673556e+00,3.626590056028337017e+01,6.773643141380509825e+00
4.234005676422665232e-01,4.942800929196015147e+01,-7.807806749358191745e+00
3.844749731759848910e+00,3.033793901018658090e+01,-5.114115244436196583e+00
6.981406945465532488e+01,-1.181638555095416976e+01,-1.797629379607266387e+01
6.339243951924023435e+01,-1.334971994491022862e+01,-1.294281731919729062e+01
-4.273032306670097036e+00,2.104039640746109185e+01,1.097767284350323180e+01
6.330706196585809664e+01,-1.510028044011218640e+01,-9.865331905309728810e+00
-4.168855348781604242e+00,2.102120500933819258e+01,1.187250216989156826e+01
6.314477531985144765e+01,-1.441423479119450946e+01,-1.192503439184104685e+01
2.062283965078695402e+01,2.857656584818614576e+01,3.482574871950721018e+00
2.100810950386017950e+01,2.887693614585420221e+01,3.056903913779254189e+00
1.918135179204329788e+01,3.038675560403374121e+01,-1.375102012429926468e+00
1.437220714274353028e+01,3.219763537347523652e+01,3.548355006628601593e+00
1.456755421068842427e-01,4.891423088896586080e+01,4.886153704532716802e+00
-1.750267192975911046e+00,2.802189657180656468e+01,-4.437715915988018622e+00
-4.106518628530670156e+01,1.340529386681908441e+01,-2.382952978179302406e+01
2.408782526213045116e+01,8.709880385533516289e+00,1.011259238822602669e+01
1.645323319345778756e+01,3.855725484173756001e+01,-5.647686316388187855e+00
1.177864859720403956e+01,4.062861779870068091e+01,-7.822936969536642415e+00
2.108071906469441092e+00,2.937143959459537967e+01,8.904372380996327108e-01
1.293182509025910321e+01,2.771153962967572681e+01,1.183702550621353433e+00
6.969556630217932369e-01,3.578312897434202711e+01,3.554185290802093000e+00
-1.110368464198705141e+01,5.910396646295991729e+01,1.024070677265885010e+01
1.476451237646541514e+01,2.287994217543249675e+01,5.003453289256529324e+00
-3.232630422389929237e+01,1.911635880488685402e+01,-2.291794762931776575e+01
-1.213471805338211240e+01,6.004097726005537083e+01,1.077243065251427012e+01
-3.943549714698519892e+01,1.943719690367803565e+01,6.439283387384644008e+00
-5.989288621465393980e-01,3.000511023556371626e+01,-5.101742302332092471e+00
-1.124722047164724614e+01,5.930295976916737288e+01,1.043890494026657478e+01
-3.745758701991982065e+01,2.369776773501549627e+01,9.557147727753243061e+00
-3.665981426488944805e+01,2.351322391736849937e+01,1.076049131603412867e+01
-3.657442644075364768e+01,2.474988445476442323e+01,1.170894342016052114e+01
-3.626424715440051472e+01,2.783489723082199774e+01,1.221737250882262771e+01
-8.559934450051517985e+00,4.762758148616602938e+01,9.305878521724336494e+00
1.983781949592091642e+00,5.133674971395519293e+01,3.884533472131587395e+00
6.817969461472418402e+01,-2.467468622039082859e+01,-1.210986447686467926e+01
6.516134507376175122e+01,-1.235837790501394018e+01,-1.648410463882391142e+01
1.480362214565039203e+01,3.601262717083220366e+01,-7.171455560074840641e+00
-8.171316444261764289e+00,5.286460314146197703e+01,9.102171681043149221e+00
-7.265321229063587793e+00,3.960400852769797098e+01,5.240563516877571715e+00
-6.155166638384597988e+00,4.560769604944184863e+01,7.598328026623186737e+00
1.365338437664461857e+01,2.214892546762825631e+01,5.072565737882133163e+00
7.980532640353255047e-01,4.985909098807015027e+01,-8.061244985077962610e+00
-3.642308107174119414e+01,1.791567348280795002e+01,-2.366218583847389922e+01
6.219667014900534951e+01,-1.563290781574007227e+01,-1.173110351819709862e+01
7.012429174564680068e+01,-1.805920804500648558e+01,-1.425511184206711057e+01
-4.188815837304971978e+01,1.302033161189214816e+01,-2.078991459663252783e+01
6.184329816880686082e+01,-2.713129767466412190e+01,-7.423935976815680959e+00
2.526170426248791401e+01,8.059866164485116613e+00,5.624069333439053686e+00
1.576110652219781549e+01,1.342352882382851931e+01,8.667381269032329527e+00
-9.345759060655264960e+00,5.164148225424030869e+01,6.675511346461702189e+00
4.013897361628146143e+00,4.294589037808688659e+01,-9.957140489002171080e+00
-1.193440428996239033e+00,6.214098582408461624e+01,4.670620286729260329e+00
-7.455908717865579405e+00,4.581878003907016250e+01,8.891742165058488467e+00
6.824162621750171809e+01,-1.799268650540440362e+01,-1.189969313041540389e+01
6.881463432869833241e+01,-1.787576161745561265e+01,-1.421128653604243652e+01
-2.687121701783116379e+00,1.917492099160877572e+01,1.343152159262761813e+01
6.665946179170457242e+01,-2.203514176378488543e+01,-1.125509661127487604e+01
3.999445790781689603e+00,1.477681454734692679e+01,1.537911720307361918e+01
-4.295361653076323449e+00,1.903798376999565889e+01,4.925780591545888321e+00
-3.739896772830268112e+00,1.943476897784585944e+01,6.661574795676226124e+00
-6.123065496244107564e+00,2.852157979392998399e+01,-3.551873751377450095e+00
-3.395526130376363483e+01,1.884742394145134980e+01,-2.316160752783309107e+01
-5.663606022381125094e+00,5.425101448260080161e+01,8.023808837555076678e+00
-8.342185767595841739e+00,5.056476838723653344e+01,8.531676600995664828e+00
5.159997135626654519e+00,1.537487969931866338e+01,1.542297026511243274e+01
-8.133145872220580941e+00,4.947784724899592845e+01,9.228836967098022370e+00
1.992439424800202019e+01,5.780416314910762132e+00,8.917491054052154809e+00
1.495052738907980405e+01,4.229370503417416671e+01,-8.797560537647163059e+00
3.988862678222963032e-01,2.374015837656553529e+01,6.828061926409000115e+00
1.290819579212896073e+01,1.878123376100150210e+01,1.058717087158529502e+01
6.904869683308043626e+00,1.628112718803528480e+01,1.344663310117300092e+01
5.731725140720813627e+00,1.801416231704117976e+01,1.379920445131319262e+01
-7.146102337717357145e+00,3.115750899475102287e+01,-3.023476479415407425e+00
-7.067997993610006802e+00,3.797938334010724049e+01,8.237292149345709191e+00
3.013367088158912210e+01,5.771669733641619615e+00,5.279825898753185420e+00
1.023782461493365270e+00,4.520279399614439342e+01,-1.205287928584035484e+01
4.077660065370245945e+00,3.057578274130695917e+01,1.482908580576264956e+00
-7.988475606983649335e-01,3.101435543717784427e+01,-7.296932158899078757e+00
1.045757132100911768e+01,3.873202337107367299e+01,-9.926002082452251685e+00
-7.569560751738388937e+00,4.080562080465607266e+01,2.898097864371445009e+00
-1.923878385663827517e+00,2.005892494042540974e+01,5.973886458385463172e+00
1.383355222553859898e+00,4.970308297971655520e+01,4.292481262842819056e+00
5.125545883909648381e+00,2.714901076796893520e+01,-2.831533089033023032e+00
6.195269737759964102e+01,-1.454528653359175827e+01,-1.058949666419367475e+01
-1.338765967293687176e+01,2.289585370268268250e+01,7.508860020327445817e+00
6.599850659612160086e+01,-1.774797046879723084e+01,-1.101144758477852115e+01
-8.132478178813982161e-01,2.777079330313348748e+01,4.008116250855489504e+00
-7.748496349547457029e+00,5.145835800514652902e+01,9.197649248211213546e+00
1.808391706880378758e+00,2.354187109239719788e+01,1.311312273763507896e+01
6.684931924259505820e+01,-1.146050038426355755e+01,-1.425499038120745965e+01
-2.498926919199477847e+00,1.856927628672870156e+01,7.786385247305396717e+00
-7.613996301674182732e+00,3.957647963490859411e+01,6.473682563438343252e+00
-4.048689860042917843e+01,1.343348948690640654e+01,-2.229137326775876105e+01
7.284706623895760913e+01,-1.195071075411676276e+01,-1.985645263836360286e+01
6.021369727146065998e+01,-1.318367979852720850e+01,-1.348960273298116519e+01
-4.056525339743338776e+01,1.533724669650722205e+01,-2.226262094688254578e+01
-4.345414566984054261e+01,1.513182398271691476e+01,-2.148357141222414057e+01
-1.413793172960028377e+00,3.580629474656038269e+01,8.187763416014497864e+00
-3.488049589183225407e+01,2.012118598531073488e+01,-2.332285971678399505e+01
-4.681100778725054923e+00,5.401271705319334870e+01,8.266911208283925561e+00
-4.195588081123813851e+01,1.481024913804609433e+01,-2.168304122183499416e+01
-4.156024948377565664e+01,1.567587019126922065e+01,-2.046786772334509408e+01
1.205094398618459017e+01,2.616428609602531452e+01,1.295106031387620593e+00
1.258437904045577760e+00,3.068767379633385062e+01,-6.469487931227001276e+00
-3.449997400201273656e+00,6.578724880088057603e+01,6.172452295491784646e+00
6.593908458574285092e+00,3.352309289242297297e+01,-6.489926125899961207e+00
-1.786144507129996173e+00,2.616697875676004514e+01,5.718526462039588587e+00
-1.881705016593219648e+00,2.490643077667575866e+01,6.938520819001196216e+00
6.799570247147234170e+01,-1.815018452877918520e+01,-1.532161044619494028e+01
-4.236276069052666315e+01,8.859844181963000054e+00,-2.004056886026877038e+01
-4.380992422767777583e+01,6.611196552011443295e+00,-2.000141363165667485e+01
6.592801014103530122e+01,-1.611469489167897606e+01,-1.088964551260271385e+01
6.591603246651131087e+01,-2.140717884867054721e+01,-9.797361320909454108e+00
-4.489904592788631987e+01,6.605474807262554648e+00,-2.263713072139537630e+01
6.439064410376541048e+01,-2.272693598307250085e+01,-9.093253992222825488e+00
-3.649901812483120622e+00,5.011605825577094997e+00,1.359406957542654837e+01
-4.260447588605514824e+01,1.666036638797113056e+01,-2.205998897700620986e+01
6.597952490751333698e+01,-2.285877642017879907e+01,-7.511605272704669822e+00
1.686959073357672523e+01,2.348670862044940932e+01,4.898413299262742271e+00
3.159649739124663625e+01,5.730007184519002372e+00,4.559674199373150216e+00
1.426546922403909257e+01,3.426245333240637336e+01,-4.101145339942898538e+00
8.400150235946794552e+00,3.371717820358615114e+01,-5.378277787998690052e+00
-6.608097530687424559e+00,7.247607671534684926e+01,9.237866453193353422e+00
-3.873341361784285120e+00,1.124951676337304640e+01,6.018186116614113956e+00
1.825068994078007734e+01,2.453317144319418119e+01,2.723371159053697088e+00
-1.446227708399118406e+01,3.848923870407666215e+01,5.119325251136626953e+00
5.611101594180227181e+01,-2.400942337619846256e+01,-6.743802308723844341e+00
-3.171611126174856743e+00,4.045958833026705292e+01,7.213698845803749871e-01
7.291080897014607842e+01,-8.539234995668090633e+00,-1.898841936330825675e+01
1.546662454001839748e+01,4.162909818262885153e+01,-6.270042440262217021e+00
2.512428420407922758e+01,7.719195955458070912e+00,8.150920691811265328e+00
2.448032294915773122e+01,7.323373347431778591e+00,8.208911820929504444e+00
-7.303750528129515196e+00,3.687212452054286871e+01,7.564652872375579484e+00
2.522624605404288900e+00,5.250109860452505472e+01,3.537313793810620943e+00
2.089904129073028916e+00,2.357966530824587537e+01,1.197730910096737666e+01
6.332415770451844850e+01,-1.649578362459291014e+01,-1.146767248593687150e+01
-4.348001177131875039e+01,1.634652694649670579e+01,-2.326337126001399369e+01
1.724616246631837413e+01,2.277652524981196791e+01,6.988914537365336521e+00
-3.741910089015354401e+01,2.322120369975238319e+01,-2.337854620327285460e+01
-1.101235243091110760e+01,1.829001332013929471e+01,9.037050928534872796e+00
2.956531671524131966e+01,1.045889755089670814e+01,3.195378167220287224e+00
-3.973860385758082714e+01,1.895436683972776848e+01,-2.099037628653831078e+01
1.097053665984631365e+01,4.231733662925201145e+01,-9.588063246577990029e+00
2.693196064630344111e+01,1.009982059965290802e+01,4.595442946436149256e+00
2.666931881193746889e+01,6.701370456561377864e+00,6.864044537476505781e+00
-5.399583488158432587e+00,5.169131516485425237e+01,9.322468513868502171e+00
6.709055100372312097e+01,-8.542606340964901790e+00,-1.499806382662156778e+01
6.547314555958128324e+01,-1.569712547143940995e+01,-1.013064753270882967e+01
1.521886945812834391e+01,2.146212278665684892e+01,4.329846555934926400e+00
6.407354067041774215e+01,-1.778509790335624885e+01,-1.064382794964541468e+01
6.804752743940140647e+01,-1.213957597551342360e+01,-1.386850797245873679e+01
-4.162758756373476032e+00,6.491495247010831804e+01,3.458700419237305645e+00
-2.554672003815021242e+00,6.412682401579233726e+01,2.990355617597207694e+00
-4.535296416378997719e+00,1.991957920329398490e+01,3.809311110330570127e+00
1.239010074167667774e+01,3.509281853797305928e+01,-3.762370855581211870e+00
1.713930843569387363e+01,2.775402987051104375e+01,5.010983408017947172e-01
5.212014476605622448e+00,3.361774745537918108e+01,-5.604360169850727935e+00
-2.928144031113549151e+00,6.562806511283146449e+01,2.639383489961429241e+00
-3.475530592781864048e+00,2.862366427614108488e+01,1.772527388489466560e+00
-3.029835811691636493e+01,2.133775936658480532e+01,1.113868527824190302e+01
7.781222488262934389e-01,3.290259321618304966e+01,-8.463290300087455975e+00
1.223925058468532434e+01,1.444939637700730550e+01,1.404472854705585583e+01
6.488743118528773834e+01,-1.182400185621204791e+01,-1.384199458134092531e+01
-3.571965138975935705e+00,4.754609627624643764e+01,-1.004600117457275843e+01
-1.480370670009941436e-01,2.947449476815178215e+01,3.906428192365600349e+00
7.056207128356243174e+01,-9.532195008683380877e+00,-1.964328918169356442e+01
-4.218308726808787412e+01,1.423943592770383759e+01,-3.977944531081040402e+00
-4.254883373736605989e+01,1.381632740538100812e+01,-4.626163951033887223e+00
-5.734665390502384774e+00,2.917920718164593907e+01,-3.993850313971431198e+00
-5.502625553842368511e+00,6.782308159577219442e+01,6.949599892454565442e+00
-3.693675904102637020e+00,6.629792713903471224e+01,3.788429396119344705e+00
-3.632854608627953041e+01,2.620718271762083518e+01,1.125526917461205656e+01
-2.888631846679270421e+00,3.938241414972280552e+01,6.546822125839616424e-01
-1.218484279701464423e+01,4.146819283283716828e+01,6.231323777979638656e+00
-1.394095188469498048e+01,4.183710259970359857e+01,8.925076655015460325e-01
-2.141547875578690086e+00,3.869185252504400552e+01,-2.300855457994038566e+00
2.802276186687489101e+01,2.468278541458039044e+00,7.395725951606379134e+00
-3.736634589062747125e+01,2.663504757650280652e+01,1.009107035001058428e+01
-2.752650388493721678e+00,6.451983389666506241e+01,4.967151143578771411e+00
-9.830383723239672022e+00,4.038214676592738783e+01,4.893392307849135037e+00
1.671091625462182151e+01,2.124007089240240731e+01,5.210959675639619704e+00
1.515350906244793272e+01,2.112559360210316228e+01,6.694493838963684773e+00
-2.708951800081188921e+01,2.210414506199869322e+01,7.097780208757430209e+00
1.315167065323779738e+01,4.513564389145174260e+01,-6.854798267729807826e+00
-1.539027641286130610e+01,4.023093727832129218e+01,2.826479933985986293e+00
6.902934002524379764e+01,-1.014534000951153203e+01,-2.057557289469099260e+01
-1.993759440028517460e+00,6.579192570791678918e+01,4.347586174142502813e+00
1.267688042133291404e+01,3.345870838217985721e+01,-3.935837524195604065e+00
-8.290990995828725119e+00,3.165298416976613893e+01,6.328863351700463546e+00
7.567786758131914704e-01,2.846058530591251312e+01,-1.445973051362199335e-01
1.811386127012268332e+01,2.256660618672768592e+01,3.809070465870083133e+00
-3.707764803840784662e+00,1.763056324827604371e+01,5.211870515227420952e+00
1.177348293061027107e+01,2.795889895396967262e+01,7.502584298410068797e-01
1.213939695720910805e+01,3.818968460970253176e+01,-7.419443916747319179e+00
1.344065663260657395e+01,3.991985806950197002e+01,-8.018059788502407415e+00
-4.760029660630834769e+00,6.752339608612751931e+01,5.555643927107540847e+00
4.115565819881930043e-01,2.851177405308445501e+01,-4.118683468374296552e+00
-3.747733644384016571e+01,2.542660781147342064e+01,1.034621900369212000e+01
-3.612048590727385999e+01,2.532754733432466310e+01,9.792380879713057595e+00
6.965993937141642789e+01,-6.614171395293535483e+00,-1.597972213822619736e+01
-5.556918334073352561e+00,6.843782853896532004e+01,5.771555856526365602e+00
-1.447056329918871498e+01,4.081654376534024919e+01,3.563927946099635147e+00
-1.521924329386713204e+01,3.903003907473762979e+01,5.694794740554435464e+00
1.790653199675742613e+01,2.867834888843209740e+01,-6.201123523875567978e-01
-1.235007013942440324e+01,1.932323883499780592e+01,8.735500887360174715e+00
9.678811400003107579e+00,3.574260299196948409e+01,-7.229916049947279433e+00
-3.313599435348179156e+01,-1.346803218199920593e+01,2.984049438098990947e+01
-5.821409056202467847e-01,6.534913412190854842e+01,3.799694753321541718e+00
1.210228988029031783e+01,1.761468997866819208e+01,9.095381175037848820e+00
1.085270329334414896e+01,3.422651558504809799e+01,-4.472510091360967444e+00
1.419404853673934097e+00,3.124697027643429337e+01,1.428297695289204805e+00
1.281547592105545874e+01,1.726928642675268577e+01,1.067131076756154151e+01
1.230413471982166218e+00,2.958770098165531337e+01,2.073743388057794679e+00
1.200773729027452852e+01,3.759042872005856140e+01,-5.895304387430941873e+00
-3.142841790460190765e+01,-1.467318118884764289e+01,2.456699848674781705e+01
2.434748651078837867e+00,5.045380530201087765e+01,3.852859272145792602e+00
3.143857692646528079e+01,9.532833150966530056e+00,3.808371748456730987e+00
6.472825141837823537e+01,-1.277098700201508485e+01,-1.241333490877843460e+01
8.508656934652620407e+00,3.638563462441317853e+01,-7.212481468664015516e+00
6.970132816467543080e+01,-9.384357340042328133e+00,-1.458618688931350427e+01
-4.672771785389318033e+00,4.250976184180152728e+01,2.863582635384610775e+00
-4.284841064302593594e+00,2.025732952307410883e+01,5.743429899035221275e+00
1.408611313009563837e+01,2.157195459096376311e+01,3.094424893253917119e+00
8.048953966653236591e+00,4.250757049213260785e+01,-9.843400453976718367e+00
1.524011095996352694e+01,4.345720176537490431e+01,-9.487687216767676901e+00
-2.696463516095449098e+00,4.066529273612997741e+01,-2.802765677162659674e+00
7.184043861067354264e+00,4.223281859284865902e+01,-9.807411863023066445e+00
2.174544984997884178e+00,2.963401714284398736e+01,-4.318134546616416714e+00
-3.638670764275482838e+01,1.665743537503947636e+01,-2.307553397459695432e+01
1.039425339438570006e+01,3.638596546061728532e+01,-8.298007850731128343e+00
-3.778656533161468190e+01,1.767699319187437013e+01,-2.347840422606024191e+01
7.189890252979417085e+01,-8.781172616020922916e+00,-1.713274302002067628e+01
1.042365844235574990e+01,3.807231648927565004e+01,-8.627917958381269514e+00
-3.483303220957258084e+00,6.852723843143724025e+01,3.442804286605347208e+00
6.733936058531040203e+01,-8.522671880754048246e+00,-1.755027712197719580e+01
-2.074455494072694250e+00,6.761513046601221788e+01,4.946734463620602540e+00
7.008876072680421032e+01,-7.235798663087335214e+00,-1.547319781412242712e+01
-3.155965699890241538e+01,2.234346207408691143e+01,7.904868484230837211e+00
2.837326273534030108e+00,3.348839987151875164e+01,-5.880270609834844286e+00
1.191657500760197719e+00,3.256050579658727884e+01,-5.029189435237373829e+00
-4.368545569449476318e+01,-8.206537251004635269e-01,-1.288462073400110341e+01
9.045386426088082743e+00,2.569386942576041832e+01,1.518672023855883513e+00
3.100009049380564718e+01,1.102339390185902879e+01,2.118357194680364319e+00
-3.892447230636379629e+01,1.984253612701504110e+01,-2.074057110502237578e+01
-4.214458513505072723e+00,2.268568809223474148e+01,1.108107276845054301e+01
1.689887062731374900e+00,4.786415587939711713e+01,-8.958392561673040433e+00
-9.245286454780051955e+00,4.225367435417309281e+01,7.683046183510485960e+00
-1.205498273095089168e+01,7.771379637063989776e+01,9.426396266666269952e+00
-3.341188301320554110e+00,2.317047323280388582e+01,4.250988272499380827e+00
-5.231096749980853389e+00,7.021741926396724409e+01,7.456776929522414221e+00
-4.064540058130029365e+01,1.614666568593371565e+01,-2.537714402888717302e+01
1.411852520762998431e+01,3.168130022504434251e+01,4.369332156788781951e+00
-3.283169566477504464e+00,2.210885816498747758e+01,8.500181928153258681e+00
-6.400316392939482846e+00,-2.899893590287836886e+00,1.482000055543401373e+01
-8.597774146638112569e+00,3.236843118747552239e+01,6.153877710515867960e+00
-8.454322775473356089e+00,3.638262994680786022e+01,1.078105757430813405e+01
3.122549832201445330e+00,2.750450332498693484e+01,-4.670959143630359023e+00
1.366366679731432221e+01,3.298848268523857996e+01,3.287396848042317465e+00
-4.202814244667403898e+01,1.529264788179879275e+01,5.491195168169268115e+00
-4.187783362563095579e+01,1.438933666316169457e+01,2.118137533480516144e+00
-5.487758180296843591e+00,1.611146893885639697e+00,1.121571181154408592e+01
-7.147554163233543534e+00,7.486650782870366072e+01,1.055493731689194270e+01
-1.630037002032022642e+01,4.517260604613181840e+01,2.334358040166382153e+00
6.758849815226314206e+01,-1.935449386233451108e+01,-1.239425844884591044e+01
-3.779037707583446348e+01,2.258126238629714422e+01,-2.386391650132071973e+01
1.156608637984307819e+01,1.615206006469373534e+01,1.023841028195626102e+01
1.063760498583474678e+01,1.748563015832855072e+01,1.011596508372827508e+01
-6.027644469551556305e+00,7.213106600442421268e+01,7.222032541035212638e+00
-4.152265874872153262e+01,1.496615584158907986e+01,-2.456737516021166101e+01
-1.214415040444478322e+01,1.651683354530324976e+01,1.027322182036793130e+01
-3.346629243116891139e+00,7.794980323129973243e+00,1.498723550200000254e+01
-1.255380455707436305e+01,2.020641493254584020e+01,8.606168328174385707e+00
-2.337950078122395858e+00,8.534379575018149922e+00,1.547415465539533308e+01
5.854507033371873348e+01,-3.423326812575299982e+01,-8.955019527414879832e+00
-3.136608560746163477e+01,-1.434465059224475603e+01,2.710441380115227261e+01
-2.773041669692648625e+01,2.220444411250349503e+01,5.099289319457094294e+00
9.957779389350164934e+00,1.751124154348542916e+01,1.108832362535078353e+01
-1.319092900592075601e+01,1.771874362540064496e+01,9.405773338583751197e+00
-1.179498341448820220e+01,7.616183903478395223e+01,8.096765216990107206e+00
6.728431386041866347e+01,-2.170323358899645072e+01,-1.635250584419516784e+01
-3.962156258239931894e+00,7.010435544192097268e+01,6.949133684793075361e+00
6.789889483911470336e+01,-2.097504504438779094e+01,-1.682971814933324950e+01
-8.265076141962179435e+00,4.542046329790786530e+01,9.209729257016189052e+00
-1.232462151071916701e+00,6.902868453588887121e+01,3.836689899939289994e+00
-3.783988706419048498e+01,1.740113718744104077e+01,-2.586422963588844226e+01
3.075277655640774555e+01,9.531634424070336564e+00,3.117004798481978423e+00
-7.688133629114309642e+00,7.754247528660563660e+01,1.172340379336248795e+01
-2.878507285980899866e+01,2.146008039848363680e+01,6.638905139870590055e+00
1.343314014814432689e+01,1.691766841453492987e+01,8.953965534558813388e+00
-7.738851914236137830e+00,7.981277382389642128e+01,-4.047256337759388978e-01
-3.527156643670334546e+00,7.103041438766558713e+01,5.511914225239481269e+00
-4.470984445102439864e+00,3.843466891288768750e+01,3.164925021981825015e+00
-1.966561789163038698e+00,2.847720854785546152e+01,-6.441933216066772161e+00
-2.931770520210941644e+00,1.982189675117074046e+01,4.722577968319903619e+00
-4.556756440204790870e+00,-8.605906218233970506e+00,1.768472148258986110e+01
-4.007262506883174424e+00,8.946500167553418592e+00,6.046985392133769288e+00
3.623735709042517517e+00,1.553662333289505426e+01,1.778520499004811128e+01
-3.823282060329308285e-01,2.455238960676797788e+01,8.491153273518008859e+00
1.778964980128204143e+00,3.698988754561991499e+01,2.587217271508062577e+00
-1.231686447860340117e+01,3.865944341408680263e+00,2.065862940065866837e+01
-1.040405444233042509e+01,7.836697093957194227e+01,9.769659369036268970e+00
-9.498172888334536879e+00,7.743074156908383543e+01,9.238914720661567159e+00
1.665393999865516506e+01,3.122164966082812043e+01,2.796171883194124241e+00
-3.817211322170722099e+01,1.745678947900498201e+01,4.553924690568067923e+00
-1.285007670978176542e+01,7.656338651900900061e+01,6.487147612683200393e+00
-1.615280700866102848e+01,4.338800727896611420e+01,2.340214492556079051e+00
-7.093308322596667104e+00,1.153858433870118105e+00,1.770928369000504432e+01
-6.954337960618810044e+00,2.100277816838042710e+00,1.817849059218080399e+01
-3.968237959703890994e+01,1.807591984046549527e+01,6.966805575134701556e+00
3.981187642553987605e+00,2.806949905293246772e+01,-3.199998563303378951e+00
-3.794207717433295102e+00,3.983165549665733352e+01,2.095980518485211164e+00
1.323463096244948467e+01,2.550716003836577883e+01,2.051826523121170087e+00
6.596771172416242557e+00,2.688423004761499513e+01,-4.324808912123689453e+00
7.419675194250368122e+01,-1.220774446434831084e+01,-2.080623921298535350e+01
1.723296735991339901e+01,2.675558737712371382e+01,1.704721568861130132e+00
-4.253037905213472669e+01,1.396523490583464522e+01,-2.369190356047374735e+01
-2.223205167713848240e+00,4.773678216599030577e+01,-1.215564290355138510e+01
6.721846687246656415e+01,-9.473259641633074324e+00,-1.822853104605055563e+01
6.889744524260532899e+01,-1.438120991689757666e+01,-1.321544199417791177e+01
-3.514373450128677945e+01,2.137857234606292067e+01,-2.292126343164309432e+01
-3.373107541333304482e+01,2.086005752790016032e+01,-2.282324907774053813e+01
1.456231492000774175e+01,1.315834868765807464e+01,8.782888659457405822e+00
-4.125577206648738127e+01,1.692119525302451066e+01,6.180180408395916203e+00
-1.787494303959000774e+00,7.041518659535870484e+01,4.345081058589437717e+00
-5.279203247530985799e+00,7.468149671289366154e+01,7.620119358693334455e+00
-4.020800934620707778e+01,1.850004484600589194e+01,6.120869523472666884e+00
-6.091587121108405611e+00,7.517105742833807369e+01,8.890287778274579722e+00
-7.348474398739566205e+00,3.084125522328831437e+01,5.838712545406362864e+00
4.783081750826648992e+00,3.119230598161074752e+01,-6.338712017167828172e+00
6.075535330243727827e+01,-1.467966472868596384e+01,-1.218237632722618535e+01
1.053608837173161916e+01,4.082232721475623549e+01,-9.451908432728366449e+00
2.598871131484163488e+00,4.420053035432330546e+01,-1.274589689194479547e+01
-1.909063441814483397e+00,1.809250860415035334e+01,1.457399030505994020e+01
-1.299759373029499621e+01,4.138189621886231606e+01,5.064837676820917345e+00
-7.859273503122436111e+00,7.993067268102824130e+01,-6.969174785332067634e-02
-4.133526790648921434e+01,1.680877571757907418e+01,-2.314452399212575884e+01
6.669619573585696060e+01,-2.187589404756466749e+01,-8.167088091916557602e+00
-6.643989672891079223e+00,-1.553332260047363533e+01,1.955759813861066121e+01
-1.229875688217403784e+01,7.773331333121012676e+01,6.621893002870205436e+00
-1.447672249090446783e+00,7.168529728444573834e+01,3.492350310762874166e+00
6.723676909065687823e+01,-1.314058270816460450e+01,-1.422236089902697209e+01
6.896197504601593664e+01,-1.335811699657337037e+01,-1.630206455418314349e+01
-2.029532144442978581e+00,2.169987611707117381e+01,4.611900448788968987e+00
6.193562512111029150e+00,1.953302207893071341e+01,1.584614475934830224e+01
-6.375008652480009808e+00,7.462572033006283334e+01,6.739986973438845119e+00
-8.637278429528759460e+00,7.824959050831870400e+01,1.006631806005061236e+01
3.602157235297430482e+00,2.245694873193811247e+01,1.681490073828032550e+01
4.092002247023619255e+00,2.186649461332264366e+01,1.716063528842420993e+01
6.607293247157100780e+01,-1.232678002240507098e+01,-1.509229631618049261e+01
5.022753059347282445e+00,1.630555066118852636e+01,1.645865334963193405e+01
2.787692984104326044e+01,5.790479590379776553e+00,6.660979521445868023e+00
-9.371011509463398781e+00,-4.445447402991555386e+00,2.475055992372398350e+01
-7.253849978201032833e+00,7.754638994030656818e+01,9.002703134588411871e+00
6.236589441037816783e+01,-2.826131307706314644e+01,-7.683754746289464421e+00
1.067976018184490528e+01,1.552057179660309494e+01,1.467355882262105204e+01
-9.969146291256929970e+00,7.578441829199444157e+01,7.563442658606121860e+00
6.485361162296064208e+01,-2.147962475653232772e+01,-9.542134251026364922e+00
-3.543426816430783610e+00,-8.056561018801952301e+00,1.547886536393371948e+01
-5.863211583152730277e+00,7.644412303833475164e+01,7.940928176688617945e+00
-5.932641076423550430e+00,7.754158074646171883e+01,1.059817583038227262e+01
3.234820278460883003e+01,-2.464746999140556127e+01,6.103513430318222355e+00
1.011741268214834655e+01,1.469630933491122704e+01,1.411465743104974813e+01
4.215715164311681362e-01,5.214938672656371565e+00,1.297278241686959532e+01
6.262641649998909088e+01,-2.900135303171336076e+01,-8.541784668054406282e+00
-1.275349563966695499e+01,3.953057906985254277e+01,5.520137573860712799e+00
-1.173273455893500383e+01,3.958740437877224139e+01,5.336802712116991643e+00
6.404320632928991586e+01,-1.556536390658622970e+01,-1.655355550501174733e+01
-3.970056218105759882e+01,1.466993891830616548e+01,-2.366347006968114997e+01
-4.119825730820508625e+00,1.911103636808092698e+00,1.491294167723532382e+01
1.038557065793263900e+00,2.257627608096325389e+01,8.856747799461894388e+00
-4.790054055558543133e+00,2.160095575493042208e+00,1.612820403030864469e+01
-2.074721712670429541e-01,2.305964991071598646e+01,8.238169521666575790e+00
-1.665995908070229348e+01,4.363879451659149566e+01,2.740370081538330727e+00
-1.362183624406379145e+01,6.786947420894449579e+00,1.513503197266539679e+01
-5.147630040725350575e+00,-1.838294863904609833e-01,1.281679658107513831e+01
-7.768617288499038764e+00,7.700172142499870631e+01,7.079124045984708680e+00
-8.958780402205402282e+00,8.050192265076088916e+01,4.168692431022757106e+00
-9.121361427959683965e+00,7.816467497072333970e+01,7.669077276061446291e+00
-3.773465520544327489e+01,6.434643384167597624e+00,-1.651943277756370065e+01
5.984831253850619959e+01,-3.398778661054106465e+01,-9.037203030965420325e+00
-6.524511116066848970e+00,5.348726166143105587e+00,1.023504250101220059e+01
1.167560988634403607e+01,3.759323544350358759e+01,-9.506780291774161284e+00
3.344031972786954299e+01,-2.722973919090725303e+01,6.120905770101009225e+00
-4.210985152292914258e+00,9.066489962737628971e+00,8.061508514025671701e+00
-7.470353488204631631e+00,3.987857702588275988e+00,1.935213480294980926e+01
-4.038169676276651643e+01,7.073977806297859772e+00,-1.755341496350861163e+01
-2.390341804903266532e+00,2.578817324123530597e+01,-8.656531430211906297e+00
-4.897517768876554101e+00,7.650737806531761009e+01,6.835568276535074261e+00
-3.888079398695970212e+01,6.919604591419436623e+00,-1.716743359322954632e+01
6.224204983304704797e+01,-2.719554078471669811e+01,-1.083260985273444632e+01
1.143620914127844124e+01,3.457741902316233507e+01,-1.156378191478373374e+01
-6.018287927287632399e+00,-1.038665560644429142e+01,1.579358381260518307e+01
-5.270256776698258427e+00,-1.290813512859161527e+01,1.733225583623010380e+01
-8.322663769241067655e+00,4.245849156688942827e+01,8.288148440066445133e+00
7.507622153557881539e+00,4.261015760008638864e+01,-1.179916244135582559e+01
-2.040570643089764769e+00,2.732056400357938841e+01,-8.760199427485069634e+00
-1.428414579479212776e+01,-5.714664644377809566e+01,-4.743004605782583383e+01
6.216316419276014216e+01,-3.059788742917762860e+01,-7.944799691029691857e+00
-3.735884528199715948e+00,6.315964529001666605e+00,1.338910595868782494e+01
-9.285657935608931268e+00,7.735264119437847796e+01,6.126346518665748420e+00
-2.190963918760978757e+01,-5.106126147548734195e+01,-4.590180275400289389e+01
-5.298215342932573790e+00,1.127687759837501913e+00,1.384199777214179150e+01
-4.837233846519390923e+00,7.302737187491721293e+00,9.102485399987333636e+00
-6.474035680248142910e+00,4.587804015314580042e+00,1.892399136215517785e+01
-9.290239804626668985e+00,8.037964220047756214e+01,5.289293421458222788e+00
-8.995098099495152155e+00,-3.558190686972815264e+00,2.531175960915777168e+01
-6.630423304942016927e+00,-9.742143141005197293e+00,2.801455912442449048e+01
-5.959812432558211803e+00,7.960390420887759433e+01,7.353813606995873720e+00
