1.017610109476299307e+01,-2.447818257544501552e+00,-2.688595388022768518e+01
3.407127123763519450e+01,-1.359274991599290949e+01,-7.298193525431506679e+00
3.904769664742016033e+01,2.165855579752418336e+01,5.889885073161586604e+01
-2.923800739387820258e+01,-2.435204600531094332e+00,-1.666869889208165390e+01
3.672872408295200586e+01,2.039259855158974943e+01,-1.456906453298827664e+01
-1.705974549041890143e+01,-1.376379429800302745e+01,2.012253364833310698e+01
2.831408641914960356e+01,-4.023169327985675636e+01,-2.633618983889054022e+00
-2.580624430798697944e+01,1.925790882315537544e+01,-2.805227786793710987e+00
3.663382985827724525e+01,-4.012052611102049582e+01,1.632672947122845608e+00
4.024969558858713725e+01,1.307930008007112654e+01,5.767319911154616108e+01
-2.760184526513593539e+01,1.952925639798509394e+01,-6.118129227613321675e+00
-2.818413544448842956e+01,-2.973002107181513765e+01,-1.192754902582676024e+01
-2.429936017713110630e+01,3.834868213428552508e+01,-2.002288855992980388e+01
6.456270799259577586e+00,-5.580523968210746588e+00,-2.493096738477216689e+01
3.078806165355509705e+01,-4.115017432056217217e+01,-5.657286640199944427e-01
-6.003006282253505077e+00,-5.056197938897857824e+01,9.285207857225533656e-01
-2.411036548951170744e+01,-2.232201241374997025e+01,-1.038294874299474557e+01
7.926995480008663719e+00,4.123759235678056356e+00,-2.855548712802690048e+01
-2.041393070559095335e+01,6.016082942261344879e-01,-3.355123918150160756e-01
4.584744272068976301e+01,1.765235355988595245e+01,5.193854748600099924e+01
-2.438705714790001622e+01,3.994214418865828975e+01,-1.744234655532143563e+01
-2.487632936004927231e+01,4.638347672340892558e+01,-1.614263803634375805e+01
-9.363961171997495114e+00,6.777205673688724286e-02,9.730292123769611834e+00
4.188895079636025542e+01,1.549531251467853821e+01,-1.681516302093121240e+01
-2.091619175350655269e+01,-2.433998556953236658e+01,-1.588908672579289583e+00
4.065848600707055738e+01,1.039298267171541568e+01,5.497025770294062141e+01
4.006454356289253127e+01,2.143380381319417083e+01,5.990132738578687110e+01
-2.515735098338854314e+01,3.185003182803041710e+01,-1.757021663347052964e+01
-1.095919055733560299e+01,-6.049414382291053993e-01,1.326039330964312057e+01
-2.882035459921351261e+01,-2.752488111311966179e+01,-1.914190828156180757e+01
-3.249838809126571082e+00,-4.772258970951128987e+01,2.612292003408883012e+00
-2.965985244622833150e+01,-2.887901409650737605e+01,-1.548956009669013234e+01
-2.110496372518253239e+01,2.169418029860901243e+01,6.052313819166617925e+00
4.269888356218675085e+01,1.302609922481629745e+01,-1.691081453150231440e+01
3.309768805105109379e+01,7.778328120141820179e+00,-1.589268901100986042e+01
-2.594092089905472420e+01,-3.649917371918731845e+01,-1.405074894557814780e+01
3.673266133258154653e+00,4.334889584118929662e+01,-1.626645245821924135e+01
-2.908957211346299587e+01,-9.129600316577776153e-01,-1.621871453831613508e+01
-2.076108068050068312e+01,1.595666349141410700e+00,5.988268458032586672e+00
3.057349244050783454e+01,1.174646229530615926e+01,5.240841004958811311e+01
-2.218568882560246536e+01,2.138228158875117657e+01,-6.957239980961984038e+00
1.824235534083669918e+01,2.996873832786520353e+01,-1.631008552330391836e+01
-2.410840292047717526e+01,-3.834821303383874724e+00,1.054385433643076375e+01
3.309488010837818450e+01,-1.416767438416168723e+01,-6.103426832204959851e+00
3.882909515525057031e+01,6.773321193284134623e+00,5.331302361098235565e+01
6.191681283880949849e+00,4.014332482231941057e+00,-2.695220584004411535e+01
-2.105643323407551648e+01,2.967324035505662483e+00,2.552619748485915441e+00
3.161307007005275338e+01,-2.226346011685717130e+01,-7.164513923602155998e+00
2.722100391987524848e+00,3.845093737056551220e+01,-1.718297211462612850e+01
4.550253200316148394e+01,6.112171114554750595e+00,-1.751234821419757637e+01
2.731784171996461197e+01,-4.104746508692215912e+01,1.136630222024739956e+00
4.329278107150854993e+01,-2.031862295088996717e+01,-7.566774750016437956e+00
-3.568939766184870876e+01,2.406787504106308617e+01,-1.990353309131512560e+01
3.473127880368210185e+01,1.816225104940484059e+01,5.623128301825135367e+01
1.724819834033106147e+01,1.838495284833023291e+01,-1.746211952151469049e+01
-2.606028557152088609e+01,3.867947254223836495e+01,-1.574359049763504181e+01
-2.559810928900280658e+01,2.987000823413777084e+01,-1.479028101875232082e+01
-3.282740113170216034e+01,5.952672089260528487e+00,-2.245944934655186387e+01
3.185271755248677295e+01,-4.050823202262689193e+01,2.101351587375405838e+00
3.610992766397814790e+01,-6.441098625109581199e+00,-1.343424607110861047e+01
-2.285406695836086399e+01,4.076746462461144915e+01,-5.018682879216010306e+00
-2.017748452416550364e+01,-2.273994634498913925e+01,5.771123539697107230e-01
-1.373153195089591172e+01,1.764349596258288244e+01,1.018379216376783303e+00
-1.984938684284816901e+01,1.130651585870058895e+01,-6.186957645388734051e+00
-4.148548400242134448e+00,-3.676101069363201646e+01,-3.025901181959329000e-01
-2.441364975984859953e+01,4.744732952434122808e+01,-1.196109500322214281e+01
2.360651456407631343e+01,1.432988994561368123e+01,-1.744720111751242442e+01
-2.312764985296855258e+01,4.144179703153490379e+01,-8.073844910093415095e+00
2.620441707504530093e+00,3.649824209256865970e+01,-1.726821764115738489e+01
1.062932548424900325e+01,6.657233932824422773e+00,-2.867735927144940078e+01
2.980028792286332617e+01,1.156800456683591349e+01,-1.560742080256280673e+01
-2.023989086740822430e+01,3.805982390693065298e+01,6.646120511952974930e+00
-8.135647720289441054e+00,-2.605421305877675309e+01,1.698028869898235982e+01
4.693091255739815004e+00,4.103001031135915078e+00,-2.682867505345059911e+01
4.325601756951497379e+01,1.735552728332404016e+01,5.531935108831968506e+01
-8.310195946574483017e+00,-2.811464441206055653e+01,5.261600789279960999e+00
-1.920761126435375843e+01,5.466364409686933357e+01,-1.859304976397102394e+01
-1.670049691328162389e+00,-3.711909034992721246e+01,-2.809808095942326611e-01
-2.055155456858684104e+01,-1.686010289927938643e+01,2.030761600863290717e+00
3.413911021043475813e+01,1.879839884426167274e+01,-1.123735278112527425e+01
-2.242190498122406339e+01,5.260833020408454530e+01,-1.220097539941454023e+01
-3.869551673456695706e+00,-4.806467071501257493e+01,1.714008185774399351e+01
-3.043821946038032067e+01,9.137536619008727712e+00,-2.348693495392545216e+01
-1.044896990142832038e+01,-3.006453974100742599e+01,1.584970023790524074e+01
1.953317838892703762e+01,5.404233380767017536e+00,-2.091508013025914714e+00
-8.238305086491068963e+00,-3.904468841738904672e+01,2.033664392659684950e+01
-2.142686523361658502e+01,1.182890138439232786e+01,-7.565772939800980978e+00
1.172082671522620778e+01,-4.271267940669208230e+00,-2.687080832841325417e+01
-9.690613856130303461e+00,-1.833026188550252344e+00,2.159385942948902581e+01
-9.992712763989407776e+00,-1.892460443248388247e-01,2.075058193473745050e+01
-2.218153880553044033e+01,5.818245413647419184e+01,-1.573088545779954472e+01
-3.236204790152829691e+00,5.224938180474853766e+01,-2.272227554468704724e+01
1.727491855984340674e+01,2.490570330173003910e+01,-1.914627961947120127e+01
-1.280438200190037357e+01,1.795850360692068648e+01,9.414834575650037063e-02
8.991975188839147037e+00,-2.740770194827399475e+00,-2.667007155227626924e+01
-2.387912808207146043e+01,3.968797691461840316e+01,1.589105054118693960e+00
-1.477145323234855034e+01,-3.412656088494954787e+01,2.228117148239774181e+01
2.734986840106181205e+00,-4.049787365028372932e+01,2.074932131154316650e+01
-1.336723180742008132e+01,-3.631572090961284260e+01,-4.647612716077946793e+00
-4.227852299986635032e+00,4.793275929510728162e+01,-1.417530199327112683e+01
-2.345757236723500583e+01,4.271963778493568498e+01,-1.835304181751877550e+01
3.105608076760676894e+01,-7.980470613038340488e+00,-8.422985854635349767e+00
-2.097363261916113686e+01,-2.376537438847976702e+01,-8.197537007113034901e-01
-2.062679504043016010e+01,2.076073384997649995e+01,8.998919751341484030e+00
2.606467278022033796e+01,-4.159829207526568240e+01,1.530272257347340847e+00
-1.056089244128170179e+01,-8.162757993656757805e+00,1.959147708068763594e+00
-2.113052313369197677e+01,4.810738269176117576e+00,3.315112018604471356e+00
-3.260948771405099422e-01,4.135251058743453001e+01,-1.891123388793521798e+01
-2.958911798511176627e+01,-1.116195658221988296e+00,-1.736809449198359800e+01
4.443074198977296163e+01,8.307550126249328315e+00,-1.739466169065379475e+01
-1.201587145688061398e+01,-3.871016676678758728e+01,-4.294812786792332027e+00
-1.990999924697186074e+01,2.166341072953920488e+01,-9.702528918363027444e+00
2.996590211278451932e+01,1.389262222290240700e+01,5.424644488543520282e+01
-1.307917947991613339e+01,-3.797432317677784397e+01,9.209188086866669565e+00
-1.457616889302422258e+01,-3.676137979154734836e+01,-3.555303142469569799e+00
-2.878895227639156396e+00,5.089745276206699742e+01,-2.282092517790541208e+01
3.880854556707605241e+01,2.077828659873595285e+01,6.010933875240973379e+01
1.198738827885108194e+01,4.162986335890226819e+00,-2.507998418787009243e+01
4.130333706863916632e+01,1.585668838283213589e+01,5.493190454124771094e+01
-1.055203136319080848e+01,-4.140870315859664252e+00,1.645077132784473051e+01
-3.665832318987176563e+01,1.844932422286517593e+01,-2.412181487403860203e+01
-2.092908929489711767e+01,3.488599499121973202e-01,1.155606491651547962e+01
-2.022254901892894097e+01,5.705851343623641725e+01,-1.630575272651142882e+01
-1.131631208784588871e+01,-5.350967581022868558e+01,2.117389071190563143e+01
-7.352731553901986850e+00,-3.919821795093726280e+01,2.220580886007634192e+01
2.950843114328763050e+01,7.237706506664930650e+00,-1.356594020652193855e+01
-1.622214944563489780e+01,-2.731349901887012166e+01,2.145435838619704683e+01
-1.452373401708211453e+01,-2.875327623254325005e+01,2.241084230397860111e+01
2.235979853356233615e+00,-4.083130164175370425e+01,2.142619491996645564e+01
-1.237784212890781710e+01,-3.911951240094412441e+01,1.940621668351157680e+01
3.742913036143908556e+01,-3.902515530614747519e+01,-1.103550862182672176e+00
-1.883601381228512039e+01,2.108369753867020135e-01,1.237819995921385896e+01
-3.203280834546029610e+01,2.020698330131919107e+01,-2.682811574743188743e+01
3.449784179270152862e+01,1.502937660980849799e+01,5.146009828254999974e+01
-1.083400130719475030e+01,-2.493159818147546947e+00,3.884209439898982819e+00
-1.136307474474778090e+01,-4.148835558469486529e+01,4.436362051031004228e+00
1.587071052712478014e+01,7.838712161559651115e+00,-2.315957954586523115e+01
4.220313266391489293e+01,1.283269125081749173e+01,-1.431588037894358756e+01
-2.310639180903390866e+01,3.730654705583962993e+01,-6.035761673175361608e+00
4.003542205351156014e+01,7.721507620228190483e+00,4.828818623752367500e+01
4.355007540752799855e+01,1.698407646290506534e+01,5.193253690469291683e+01
-1.692563822917441030e+01,4.308821812747019209e+01,-9.059774342146464932e+00
3.640062277122689594e+00,3.808902255828324002e+01,-2.551665591734193583e+01
-2.201392849325179668e+01,3.937442296879073211e+01,6.753767822482515948e-01
1.013140542869688510e+01,5.353368590403355221e+00,-2.830398537837588435e+01
-1.255691739296200460e+01,-2.307348603841323609e+01,1.752860598449516516e+01
1.204562298840544443e+00,3.976755029020468157e+01,-1.673348634955336323e+01
-1.762120739654984902e+01,-6.745911447356742308e+00,1.931778158656993227e+01
-1.943271150602203434e+01,3.637197137879755360e+01,4.619282018503725773e+00
-1.997643431873430941e+01,-8.090403774654699731e+00,1.909687475175351423e+01
3.618123989379949279e+01,2.158781390341652795e+01,5.987794529153825351e+01
-8.961671726393657167e+00,-1.439745629429626472e+00,2.351934021798810193e+01
-2.163819840172279996e+01,3.828899826055076971e+01,-5.758218957557957651e+00
-1.804354238614873651e+01,2.214161781592183331e+01,5.617557883133499352e+00
-2.650001849050692826e+01,3.247615939325190482e+01,3.942325936966060596e+00
-2.217669336287610804e+01,5.690382539251943683e+01,-1.386890803217638712e+01
1.509187756666315217e+01,6.488296351846545740e+00,-2.383452032429444500e+01
-1.366322040221085565e+01,-4.622131228676751391e+01,1.265833015061154754e+00
-1.830890494046769490e+01,-8.401686207995487266e+00,1.943952686578516165e+01
8.020648919451987879e+00,3.232686656797147151e+01,-2.636117387189220196e+01
-6.332316169217745205e+00,-3.641772063282206773e+01,3.589010588145786329e+00
-1.450910599460489614e+01,-4.557962845594638424e+01,2.133086850485974129e+00
-3.006094441835368869e+01,-3.125197857371303201e+01,-2.047623809255508931e+01
-1.934683885286207428e+01,-2.023858040121431401e+01,2.885284229968288017e+01
-2.383122633585948336e+01,3.843835248354199763e+01,5.028282722137690008e+00
-1.623250992633776590e+01,-1.159282940212931479e+01,1.975948597818696584e+01
-2.247810348976239680e+01,4.991698663607442654e+01,-1.069192367478732031e+01
1.809125024903271095e+00,-5.312777147080647921e+01,1.747000400060866809e+01
-3.293595832619855113e+00,3.638903955100992960e+01,-1.720945456773794646e+01
1.284624984963603467e+01,7.829885286989824777e+00,-2.350241033600871532e+01
3.774100220393030014e+01,8.061437126964140276e+00,5.152152890466925328e+01
-2.394828590929191847e+01,-1.912361141740594794e+00,9.115547434516669156e+00
-2.552390054645034567e+01,-2.008664885299481995e+01,-1.176777021619976793e+01
-2.296830847439754208e+01,-4.015824394398315178e+00,1.273294801467914894e+01
-1.946467688930467332e+01,1.992886672499330203e+01,-1.056714075225012017e+01
-2.184228650079561262e+01,7.138979570850977341e-01,5.136263233603891365e+00
-2.240529323892599578e+01,-2.343422483648150845e+01,-6.285569383693782264e+00
-8.850841738890398602e+00,-2.687834474336005997e+01,7.010391359992127924e+00
-9.429959548766456479e+00,1.038633347125448303e+00,1.404432982578913602e+01
-3.073031000007843616e+01,3.732128020180662276e+01,-1.611594519796869207e+01
4.109728896639062157e+01,2.409608205471999831e+00,-1.039170043039650437e+01
4.429714575107564656e+01,-3.745027988696761678e+00,-7.908320946532952256e+00
-2.172734644422346406e+01,2.511288009310767677e+01,-1.193804450197496081e+01
-1.945288631293410475e+01,-2.222379444264659298e+01,3.644107758418645648e+00
4.135865138329040036e+01,1.618948811939100452e+01,5.201642119774489004e+01
3.546805082538894283e+01,-3.926387301799736917e+01,2.627963523789805578e+00
4.049503542337384232e+01,1.271814814383246883e+01,5.093992550244324491e+01
4.084157611456845416e+01,6.066587379749734055e+00,-1.119823466365164677e+01
-2.611045016870044577e+01,3.789676599188050687e+01,1.637565643566818885e+00
6.437819937245330415e+00,3.107129993093561993e+01,-2.667111559383901565e+01
2.832614126438566871e+01,1.207452308299334476e+01,5.879904538633060440e+01
-1.522415357871196839e+01,-3.874471372179229434e+01,2.025611612653910321e+00
-1.506551297953734014e+01,-4.212356313386357698e+01,-6.977864412872182065e+00
3.614193873163621618e+01,-1.214599440507464934e+01,-7.966390519663538505e+00
4.636395936729778011e-01,-5.321878032942755254e+01,9.162579303581376067e+00
2.953087954411408589e+01,7.061546786977971557e+00,-1.128118670322969841e+01
-3.241504021938152391e+01,2.186446539697871216e+01,-2.513261255216224654e+01
-2.395053700712681177e+01,-2.331752893624524603e+01,-9.139759571074662858e+00
-1.068971903438120385e+01,-2.678843213756663388e+01,6.283102133937634726e+00
3.515888679159892405e+01,-2.900431740193333052e+00,-1.202961268445525178e+01
-7.864539836841368370e+00,-4.960656492128620698e+01,4.600387898618342186e-01
-2.389392869457134339e+01,2.892384395637227001e+01,-1.230654798367928926e+01
-8.629884633105541214e-01,4.082935576988364801e+01,-2.407802379560957817e+01
9.529184168138639777e+00,-5.970327370103913900e-01,-2.652135369595958636e+01
-2.050163958806433939e+01,7.136160957468929977e-01,1.416157826910414741e+01
2.828840362213463067e+01,1.197693309625139690e+01,-1.568251056585181402e+01
-2.811770020226662226e+01,-3.174721318232329637e+01,-1.654585658196091913e+01
3.178089601452590429e+01,9.876830011613837002e+00,-1.374991881466408650e+01
3.926751226721624022e+01,-1.359131282634110249e+01,-5.876241009035269691e+00
-3.568874001942977259e+01,6.098400574696801968e+00,-2.395903248109469530e+01
-1.365186127184730935e+01,-7.416446101077186270e+00,1.948399976479898399e+01
-1.051326600065558914e+01,-2.775363963948432655e+01,6.492855437158129739e+00
2.457354684761599017e+00,3.587486465607227615e+01,-2.876767533693840306e+01
-2.173568295078083690e+00,-4.902523379286996885e+01,1.409284576468259331e+01
4.009007894046418841e+01,1.796711411529784996e+01,-1.585696878723901015e+01
2.271978969317536468e+01,2.775111233611175976e+01,-1.596347191858074943e+01
-2.407445521580981307e+01,3.026967085410144165e+01,-1.192630470267121900e+01
-2.875028353379663226e+00,4.107694842430492344e+01,-1.597796128799581972e+01
3.411811299654520013e+01,2.027199106146514040e+01,-1.232564793138439008e+01
-9.044781823758103911e+00,-2.697166073584204682e+01,5.622593376376403995e+00
2.955383986068506630e+01,6.286878230017570068e+00,-1.560098590060952439e+01
-1.515467162533828116e+01,1.381828672029911154e+01,-2.092936103394229974e+00
5.457275365207325812e+00,-5.670242635793920627e+00,-2.449117306967747609e+01
-1.847309085169644405e+01,-2.606906492999194214e+01,3.032535225902733345e+01
-2.453286184088759470e+01,-3.750344119654368313e+01,-1.353697921994260511e+01
-1.934861456546272862e+01,2.332518443861359358e+01,7.010059920052133187e+00
-1.356133952334883119e+01,-3.766053905001041358e+01,-1.969736295025900086e+00
2.180568910319175302e+01,5.028073189657426667e+00,5.025892496816583566e-02
-9.735857968596901557e+00,2.307348695107652503e+00,1.545507358293315825e+01
3.372528533283831820e+01,-1.004953721418387147e+01,-8.976772797909079671e+00
4.112108894946640447e+01,-1.972261235859220463e+01,-7.267418871971583094e+00
3.960616229797894050e+01,-1.311389492148418157e+01,-4.977493994664287769e+00
1.943469316813988357e+01,1.143426899488693849e+01,-2.729800550846501750e+00
3.098007666553853667e+01,1.261573602338597944e+01,5.329494574496503390e+01
8.504793064933794611e+00,-8.057607713028610563e-01,-2.735350053993807506e+01
-1.379877036247862510e+00,3.966551465361125395e+01,-1.677054229814349284e+01
3.725039471923971490e+01,-3.649267950350890999e+01,-2.338644083716471922e+00
2.899759227592239696e+00,4.073303806742865874e+01,-1.696021865615334079e+01
3.742947966545710159e+01,1.530573534961414950e+01,-8.840258270041092103e+00
-7.522927097650955020e+00,-5.422751273369073743e+01,1.674621711465830742e+01
3.870018230043723406e+01,-7.307980495582576452e+00,-4.620230747463748067e+00
-2.311942968170492385e+00,-4.861027359803973269e+01,5.906828311816089361e+00
-2.164671097275427414e+01,9.881838382052738012e+00,-8.679394721863243234e+00
3.567728409202888429e+01,-3.764937723698010075e+01,3.691532090928983045e+00
4.433965806172169977e+01,1.841101921749372039e+01,5.140572711866375499e+01
-2.236855329489856103e+01,-1.757735703885258349e+00,-3.348766653562358364e+00
2.191415157525353763e+01,1.192152376277827841e+01,-4.090517204181721489e+00
-2.135544402040475731e+01,2.158202148367071160e+01,7.533753997586043027e+00
-1.841663639817886278e+01,-2.071706910808505242e+01,2.804324719515476261e+01
-9.964797154895574494e+00,-4.118133786908590110e+01,4.921697317249490666e+00
2.118612826948821848e+01,2.864218273504474510e+01,-1.611900552971668787e+01
-4.246351864859260888e-02,-4.120164276045038321e+01,2.009775399376170313e+01
4.338477793263835736e+01,1.071749606283375300e+01,-1.765448132121471758e+01
-2.611413360526282545e+01,1.409648351815273770e+01,1.826198443278326167e+01
-8.938409600551896261e+00,-1.141490983353450117e+00,8.625882315383581300e+00
-2.251343000302466635e+01,8.628337829788927493e+00,1.307470810811315154e+01
1.545803975114340290e+01,1.396960283655833024e+01,-2.129356333008835378e+01
-2.374442448401367400e+01,3.274402167824728593e+01,-1.844431202663705704e+01
-3.577000042956114356e+01,2.529066220324740044e+01,-1.945381732952128928e+01
2.919994626614362687e+01,1.266724614691889528e+01,6.000225154187633336e+01
-1.223262790708534453e+01,-4.166239238134313183e+00,1.822528904460629207e+01
3.348795222117787063e+01,-3.847308307676731687e+01,6.448038346570304391e+00
-2.125761418687916304e+01,4.055637930817663772e+01,-3.467210238647234100e+00
-2.099110550178917833e+01,-2.274335302666700898e+01,2.689081645106416563e+00
4.309236285972494329e+01,1.415754793418789070e+01,-1.494761320746849975e+01
-1.758695038705214131e+01,2.775378746154865439e+01,6.544856109519791687e+00
-3.622632077226128899e+01,1.155047505777361039e+01,-2.535424768778929661e+01
-1.683233820269688596e+00,-4.940662949223957412e+01,9.583837699182994996e+00
3.399279485474799856e+01,7.981771567904497822e+00,-9.590783456230255410e+00
3.137585688295252950e+01,1.266310838052112153e+01,-7.284817538779027934e+00
3.162784024681102224e+01,8.973482866139159242e+00,5.422218209785131648e+01
-2.694639967775576039e+01,-3.785388738645070106e+01,-1.837540848249781433e+01
-1.955828594566021295e+01,-1.073836153924765213e+01,2.071900589520632252e+01
-2.202192789056007172e+01,5.397768364447178868e+01,-1.309314954350257132e+01
1.811908913095021134e+01,1.416716423524317925e+01,-2.060802330493036294e+01
-8.040606303698099921e+00,1.644216340004847510e+01,-3.414255847842437852e+00
3.243685279198571436e+01,-2.032385721674183543e+01,-7.270865341909021673e+00
-2.216465481017943873e+01,2.320116108782635322e+01,-1.072611865968225331e+01
3.221503284087999219e+01,-2.062858656029397153e+01,-6.050548302985314209e+00
3.288064434135958436e+01,8.900036784489998354e+00,-8.796994790861521807e+00
3.556306605026243961e+00,4.224467964825345234e+01,-1.732777584791324799e+01
-2.103785073737386924e+01,1.063447613919035056e-02,3.713313227285137685e-01
-2.548237699143381008e+01,1.114859429712397443e+01,1.831773434312920656e+01
-1.917512669345629206e+01,3.154768486743081723e+01,6.720812800969889977e+00
-3.948392426523906984e+00,-4.254269359317463284e+01,1.878216827229061892e+01
4.153113484858531734e+01,5.448849072654799564e+00,-7.687121218703775405e+00
-8.929941705936684571e+00,1.509581281383790952e+01,-2.944094914936554286e+00
-2.033988440403012632e+01,7.259051163009691443e+00,1.351067723623594841e+00
3.895369023122021446e+01,2.227397110465349428e+01,6.025721438378892714e+01
4.481352275704922050e+01,1.310353001724549316e+01,-1.650399989532501976e+01
1.780992881418753671e+00,3.533098846701278717e+01,-2.990690673809427835e+01
-2.879567116334813548e+01,-2.990278956468946348e+01,-1.687810623580960723e+01
6.218294827554185389e+00,-1.963639383051649867e+00,-2.471007447420965164e+01
-2.157242244962957400e+01,-1.437499831682398810e+00,1.048130406896494904e+01
-1.975871354821876835e+01,-2.631974495409579973e+01,2.132152123555959378e+01
2.910665427074157563e+01,-8.468358143133603022e-01,-1.273191661377783035e+01
-1.059040785230189563e+01,-3.711225933672121613e+01,-4.366079537540392685e+00
1.873061914106738257e+01,8.977036403101317674e+00,-1.972647567506021771e+00
-1.263936639336312773e+01,-2.846791278316448626e+01,1.968781784508786714e+01
4.202834371806445546e+01,1.277115268630230460e+01,5.284201654688044414e+01
-1.319709327875906979e+01,1.294560519845633983e+01,-1.981878443472161910e+00
-1.871159479226562894e+01,4.312459270370935371e+01,-8.850953768378301945e+00
-1.913589980243617816e+01,-1.772549455193667356e+01,2.644930529179408651e+01
-2.522395685806703725e+01,3.947179595246847583e+01,1.135885290725049845e+00
3.468135913826752681e+00,4.385594256397424573e+01,-1.303027053233724430e+01
1.433651394412433966e+01,9.950241089061972133e+00,-2.281587993480847132e+01
3.397076924505941520e+01,6.176971982005788675e+00,-8.647440656050708441e+00
4.304441593679626976e+01,8.817515291088659168e+00,-1.744853426830274046e+01
3.176176916739941092e+01,-4.113743296870706168e+00,-9.035881515732928193e+00
-9.460071771438997246e+00,-5.389477003505925268e+01,1.898008652620359271e+01
4.969102845481239150e+00,3.215035644238205492e+01,-2.731176905695371815e+01
-7.796707252379200703e+00,-5.316178172232098120e+01,1.787535816619455531e+01
-2.396805713609808919e+01,1.263402227994667193e+01,1.592565856235884247e+01
-5.278860227489135859e+00,-4.900569218308228159e+01,1.334009121801309306e+01
3.232040409702534589e+01,1.279376987965876999e+01,-9.185150873155595974e+00
3.039857481179863541e+01,6.095670496148165363e+00,-1.350541964243523552e+01
-2.275889391377359061e+01,3.990078385148984808e+01,3.194330220458250658e+00
3.297222639729092464e+01,1.635150269487665753e+01,-1.290654603063315520e+01
1.888792023711789980e+01,2.657314693975479258e+00,-1.971366947059790675e+01
-2.447625126402136075e+01,3.941460334416980515e+01,4.266519542485295524e+00
2.862416646769616690e+01,-3.295187606924442747e+01,-2.417099103089800360e-01
3.133590699760864950e+01,-3.515221960691412306e+01,5.589672961833109799e-01
-1.409843368636111904e+01,-3.244293596812026692e+01,2.584351558520269521e+01
-2.290196730036262007e+00,5.169881796376244409e+01,-2.184979636708595052e+01
-1.958138836998372323e+00,5.185856221877438088e+01,-2.317560039155046425e+01
4.515150768154219207e+01,1.350739682133973574e+01,-1.454324022370513525e+01
2.865358398762979064e+01,-3.272074663578239040e+01,-1.436297101919908892e+00
3.085943874618373073e+01,-3.458730134880875084e+01,1.365889043057570973e+00
3.160179030967753278e+01,1.538556601717164263e+01,5.263669867934761726e+01
3.431306259083548582e+01,-3.593910677480449678e+00,-1.230196925973089961e+01
4.401252609608678767e+01,-6.294452566088571288e+00,-6.945437971994954829e+00
4.033007735891911238e+01,1.497415007007121091e+01,-1.486279756057412804e+01
4.367430983729379790e+01,-6.396063340119092722e+00,-7.963669025899069887e+00
-2.204127825443223543e+01,5.411915033574342004e+00,1.354218944179879891e+01
2.995002712789956689e+01,1.105479164088097122e+01,-1.261042862186288538e+01
4.310900525079199497e+01,1.201520444046411207e+01,-1.527606539615866588e+01
3.908147805403342545e+01,8.936125395509147751e+00,5.135517367112453968e+01
-1.387599241404234718e+01,-3.181493870010299574e+01,2.629967388534413431e+01
3.766235348068583022e+01,-7.211181869817597345e+00,-1.426343433077063594e+01
1.627154130455715375e+01,1.603664151401864046e+01,-2.021006034181057132e+01
-1.886880712194997756e+00,4.546204255497860203e+01,-1.522837965559683404e+01
1.686710789876849503e+01,1.716640060209458696e+01,-1.618310311920267353e+01
2.126848481996903928e+01,4.029284487468845377e+00,-1.952779011915402707e+00
3.988856493018311511e+01,-1.239410598730282587e+01,-8.688693999620502595e+00
1.923723896175699011e+01,2.292989026589607793e+00,-1.871565839045060287e+01
3.988772347331214263e+01,5.736044972654853247e+00,-1.105140678700844425e+01
4.034661894539028282e+01,-3.616402868499487333e+00,-6.830965710037466998e+00
-2.239770549817854217e+01,2.459590929956305771e+01,-1.554715817261883615e+01
-2.553855163754624513e+01,1.035919780474192287e+01,1.866992824257416927e+01
3.370211478296216967e+01,-3.903304804870393951e+01,4.559717325281038569e+00
4.125299181114687030e+01,1.387489381770549279e+01,4.948073988390835609e+01
-1.588338166173608634e+01,1.314471708267701011e+01,-3.633110584775220087e+00
4.151307566034469687e+01,1.262545518515064735e+01,-1.576117052105007232e+01
-3.315636854494132280e+01,4.492140474788829607e+00,-2.074024939396646516e+01
3.137675363215544522e+01,1.330914727414153731e+01,-1.024586861190426745e+01
8.703475456427147705e+00,3.362357430474741449e+01,-1.801625678748143145e+01
7.405624420998936586e+00,3.608729330196666041e+01,-1.742811277930292135e+01
3.004161725326122223e+01,2.527979358068882743e+00,-1.238014207265455013e+01
3.213932340580683444e+01,-2.320678152166647834e+01,-4.328177979205254933e-01
-2.958234258579482745e+00,4.321205671744839094e+01,-1.770458465527249814e+01
1.987988580289968166e+00,4.261273201965786939e+01,-2.084493643651505934e+01
-1.601400424532848987e+01,1.245863636593559143e+01,-2.957139509080795037e+00
-2.780137812125423658e+00,4.354646737520149458e+01,-1.922640148044024500e+01
-1.630008100680954541e+01,1.321984596060008954e+00,1.443510348650330322e+01
-4.128634065839663081e-01,3.892146777242632538e+01,-2.750618139524366867e+01
3.587814364182472104e+01,-4.038172612597221445e+01,3.469237444816390514e+00
-8.867915113618186851e+00,-4.110591429939898234e+01,-4.541795648603881297e+00
4.748023021931295773e+00,-6.609612108176363243e+00,-2.437942806686216812e+01
-1.595146067092078468e+01,1.867728045524511771e+00,1.386572761567667023e+01
9.422075591166482411e+00,3.431595244655463262e+01,-1.824985078187316745e+01
1.764085976854306637e+01,3.013198783642139666e+00,-2.143848160766384581e+01
4.032142167675832667e+01,1.325041860153213769e+01,5.282613325714573449e+01
1.853916909641260702e+01,1.829414472114037338e+01,-1.876510290987769025e+01
2.872856683439392000e+01,4.453120109501372603e+00,-1.465989228100527697e+01
-3.045644092387374613e+01,2.240858685105457226e+01,-2.301564991470931432e+01
2.530149694104014202e+01,1.406409658310927036e+01,-1.627735089814615321e+01
-1.909062854307087420e+01,-4.805935690639449120e+01,-7.307741694443757652e+00
3.502852962526171865e+01,-3.846056590941237374e+01,5.389335355709830466e+00
4.011637929994718377e+01,1.118484566888438714e+01,-8.733010317908492581e+00
1.378126124517575546e+00,4.436428806999080621e+01,-1.636454516921871871e+01
3.691047077806644694e+01,-8.965619004357121113e+00,-1.556844515306050347e+01
3.746886681133358366e+01,-3.425391416911799158e+00,-1.540593101577691471e+00
3.168677027584966055e+01,1.166832469133980688e+01,-9.133760729853124261e+00
-2.982150057224617257e+01,2.163649989165686094e+01,-2.341518160351666467e+01
-1.172661279509527255e+00,4.034920090319229757e+01,-2.189379124415562217e+01
1.004122979789701198e+01,3.287201965979401308e+01,-1.829676707596761176e+01
-1.614976937661887391e+01,-3.110515175828415479e+01,2.032128613814232310e+01
-3.153467559969200806e+01,6.723805120392031043e+00,-2.548282424638254895e+01
-7.288321733362816524e+00,-3.931135626464012489e+01,2.354501093203152351e+01
3.820430295063270165e+01,-4.084126908516925170e+00,-2.817206137460465776e+00
3.791017673383334952e+00,4.499410365041998716e+01,-1.222850643248008673e+01
3.313958573353585990e+01,-4.023766592741953474e+01,5.977608389228973529e+00
1.660039391012239918e+01,9.995204113043396177e+00,-2.259496688292941613e+01
3.693981300887703156e+01,-3.169475552541455077e+00,-2.326556924810564198e+00
-2.505126509091070020e+01,-3.395579601431122541e+01,-1.798356243876247973e+01
2.062092716068738341e+01,3.059465156894529159e+01,-1.545073141431034891e+01
1.864491654688436384e+01,1.717794292693719882e+01,-1.844118005506996383e+01
-2.279041965775559220e+01,2.500626750381462671e+01,-1.375520620692269880e+01
3.770837515449834004e-02,3.943731301560760016e+01,-2.795820485302356673e+01
-1.874723065610203676e+01,-4.617246596499531108e+01,-8.658712540766412502e+00
-9.668544507865043380e-01,4.110234417856538158e+01,-1.713531768670772948e+01
-8.814940839593056410e+00,-2.615597795168980610e+00,9.101494417965417583e+00
-2.046868813745490812e+01,-4.164994441835521855e+01,-1.384342141634579448e+01
2.918311819434697085e+01,-4.054572005441869464e+01,-5.050069397891836925e-02
-2.156584417391063724e+01,4.255909790013053140e+01,-6.879070052469805852e+00
3.817795930638630608e+01,-9.341849770981994538e+00,-1.498367030653165699e+01
-2.485628174297225002e+01,-4.041393947105274975e+01,-2.055292700807598649e+01
7.397869663596989831e+00,3.476109621191545784e+01,-2.577056569190689217e+01
3.504998908484359355e+00,4.635055290505485459e+01,-1.086265279559286512e+01
-2.325227852528735895e+01,4.197784244646982188e+01,-1.653523962206297426e+01
4.102696395660586148e+01,4.134014014264958625e+00,-8.844788429288659160e+00
2.185612195206950759e+01,6.278820761359469316e+00,-4.275947924000658706e-01
3.441076474852057032e+01,-4.010303895970442767e+01,6.497273241561543067e+00
1.961419192311127802e+01,3.066326293521970570e+01,-1.631465748429570084e+01
-9.243152735520673957e+00,-3.407683463824734638e+00,4.347006683374873504e+00
3.079952945894729055e+01,-3.682985054974456318e+01,3.192854602258668351e+00
8.219330759208611781e+00,4.852234647710823023e-01,-2.573671237947489487e+01
-1.649768832574696376e+01,-1.011958477068037432e+00,1.057243784272874798e+01
2.140865312451918712e+01,5.677784285516980667e+00,9.151663587316177795e-01
-2.009305473556329247e+01,5.224387985230436904e+00,1.530044626402912655e+01
2.962977631701014403e+01,-3.494488304510257848e+01,-1.731569675195080205e+00
3.215702211226905405e+01,-3.814381982391388703e+01,-4.827228807734255334e+00
-1.453821580369350386e+01,-4.250631662972799063e+01,7.753676069238978341e-01
-5.437755166368784643e+00,-4.014885384757557318e+01,1.956095126622236791e+01
4.010575087693110419e+01,1.326654155729399065e+01,5.584037623055726129e+01
-9.173160919658976953e-01,3.739170807701859189e+01,-2.988906646370218922e+01
-2.764575389824953078e+01,2.073549545058168420e+01,-8.052812164419885121e+00
-2.212617242772160964e+01,2.288599377142951141e+01,-7.049925005914426279e+00
-2.427777182103244868e+01,-3.597108519011071337e+01,-1.349225466966823284e+01
1.602283968529858171e+01,1.152468490322717010e+01,-2.208702258883052139e+01
-3.601025968356480433e+01,2.031753550224124183e+01,-2.232125425951815245e+01
3.133873933483394580e+01,-3.772366761117134359e+01,-5.516022827126261241e+00
3.352439961911201749e+01,1.421543766962255795e+01,5.160544284089063893e+01
-2.891084653436387875e+00,-4.171289172551760061e+01,1.991985964752153038e+01
-2.362413784929721317e+01,4.896802309383340912e+01,-1.048452163577763230e+01
-2.851682496691089241e+01,-3.025143512319847972e+01,-1.500262392106944098e+01
-1.804880944463784331e+01,1.137065687004112569e+01,-5.942451860277008002e+00
3.149513765197356818e+01,1.016249815441050508e+01,5.689504849713949852e+01
-2.032404622491028690e+01,2.278529864985171116e+01,5.182241281313227255e+00
-6.829750941281830245e-01,-5.215033921317944987e+01,8.495112743979564840e+00
-2.354338881059268473e+01,-2.444770220307901099e+01,-9.774336965689576218e+00
1.910063332069859499e+01,2.621758755030390375e+01,-1.812929316827431592e+01
-2.676963644864569147e+01,3.989434379152088095e+00,-2.346228795222733510e+01
-2.496996518725180181e+01,1.858966866520455952e+01,-1.106675679384752087e+00
-2.256549559020294282e+01,4.888496739536555680e+01,-1.176163378563496309e+01
3.802424190416039806e+01,1.220376190382485149e+01,-8.210874466026128360e+00
2.890157726415262118e+01,-3.511889433188456877e+01,-8.920276076216678840e-01
-1.087746440934387770e+01,-3.998480034927694504e+01,-4.640787973055668481e+00
3.141917283505762271e+01,1.182593699555264521e+01,5.510043528204042929e+01
-1.837915081360854330e+01,3.537259371363791871e+01,-1.106209800167667012e+00
3.258582551026230334e+01,-1.518082502162482506e+01,-1.067570551721535388e+01
-1.506957872999612746e+01,1.834755306578554723e+01,2.256967042023522829e+00
3.793215057939119106e+01,1.216457582358922629e+01,-9.090606887333189334e+00
3.288982387780171024e+01,-3.763921660514935041e+01,-6.245262187390681952e+00
-4.949357993306304770e+00,4.660147532672240089e+01,-1.420013110665007972e+01
-1.092827352304614053e+01,-3.987038177182343190e+01,1.864970874328155759e+01
7.992068470934112767e-01,-2.941909115850891965e+01,2.243978819820113202e+01
-2.824739501737695946e+00,4.528833090038587272e+01,-1.574616973779055762e+01
2.911354866716711953e+01,7.130458403331231487e+00,-9.360770866295970549e+00
2.001594057604339227e-01,-3.020654793232089474e+01,2.233191227604456941e+01
-2.222595639956902502e+01,-1.203925962791616427e-01,3.449874960934436352e+00
1.878241979998059819e+01,3.370804497363941010e+01,-1.435615424501513893e+01
4.190365632770660653e+01,1.223725116229651277e+01,4.894951927314895102e+01
2.890697181962263684e+01,1.123371614320434020e+01,6.005534505786961574e+01
-6.964691017618172886e+00,-4.289538611712028171e+01,-2.328751116458595283e-01
-7.687466018483275931e+00,-4.822964554162624040e+01,6.962123688028460933e-01
3.266476379150271470e+01,-3.669939168156302856e+01,-5.645723218818649691e+00
-2.814829056015765474e+01,3.594181313187722537e+01,-1.608511396318115061e+01
-9.338398114243458892e+00,5.758063688320563811e-01,1.171351474093721023e+01
-2.319961679153070477e+01,2.965880459248295131e-01,3.826356140861085553e+00
-1.489284751703236864e+01,-4.006251001091128217e+01,1.416590644900144635e+00
-1.056948052941511840e+01,-6.217277692860564642e+00,2.505109319772520049e+00
-2.844563890182093502e+01,3.280828053822743584e+01,-1.589279900829663639e+01
-1.525008633852324991e+01,-4.337655401331006289e+01,2.216221781189438911e+00
3.348125307863246292e+01,-1.570576513553812426e+01,-6.331779082393494740e+00
4.474077174919121092e+01,1.892241332131634834e+01,5.349727130496550132e+01
3.579009051660129614e+01,-8.191375148843500043e+00,-1.369585214758494374e+01
-1.905329389192580791e+01,-2.107041581073188041e+01,3.137031936932774379e+00
8.389540684339694465e+00,3.365845327317678937e+01,-2.547085135304954662e+01
-7.147106350742583381e+00,1.847611984033670751e+01,-4.130684910966499146e+00
-7.209239357549400040e+00,-4.042875948514362960e+01,1.841576837423544433e+01
3.172992067839595620e+01,-2.043319785703795688e+01,-2.189815602061145672e+00
-8.006930980602723347e-01,3.649817662522287520e+01,-3.044884328302103071e+01
-1.553160777026024064e+01,-4.392838018154624535e+01,1.079358514547060777e+00
9.001975899499431222e+00,4.885241692264807867e+00,-3.042592813157965992e+01
-2.190177551113403354e+01,4.396359013290188500e+01,-8.441900190062666454e+00
-1.796354097353729173e+01,-4.892751877895085499e+01,-6.620483485064278639e+00
-9.928380225609480192e+00,-4.354404544174931502e+00,3.579788468644256927e+00
-3.175709078804712249e+01,3.579957833859490535e+01,-1.688094135758069214e+01
-4.540472482372891250e+00,-4.076644829397921654e+01,2.251374268860651728e+00
3.830918954865824588e+01,1.500799385182786416e+01,5.129919363667486465e+01
-1.991098646559779528e+00,-4.957562232197548013e+01,7.768710734564453269e+00
4.624588997481788510e+01,1.574947165819236794e+01,4.866123798289290647e+01
-2.827089946475158100e-01,-4.976114248852702815e+01,7.099918824832463393e+00
3.661071928652571472e+01,-9.245595881878788447e+00,-1.342376192640954535e+01
4.452509177780417104e+01,1.732646667675855312e+01,5.363740568587793689e+01
-3.117515844323149565e+01,3.629243277524636113e+01,-1.790652676909905949e+01
-4.518958178517638480e+00,-4.162448782535236091e+01,2.028140046409366182e+00
-2.629387534239396018e+01,-1.819380955373259212e+01,-1.253362325169097247e+01
-3.848766867371893330e+00,-3.739622129871398926e+01,7.792159832411091891e-01
-1.618704286632402400e+01,-5.289681521558406985e+01,1.065141066091146893e+00
-2.590230530513824903e+01,-1.792248503086587519e+01,-1.203432435657081001e+01
-3.208767589770052808e+01,3.285452526769145720e+01,-1.850337715771663483e+01
-1.187298420923029596e+01,-4.008651507461399888e+01,-3.780251196777259626e+00
8.339224452838744028e+00,3.390320449490356225e+01,-2.670330315323666071e+01
-1.878042931778226077e+01,3.618853514121288129e+01,-6.233546525069056266e+00
-2.425933995013045319e+01,3.248179886597279165e+01,-1.909499393957883839e+01
7.866849521845010962e+00,3.656921634513236796e+01,-2.562874858334247108e+01
3.259063548093897111e+01,-2.049514705359298361e+01,-2.181718990839369265e+00
-3.143377089892080889e+01,3.318901950729869554e+01,-1.940294574022216523e+01
-3.536850329486404831e+01,1.657177017056389801e+01,-2.570590074103748535e+01
-3.137071120545987313e+01,2.094446277116765032e+01,-2.316368324532636436e+01
-1.485519002528821275e+01,-5.389793065966043883e+01,4.423442020997998547e+00
-1.261356582259859671e+01,-4.392142945105563001e+01,-4.948522417621450398e-01
-1.869453034055776897e+01,1.036249949465109310e+01,-2.776273281048454944e+00
-1.638346970869352504e+01,-4.469572359208173395e+01,-7.689948843202922824e+00
-2.833736184182730611e+01,-2.939171147771197212e+01,-1.853346517610573585e+01
-1.218536580571684347e+01,-4.045385806872034351e+01,5.817655770642653934e+00
3.376425634569099543e+01,1.639147642871846955e+01,5.237321426554010628e+01
-3.123554886000312081e+01,7.559462082462290233e+00,-2.423506957348542201e+01
-3.518463673560489013e+01,9.399253630320005826e+00,-2.277927059102270846e+01
-3.451854077069373972e+01,9.855628046586794255e+00,-2.345131588171441095e+01
-2.586556002226480899e+01,-4.152962336383989594e+01,-1.620499516217697433e+01
-2.638290458178845199e+01,-3.769397376122790888e+01,-1.587192531951079211e+01
-2.241227396979384423e+01,2.231219843612575460e+01,-9.254139617867801704e+00
-2.075929956748613492e+01,4.374036286077712887e+00,1.364693595283017125e+01
-3.492648944813837630e+01,4.278601555777916232e+00,-2.246134945757713552e+01
-2.205286816406310635e+01,-1.409479978305355097e+00,-1.429457181172392399e+00
-1.978839156480298911e+01,3.556798057695879578e+01,-1.091330907809326733e+00
-1.344539617265063569e+01,-4.009435971296150569e+01,6.828659409818011561e+00
-1.941187873050715851e+01,-2.593021894334316713e+01,2.222208989958878078e+01
-2.231215146031800600e+01,-2.462178953981833018e+01,-7.459109956865728641e+00
-5.242907899944881933e+00,-4.017623986034038808e+01,1.819527782717445774e+01
-1.570089844900533826e+01,-1.121982729784281219e+01,1.800331012316376089e+01
-2.165104148513941595e+01,3.826235549510371925e+01,-3.706727152388844093e+00
-4.360768463691620411e+00,-4.271054110132613602e+01,1.994757130280880730e+01
-1.703815711445026082e+01,-2.722813918956078538e+01,1.993185381309916337e+01
-2.393642765103487946e+01,-3.710264640073102527e+01,-1.438996553722757632e+01
-1.731289745857177564e+01,-4.402023039178578045e+01,-8.664055608390601293e+00
-1.850759575280395097e+01,2.447977890381245558e+01,6.323083479703821119e+00
-7.036289152533368174e+00,-4.075929323234463197e+01,2.182494077710182623e+01
-1.144459471148931584e+01,-5.233608523262931556e+01,2.097740630173390386e+01
-1.784177808912493290e+01,2.299178120317319696e+01,4.792685928481562385e+00
-1.069717779894858012e+01,-5.261969236529319716e+01,2.168080539515830552e+01
-8.129284379783731751e+00,1.767969100099680801e+01,-3.353281790044718935e+00
-2.503691708347606948e+01,3.692395656177084362e+01,-2.041784588010711232e+01
-2.184649522799670507e+01,2.164012048415931844e+01,-5.314485548322341657e+00
-2.395540471275877792e+01,3.873222733856002353e+00,1.024907038973087214e+00
-7.934342705376802585e-02,-4.192838128810804221e+01,2.075894070551829529e+01
-4.098071605540911655e+00,-5.065909464736331813e+01,2.977959929106843706e+00
-2.627435159558735123e+01,1.721198109407590593e+01,-3.036137975595371685e+00
-3.310222917873532111e+01,4.176115314283091351e+00,-2.298001629272372526e+01
-2.879018604697792583e+01,-2.626301170389072936e+01,-1.892388881652188104e+01
-1.375448567070750805e+01,1.372608666269016231e+00,1.676694922655761388e+01
-2.111899268042900601e+01,4.100712174575955515e+01,-6.089240269409500250e+00
-2.236205925956676310e+01,3.479269884143640912e+00,2.212853676890170984e+00
-1.496452186248145644e+01,1.597948039251562946e+01,9.842439936640251519e-01
-2.242762575261132696e+01,4.177571114087917437e+01,-1.835294342526306011e+01
-3.202300138867619239e+01,9.243340773352326067e+00,-2.335818659879249282e+01
-1.856593212659780079e+01,-1.037892839575510884e+01,2.124888207937895501e+01
-1.964757254584143187e+00,-5.136463950646174936e+01,6.628252038352804298e+00
-2.179760488817786168e+01,5.384873103735637301e+01,-1.445865648983080121e+01
-1.940178755579827907e+01,-8.298154919709364918e+00,1.800760766530447299e+01
-2.099767988307797140e+01,-4.755966559152000062e-01,1.224482248528737394e+01
-2.166799255801835145e+01,3.673273901583894485e+01,-2.241028333948267726e+00
-2.374959256388088136e+01,6.019347852174959002e+01,-1.385665321789044491e+01
-8.347990791757737838e+00,-1.990300165833571944e+00,5.397482723624599465e+00
-2.326609737255874677e+01,-2.549968599178951578e+00,8.601286089666604795e+00
-2.852566796866184262e+01,-4.008646722584126110e+01,-1.834491427325625068e+01
-3.503080490402396663e+01,8.175628323928995300e+00,-2.462142813189636925e+01
-4.537812994784442999e+00,-4.528488829177858577e+01,1.850602243832664229e+01
-2.097835993453826475e+01,3.837354783985178841e+01,8.892700793696020511e+00
-3.015675728729148020e+01,-3.260943473853836849e+01,-1.978389788017492990e+01
-3.654118747692957925e+01,1.330712667945385874e+01,-2.485059601444243071e+01
-2.030867083613404400e+00,-4.994285164402599264e+01,1.758094076051423116e+01
-2.387400482053317674e+00,-4.959980921751312621e+01,5.304845109247000146e+00
-2.232504190380159059e+01,5.854647104356534015e+01,-1.419131891010322022e+01
-1.106181121812529788e+01,-2.874074416847615154e+01,1.684028411826883698e+01
-7.494011826417324329e+00,-2.414495008616698968e+01,1.682025187585950121e+01
-2.171453778887698149e+01,5.662292011296345606e+01,-1.547237620670908242e+01
-1.489822870856118975e+01,-4.358408863003061384e+01,-6.731090474910269350e+00
-1.328884960572590757e+00,-4.934259790118846212e+01,1.656404521232836657e+01
-1.857136715367573387e+01,-2.219975683498251939e+01,5.270705853395439178e+00
-1.420344940250851984e+01,-3.835162548980041208e+01,-2.466356597895047909e+00
-2.053099581326261003e+01,2.340224723770027992e+01,-1.029377488455353351e+01
-1.556472885251678129e+01,-4.103958360671525440e+01,-8.708959419126838242e+00
-1.313377377370655807e+01,-2.595682400008229962e+01,2.266590752848171419e+01
-1.992680999003480835e+00,-5.051323212840235755e+01,1.639572057867492916e+01
-2.406716888587939351e+01,5.736731678211045704e+01,-1.383302931640864486e+01
-1.071213854838202906e+01,-2.704305211615017868e+01,1.987422510287757405e+01
-3.968114957052759628e+00,-4.999160443865422110e+01,6.952444418735291620e+00
-1.808106076405796614e+01,3.488586355188549959e+01,6.188758710846129496e+00
-9.726744852781541439e+00,-6.259098938270857282e-01,2.324979319854031345e+01
-6.704306434735346265e+00,-5.424983178754639113e+01,1.476416244172198411e+01
-1.439069583496168114e+01,-3.560387557263450020e+01,2.131357014814942730e+01
-1.145380462739741212e+01,-2.691759688116416527e+01,1.812484431157038856e+01
-1.004123716144040834e+01,6.748617935926651823e-01,1.635024779348302815e+01
-1.814833613458662143e+01,-1.284839618055768717e+01,1.871953066074201999e+01
-2.400185051435554939e+01,5.898361913617962671e+01,-1.276216948728947820e+01
-7.439008654676642074e-01,-5.254534679599911584e+01,1.026804865532888300e+01
-2.723283943505488125e+01,3.677810009362634247e+01,-1.500192585483655883e+01
-2.112175277466310064e+01,3.682850715579963463e+01,-3.738778744127865927e+00
-4.791727650027741703e+00,-5.115573296662693537e+01,1.616040175279156221e+00
-1.151292246496243266e+01,-2.762297993895267645e+00,2.034848673866084567e+01
-1.831416770194976706e+01,-1.050699129058858361e+01,1.861816244330321624e+01
-3.164764865088761425e+01,1.931764429909483738e+01,-2.747952207683971082e+01
-1.086625588481748395e+01,-2.815222175249243719e+01,2.123772081727294037e+01
-3.091941206930471608e+01,6.075613520375088283e-01,-1.913006832601400831e+01
-8.643804693486968560e+00,-3.717443245212135139e+01,-4.113810031589506089e+00
6.288332405124935631e-01,-5.173600628962790182e+01,1.712729941451458515e+01
-3.299219527247468164e+01,1.835129455294839218e+01,-2.666608977506749767e+01
-2.150622943751584160e+01,4.667940841024096343e+00,1.465288783959819208e+00
-2.199579124408676023e+01,4.363253468047063421e+01,-5.400168753866503302e+00
-1.091031811843054733e+01,-7.124566594060224856e-02,1.509298839084314281e+01
-1.169074703689523886e+01,-5.985079774642987793e+00,1.839124677718035983e+01
-1.213727258732164849e+01,6.547115627972290852e-01,1.621810515803948149e+01
-8.243360014498250621e+00,-2.319049451756268709e+01,1.701753937622235213e+01
-8.157214854379137847e-01,-2.874217807966530103e+01,2.209353188043700911e+01
-1.193852196206628768e+01,-2.562403351987791567e+01,1.950342521680536123e+01
3.633141532667021067e+01,2.222822407433051950e+01,5.909330944447511058e+01
-1.722358978741337410e+01,1.928218609125081784e+01,5.300669066024783938e+00
-7.829899959680316490e-01,-2.894718152895877594e+01,2.314328858816545420e+01
-5.298684935557366416e+00,-5.541373976555894387e+01,1.514851741910326766e+01
-2.280116772304036843e+01,4.665613822391383536e+01,-8.433015128577453723e+00
-5.360151910934884967e-01,-4.823635188095912696e+01,1.851338378670422458e+01
-2.615255151751791729e+01,1.303509858758507178e+01,1.853993199155381433e+01
-1.746663611828182283e+01,-1.465625475391495769e+01,2.167372005669013646e+01
-1.934138293347711013e+01,-1.871400516419352655e+01,2.583585157642016483e+01
-1.926314199971513830e+01,-1.964070825432205680e+01,2.699609750557795351e+01
-1.437091543444204156e+01,-2.229543882625108253e+01,2.684083485947905245e+01
-2.251875053089498735e+01,3.854558074299985293e+01,4.393655382405710519e+00
-1.134533537423607008e+01,1.169402980523479840e+01,-1.630193258956142977e+00
-2.635080337085935298e+01,3.169872410272663288e+01,4.257096034333105017e+00
-1.709708948508916748e+01,-2.135511809940119576e+01,2.823863058703794948e+01
-2.185764166815476983e+01,1.150217762642560793e+01,1.386538288740851499e+01
-1.259265552608128935e+01,-4.309961953781877497e+01,4.045213253157396771e+00
4.462187337154392708e+01,9.536759483906230628e+00,-1.681361405083752558e+01
-1.431052932635924202e-01,-5.036547372292553604e+01,5.806265012956645322e+00
-1.000030006405190264e+01,1.890958992348759438e+01,-2.190289005760209129e+00
3.042637930072709551e+01,1.631848809200650052e+01,-1.273865975907701475e+01
-2.478146292246781357e+01,5.937926785882833514e+01,-1.427865745504222872e+01
2.691851734099645554e+01,1.257802326269997373e+01,-1.594232235101202733e+01
-1.713232743764567800e+01,-2.988049354329116625e+01,2.072111741749946745e+01
4.043914253764662448e+01,1.483802618482586055e+01,5.131606330067469202e+01
-2.198868664413346252e+01,4.034761837632392201e+01,-8.281120265836175776e+00
-2.778497600078328489e+01,-3.396622776718697168e+01,-1.771355951614048863e+01
1.287468813613783247e+01,-2.523856267393461472e+00,-2.629101852627530533e+01
-2.543609701235114073e+01,2.824834585518277663e+01,4.902044078536318850e+00
3.666639170322315522e+01,-8.546010889292539048e+00,-1.176277604674242561e+01
1.920771766649555090e+01,4.923029837656576646e+00,-1.495819551632238342e+00
1.313542024852483969e+01,-1.534818776394985207e+00,-2.690190968536986205e+01
3.938416413908770863e+01,1.233585891559330427e+01,5.607047506126330205e+01
3.004337448583441272e+01,1.385336298536035038e+01,5.952964653909504023e+01
-9.146965670513498847e-02,4.025512684861075741e+01,-2.142188687962165261e+01
4.335927193733654406e+01,-1.989217129967888198e+01,-6.783366926058989499e+00
-2.529043744098401802e+01,-3.653586329640251051e+01,-1.613060857607018761e+01
-2.971422954282396489e+01,3.982419024770714344e+01,-1.532844927863324358e+01
2.964753339977692548e+01,4.816659028187453728e+00,-1.284334169217304833e+01
-2.900042292396724264e+01,-2.994965206064111030e+01,-1.185967367667362460e+01
-1.976902177231628599e+01,8.412176219587507831e+00,7.588053678932442647e-01
-2.961959344618405510e+01,3.851189532871081411e+01,-1.649078993925239445e+01
-1.339536603762750744e+01,1.711111901870716068e+01,2.705730277987315358e+00
3.266227640514894404e+01,1.588881056452593299e+01,5.116692441375726474e+01
3.954715034118770234e+01,1.007969020233197099e+01,5.078369438577848882e+01
-1.602877221377892170e+01,-5.290434041544575194e+01,3.864804453503743797e+00
-2.882465308868611409e+00,-5.091236470005603110e+01,8.865004657503412488e+00
1.269555382031287216e+01,-2.386326711014208346e+00,-2.761439908745886385e+01
-1.329812789158830455e+01,-3.711483121672527830e+01,7.063978256448944393e+00
-4.094434762311018439e+00,-4.673796985359673783e+01,1.755599296929018749e+01
2.087402676327519657e+01,1.147952472480066000e+01,-3.395486043716398505e+00
-2.573027539866700764e+01,3.550985557187093633e+01,1.130443621148497613e+00
3.863264750931980984e+01,7.314941522643052529e+00,5.137599696753998302e+01
-3.665234048240640874e+01,7.101327740963979451e+00,-2.365219713101823729e+01
-2.411360699479499559e+01,4.915119072600050032e+01,-1.412471601274207877e+01
-1.039485676058449926e+01,1.228923369627300533e+00,2.272633506179291629e+01
-9.698072028489550078e+00,-2.755594365299058879e+01,2.453203407571551153e+01
-1.508106171959481223e+01,-5.131873498259322020e+01,4.015257602304671103e+00
3.471473479266422402e+01,9.674440137606756807e+00,-1.114100235432417563e+01
-9.842499603529038410e+00,-4.076774657989275852e+01,6.926328915652191220e+00
3.624547875031475996e+01,-3.619197271196607346e+01,-5.400013725150272670e+00
3.294552787452109044e+01,-3.350470711924189970e+01,5.233725643015846307e-01
-1.977970222697515013e+01,3.352630897903088680e+01,1.122804782047310823e+00
-2.445894496257353978e+01,4.402333863722808616e+01,-1.646496065899308903e+01
4.264840928633292094e+01,-6.214764584987339191e+00,-7.058451896784299961e+00
-1.072171275041333516e+01,-3.624220821461351250e+01,1.811509021970847755e+01
-1.885443006151640333e+01,9.161015704589818398e+00,-7.456550483042144739e-01
-4.135755102920382065e+00,-4.924094611083285145e+01,1.473295016353237941e+01
-2.774190492758433990e+01,1.841984071419528490e+01,-5.554775259465277948e+00
-2.177505912429565171e+01,-5.209359876287210867e+00,1.511321377474660643e+01
3.166212034854167001e+01,-5.256469475407948622e+00,-8.617653671556478656e+00
-2.053487235366374364e+01,-2.578452777413022901e+01,-2.122332895519580376e+00
-1.640188479375147423e+01,-3.204239352167354582e+01,2.144600866992061228e+01
-2.888985094331191306e+01,2.212865039422228008e+01,-2.142913429440464768e+01
-1.445103525040255477e+01,-5.228785159009275674e+01,3.431717233498590591e+00
-2.766878859169165494e+01,1.828671322334380633e+01,-7.784386912853140217e+00
-1.500266686098000157e+01,-5.305236646249721844e+01,5.730818091880488296e+00
-2.241788045393509776e+01,1.092943262819673400e+01,1.420565896857394783e+01
4.308071174616095789e+01,1.884406768356226891e+01,5.527391218688244123e+01
-1.960926507711866051e+01,-4.198216123943432621e+01,-1.402099197274702291e+01
4.309033740757300990e+01,1.086473749756667573e+01,5.354765497182383882e+01
-2.341398504874638320e+01,4.283050807797118154e+01,-6.572018348360121109e+00
4.559206714430417406e+01,1.670657516348501304e+01,4.942075407162694489e+01
3.116036185103418177e+01,-8.775462948960123910e+00,-7.659572936159405820e+00
-3.971124202079188592e+00,3.933158460025800451e+01,-2.220411329166517689e+01
2.993504024798132690e+01,1.138348888348956400e+01,5.426091331058024281e+01
-2.649925575537911726e+01,-3.977946970953227890e+01,-1.767393709973938698e+01
3.693349882021087893e+01,-3.752642823111305148e+01,-1.155988039357964681e+00
-2.002084710804021483e+01,1.260781168836078692e+01,-3.663837970977204428e+00
-2.365880790933123379e+01,3.631973940709230675e+01,-2.089100725702006756e+01
4.084518116831560519e+01,9.720076464253228465e+00,-9.605919023948448654e+00
3.962215168936303655e+01,-1.483800328620321096e+01,-7.694185402841994481e+00
-1.802326937770386550e+01,3.591742215942812777e+01,6.101189599082332826e+00
-5.855779783424814866e+00,-3.739678775818060785e+01,3.167983229077107055e+00
2.046729994466741331e+01,2.831681931201034530e+01,-1.767935794477878986e+01
1.396363847292341021e+01,-4.117760387583049742e+00,-2.745213351599522156e+01
2.188956643738393382e+01,2.707154439343102226e+01,-1.742797574431445184e+01
-2.972521342577597991e+01,-3.332235944830648577e+01,-2.124735641310322265e+01
3.026764252410093192e+01,-4.407285580743345310e-01,-1.204095302792250166e+01
4.220133025108933111e+01,3.967270594459477273e+00,-1.307097632328251180e+01
-1.359524006240285487e+01,-3.173700135153975310e+01,2.068927061333063833e+01
3.171743952900288477e+01,8.354325926689066151e+00,5.260412853252454113e+01
-2.053936679686309574e+01,5.386589309418916116e+01,-1.497075890516995500e+01
-2.379547723933626457e+01,3.518473696135904305e+01,-1.721222239054719383e-01
3.008209632852780402e+01,9.441192281912995199e+00,5.684086407616942438e+01
8.047678852914598835e+00,-1.629114719280575718e+00,-2.514762791726369429e+01
-1.914499989244042411e+01,-4.715579136288850748e+01,-9.311050147531986454e+00
1.766838428893360202e+01,4.111748268189627353e+00,-2.163163958512503271e+01
-2.108950183122321320e+01,-1.451827389704488436e+00,-1.806882224915770552e+00
4.114227000983209592e+01,-2.045410498444977421e+01,-6.786538087366513317e+00
1.172848326247038164e+00,3.826460396360522509e+01,-1.761043406294721336e+01
-2.101566459938658937e+01,1.095541754972946435e+01,1.572027717144758263e+01
-1.791475791965956788e+01,3.134038625046616033e+01,6.887258338137299596e+00
-6.999744874500032132e+00,-4.454025586118956426e+01,1.232367607154836842e+00
-1.998384334594605605e+01,5.570522532896369228e+01,-1.753232383263533123e+01
-3.602060940746349615e+01,1.801287922542788777e+01,-2.349249898760658084e+01
-3.335652578789598266e+01,3.376218799872651832e+00,-2.236687542058679412e+01
3.366617055999574859e+01,-3.652011896633192123e+01,3.496376170761393620e+00
-2.311898798085037754e+01,3.741874984448119079e+01,-2.035829047730234365e+01
-1.312254824685784982e+01,-2.712992002313806950e+01,2.289528523010460859e+01
-2.701620092498590253e+01,1.757341784948281571e+01,-2.591901322918008788e+00
-1.015438694467485981e+01,-2.743863118255472244e+01,1.694043233712177354e+01
3.459702922167689820e+01,1.777146939505112400e+01,5.538776358262600041e+01
-1.858423127664834240e+01,-2.752780848573708283e+01,2.195827213980513193e+01
4.359568825051308494e+01,1.438728443922228983e+01,-1.681657604216723101e+01
2.021098374888708804e+01,1.681009392802118896e+01,-1.709984338771113954e+01
-2.891225367860737805e+01,-3.431582211750900768e+01,-1.997789656145510762e+01
1.711481905495140055e+01,1.743764561190271678e+01,-1.855461117081686595e+01
-3.381222616034802542e+01,2.030060153165860726e+01,-2.614210556945827335e+01
3.273559305589834167e+01,-4.083416007271632964e+01,4.999229538738461098e-01
-2.381396436189843513e+01,4.991081768425171816e+01,-1.160333348008928489e+01
-9.842208595217595501e+00,-3.821047067662383334e+00,2.017029106943371630e+01
-2.235803644753162445e+01,2.847232525212378906e+00,3.757495794598306182e-01
-3.626511961826057018e+01,9.648087592189810380e+00,-2.554981378253098967e+01
4.520731790074856349e+01,1.477273385708075715e+01,-1.549243541138875990e+01
-1.089284826314279719e+01,-6.377318040940376243e+00,1.727781838960729743e+01
-2.305047918700720899e+01,4.126197468003839930e+01,-1.769741442712242208e+00
2.866784668140027392e+01,6.142235480015525440e+00,-1.326020480886904807e+01
9.443059222883463111e-01,-5.384315746526915802e+01,1.767791137727792261e+01
-2.289250049010761856e+01,4.578042005868146447e+01,-5.943433742179185408e+00
3.799783102352116515e+01,-9.466271076957289310e+00,-1.682535020682902172e+01
4.073968555514066026e+01,-3.606429839180176344e+00,-6.253615819802499587e+00
4.039709978096011156e+01,8.455585058816190269e+00,4.783641211047181940e+01
3.802274510122516915e+01,-7.741938908622577387e+00,-1.306807861087360401e+01
3.221530038484085878e+01,-2.479636537733039248e+01,3.501939579644629957e-02
4.208191505723529069e+00,3.700602787565964746e+01,-2.466761369142486160e+01
3.841172621795756470e+01,1.934717085355523380e+01,-1.515840769008354982e+01
1.561184391476034605e+01,2.619232164421186582e+01,-1.967224704577571259e+01
4.934329529478150178e+00,3.795476694387337346e+01,-2.501962558243215184e+01
3.820779532026460146e+01,-1.104773022606040378e+01,-1.167626114472069432e+01
1.828935213623542566e+01,1.046705768061152497e+01,-1.950434928807700086e+00
-3.100853069219074443e-01,4.486323738010148787e+01,-1.653589562027726600e+01
-1.392559414174384536e+01,-2.991306915375503639e+00,1.814036867788741247e+01
3.680273659248594953e+01,-3.923288341740685325e+01,3.405219313019344884e+00
-3.084899507435376975e+01,2.243499670771745969e+01,-2.503109584441508417e+01
3.371759549777718945e+01,1.053025992525511967e+01,-1.180715572242578126e+01
3.571168271721637666e+01,2.031957777782823271e+01,-1.295243875640469966e+01
3.871811595774980930e+01,-2.207403611863342441e+00,-2.585832432292591854e+00
-2.419367861734314573e+01,-4.040519734029867749e+01,-2.012697686468172620e+01
3.969415328132762966e+01,8.016045264612253973e+00,-1.080178678590479180e+01
3.522791071252086681e+01,-1.307193246763076111e+01,-8.707573288218892316e+00
3.507219155262389165e+01,1.989485232823694005e+01,-1.371195948876901305e+01
4.060713471337642488e+00,4.668500336670455653e+01,-1.132697016624656605e+01
4.206412984873723815e+01,2.217989557767670483e+00,-9.963400765473705789e+00
4.220687518359730461e+01,4.451151515461364561e+00,-9.144055833890988083e+00
1.411793453993986480e+00,4.456578743763450490e+01,-1.739995535119781422e+01
-2.197226818241151847e+01,2.541784830185704891e+01,-1.394094769409488954e+01
3.033735520065891222e+01,-3.210571504281471533e+01,-3.014598443756744128e-01
1.975192978819827161e+01,2.991761740247291712e+01,-1.503834822026246698e+01
-2.498336822865288909e+01,-3.354947884037238737e+01,-1.711808878681510748e+01
-1.266378846342357534e+01,-3.829235854980859699e+01,1.056643268550303638e+01
-2.845577093224615339e+01,2.068639720486243760e+01,-7.841140734117311162e+00
-5.477999886907610971e+00,-4.884770790167323895e+01,1.791733706946441984e+01
3.058828604505911031e+01,-3.258109849556427662e+01,-1.289548754827172905e+00
6.035531895282316484e+00,4.851773897005758229e+00,-2.742919671147043204e+01
3.108891485429181856e+01,-3.733707272115741915e+01,2.312086115439961453e+00
-3.663485659184138399e+01,2.134807730404472181e+01,-2.112166292936313283e+01
1.930458497143143859e+01,2.659382325290768989e+01,-1.902130902098918241e+01
-3.597575678439057612e+01,2.320873618533511618e+01,-2.052125815027937250e+01
-2.792809843725384766e+01,-3.259247959910863557e+01,-1.549367832665078204e+01
3.173735121288311944e+01,1.100678262460411894e+01,5.418848128253880958e+01
-2.064898295741280521e+01,2.356271831714605636e+00,1.351497423694958933e+01
1.619431941586576329e+01,1.169593717552419143e+01,-2.307658907462209896e+01
-2.267753487316143080e+01,-2.360315667462489486e+01,-9.692433907671937021e+00
-1.413356115604778296e+01,-2.654144763132632079e+01,2.148174049540667951e+01
-1.277905439149435729e+01,-4.449682248189733258e+01,1.500363339989146283e+00
4.318875748899505851e+01,1.868148800525685971e+01,5.293032153647826021e+01
3.262561430824518283e+01,-1.535572196292157443e+01,-7.055034181136270455e+00
3.475957538509780420e+01,-9.079468623489384882e+00,-9.395375668597361951e+00
-2.912767828382315827e+01,3.295884482265642390e+01,-1.684509351223125506e+01
-1.379648714444029878e+01,-5.376939424896061581e+01,5.422740222520534559e+00
4.553889364062750644e+01,1.655696495213808106e+01,4.804540928612558304e+01
-1.800315737139317207e+01,-4.915372692569522428e+01,-7.750168247652125864e+00
-2.508112559841093514e+01,3.917729602012193624e+01,-1.096919189782015103e+01
-1.265107976043192650e+01,-3.481166386135233548e+00,1.718101460725350194e+01
-3.071874292843612153e+01,3.418267478901059064e+01,-1.783090177262523213e+01
3.288043647057028007e+00,3.705238900721379025e+01,-2.666090691155777392e+01
4.084083340914323657e+01,1.251580883638655450e+01,4.842973956494371635e+01
3.002567286636870136e+01,1.117049541715500816e+01,5.849115487745011421e+01
7.515665050707101891e+00,3.644139506942145346e+01,-2.674318915323740242e+01
-2.314960266835086955e+01,4.382699031304503734e+01,-8.545144015430393480e+00
-1.201725058765509679e+01,-4.325446603837377779e+01,2.159435395938684166e-01
-2.151778383059549782e+01,4.024785451647962198e+00,1.443367128190229032e+01
-1.098095087295996031e+01,-3.824838713357397069e+01,1.778897702534345271e+01
-1.885537386450741693e+01,-2.711784285712158393e+01,3.126424428556602564e+01
-3.579745993339584231e+01,1.323095833413884215e+01,-2.593123869220186606e+01
-1.335870171949068919e+01,-2.195592613516708980e+01,1.677208161546206711e+01
-1.114977657154986090e+01,-2.658390525386329628e+01,2.307296996210875406e+01
