3.621600,8.666100,-2.807300,-0.446990,1.000000
4.545900,8.167400,-2.458600,-1.462100,1.000000
3.866000,-2.638300,1.924200,0.106450,2.000000
3.456600,9.522800,-4.011200,-3.594400,1.000000
0.329240,-4.455200,4.571800,-0.988800,2.000000
4.368400,9.671800,-3.960600,-3.162500,1.000000
3.591200,3.012900,0.728880,0.564210,1.000000
2.092200,-6.810000,8.463600,-0.602160,2.000000
3.203200,5.758800,-0.753450,-0.612510,1.000000
1.535600,9.177200,-2.271800,-0.735350,1.000000
1.224700,8.777900,-2.213500,-0.806470,1.000000
3.989900,-2.706600,2.394600,0.862910,2.000000
1.899300,7.662500,0.153940,-3.110800,1.000000
-1.576800,10.843000,2.546200,-2.936200,1.000000
3.404000,8.726100,-2.991500,-0.572420,1.000000
4.676500,-3.389500,3.489600,1.477100,2.000000
2.671900,3.064600,0.371580,0.586190,1.000000
0.803550,2.847300,4.343900,0.601700,2.000000
1.447900,-4.879400,8.342800,-2.108600,2.000000
5.242300,11.027200,-4.353000,-4.101300,1.000000
5.786700,7.890200,-2.619600,-0.487080,1.000000
0.329200,-4.455200,4.571800,-0.988800,2.000000
3.936200,10.162200,-3.823500,-4.017200,1.000000
0.935840,8.885500,-1.683100,-1.659900,1.000000
4.433800,9.887000,-4.679500,-3.748300,1.000000
0.705700,-5.498100,8.336800,-2.871500,2.000000
1.143200,-3.741300,5.577700,-0.635780,2.000000
-0.382140,8.390900,2.162400,-3.740500,1.000000
6.563300,9.818700,-4.411300,-3.225800,1.000000
4.890600,-3.358400,3.420200,1.090500,2.000000
-0.248110,-0.177970,4.906800,0.154290,2.000000
1.488400,3.627400,3.308000,0.489210,1.000000
4.296900,7.617000,-2.387400,-0.961640,1.000000
-0.965110,9.411100,1.730500,-4.862900,1.000000
-1.616200,0.809080,8.162800,0.608170,2.000000
2.439100,6.441700,-0.807430,-0.691390,1.000000
2.688100,6.019500,-0.466410,-0.692680,1.000000
3.628900,0.813220,1.627700,0.776270,2.000000
4.567900,3.192900,-2.105500,0.296530,1.000000
3.480500,9.700800,-3.754100,-3.437900,1.000000
4.171100,8.722000,-3.022400,-0.596990,1.000000
-0.206200,9.220700,-3.704400,-6.810300,1.000000
-0.006892,9.293100,-0.412430,-1.963800,1.000000
0.964410,5.839500,2.323500,0.066365,1.000000
2.856100,6.917600,-0.793720,0.484030,1.000000
-0.786900,9.566300,-3.786700,-7.503400,1.000000
2.084300,6.625800,0.483820,-2.213400,1.000000
-0.786900,9.566300,-3.786700,-7.503400,1.000000
3.910200,6.065000,-2.453400,-0.682340,1.000000
1.634900,3.286000,2.875300,0.087054,1.000000
4.323900,-4.883500,3.435600,-0.577600,2.000000
5.262000,3.983400,-1.557200,1.010300,1.000000
3.145200,5.825000,-0.514390,-1.494400,1.000000
2.549000,6.149900,-1.160500,-1.237100,1.000000
4.926400,5.496000,-2.477400,-0.506480,1.000000
4.826500,0.802870,1.637100,1.187500,2.000000
2.563500,6.776900,-0.619790,0.385760,1.000000
5.807000,5.009700,-2.238400,0.438780,1.000000
3.137700,-4.109600,4.570100,0.989630,2.000000
-0.782890,11.360300,-0.376440,-7.049500,1.000000
2.888000,0.446960,4.590700,-0.243980,2.000000
0.496650,5.527000,1.778500,-0.471560,1.000000
4.258600,11.296200,-4.094300,-4.345700,1.000000
1.793900,-1.117400,1.545400,-0.260790,2.000000
5.402100,3.103900,-1.153600,1.565100,1.000000
2.536700,2.599000,2.093800,0.200850,1.000000
4.605400,-4.076500,2.758700,0.319810,2.000000
2.423500,9.533200,-3.078900,-2.774600,1.000000
1.000900,7.784600,-0.282190,-2.660800,1.000000
0.123260,8.984800,-0.935100,-2.433200,1.000000
3.952900,-2.354800,2.379200,0.482740,2.000000
4.137300,0.492480,1.093000,1.827600,2.000000
4.718100,10.015300,-3.948600,-3.858200,1.000000
4.165400,-3.449500,3.643000,1.087900,2.000000
4.406900,10.907200,-4.577500,-4.427100,1.000000
2.306600,3.536400,0.575510,0.419380,1.000000
3.793500,7.985300,-2.547700,-1.872000,1.000000
0.049175,6.143700,1.782800,-0.721130,1.000000
0.248350,7.643900,0.988500,-0.873710,1.000000
1.131700,3.964700,3.397900,0.843510,1.000000
2.803300,9.086200,-3.366800,-1.022400,1.000000
4.468200,2.290700,0.957660,0.830580,1.000000
5.018500,8.597800,-2.937500,-1.281000,1.000000
1.866400,7.776300,-0.238490,-2.963400,1.000000
3.245000,6.630000,-0.634350,0.869370,1.000000
4.029600,2.675600,0.806850,0.716790,1.000000
-1.131300,1.903700,7.533900,1.022000,2.000000
0.876030,6.814100,0.841980,-0.171560,1.000000
4.119700,-2.795600,2.070700,0.674120,2.000000
3.802700,0.815290,2.104100,1.024500,2.000000
1.480600,7.637700,-2.787600,-1.034100,1.000000
4.063200,3.584000,0.725450,0.394810,1.000000
4.306400,8.206800,-2.782400,-1.433600,1.000000
2.448600,-6.317500,7.963200,0.206020,2.000000
3.271800,1.783700,2.116100,0.613340,2.000000
-0.644720,-4.606200,8.347000,-2.709900,2.000000
2.954300,1.076000,0.645770,0.893940,2.000000
2.161600,-6.880400,8.151700,-0.081048,2.000000
3.820000,10.927900,-4.011200,-5.028400,1.000000
-2.741900,11.403800,2.539400,-5.579300,1.000000
3.366900,-5.185600,3.693500,-1.142700,2.000000
4.559700,-2.421100,2.641300,1.616800,2.000000
5.112900,-0.498710,0.628630,1.118900,2.000000
3.339700,-4.614500,3.982300,-0.237510,2.000000
4.202700,0.227610,0.961080,0.972820,2.000000
3.543800,1.239500,1.997000,2.154700,2.000000
2.313600,10.665100,-3.528800,-4.767200,1.000000
-1.858400,7.886000,-1.664300,-1.838400,1.000000
3.106000,9.541400,-4.253600,-4.003000,1.000000
2.916300,10.830600,-3.343700,-4.122000,1.000000
3.992200,-4.467600,3.730400,-0.109500,2.000000
1.518000,5.694600,0.094818,-0.026738,1.000000
3.235100,9.647000,-3.207400,-2.594800,1.000000
4.218800,6.816200,-1.280400,0.760760,1.000000
1.781900,6.917600,-1.274400,-1.575900,1.000000
2.533100,2.913500,-0.822000,-0.122430,1.000000
3.896900,7.416300,-1.824500,0.140070,1.000000
2.108000,6.795500,-0.170800,0.490500,1.000000
2.896900,0.707680,2.290000,1.866300,2.000000
0.929700,-3.797100,4.642900,-0.295700,2.000000
3.464200,10.687800,-3.407100,-4.109000,1.000000
4.071300,10.402300,-4.172200,-4.758200,1.000000
-1.457200,9.121400,1.742500,-5.124100,1.000000
-1.507500,1.922400,7.146600,0.891360,2.000000
-0.917180,9.988400,1.180400,-5.226300,1.000000
2.994000,7.201100,-1.215300,0.321100,1.000000
-2.343000,12.951600,3.328500,-5.942600,1.000000
3.781800,-2.884600,2.255800,-0.157340,2.000000
4.668900,1.309800,0.055404,1.909000,2.000000
3.466300,1.111200,1.742500,1.338800,2.000000
3.269700,-4.341400,3.688400,-0.298290,2.000000
5.130200,8.670300,-2.891300,-1.508600,1.000000
2.013900,6.141600,0.379290,0.569380,1.000000
0.433900,5.539500,2.033000,-0.404320,1.000000
-1.040100,9.398700,0.859980,-5.333600,1.000000
4.160500,11.219600,-3.613600,-4.081900,1.000000
5.438000,9.466900,-4.941700,-3.920200,1.000000
5.032000,8.202600,-2.625600,-1.034100,1.000000
5.241800,10.538800,-4.117400,-4.279700,1.000000
-0.206200,9.220700,-3.704400,-6.810300,1.000000
2.091100,0.943580,4.551200,1.234000,2.000000
1.731700,-0.347650,4.190500,-0.991380,2.000000
4.173600,3.333600,-1.424400,0.604290,1.000000
3.923200,-3.246700,3.457900,0.837050,2.000000
3.848100,10.153900,-3.856100,-4.222800,1.000000
0.519500,-3.263300,3.089500,-0.984900,2.000000
3.858400,0.784250,1.103300,1.700800,2.000000
1.749600,-0.175900,5.182700,1.292200,2.000000
3.627700,0.982900,0.688610,0.634030,2.000000
2.739100,7.401800,0.071684,-2.530200,1.000000
4.544700,8.227400,-2.416600,-1.587500,1.000000
-1.759900,11.921100,2.675600,-3.324100,1.000000
5.069100,0.213130,0.202780,1.209500,2.000000
3.459100,11.112000,-4.203900,-5.093100,1.000000
1.935800,8.165400,-0.023425,-2.258600,1.000000
2.486000,-0.995330,5.340400,-0.154750,2.000000
2.422600,-4.575200,5.947000,0.215070,2.000000
3.947900,-3.772300,2.883000,0.019813,2.000000
2.263400,-4.486200,3.655800,-0.612510,2.000000
1.356600,4.235800,2.134100,0.321100,1.000000
5.045200,3.896400,-1.430400,0.862910,1.000000
3.549900,8.616500,-3.279400,-1.200900,1.000000
0.173460,7.869500,0.268760,-3.788300,1.000000
2.400800,9.359300,-3.356500,-3.352600,1.000000
4.885100,1.599500,-0.000291,1.640100,1.000000
4.192700,-3.267400,2.583900,0.217660,2.000000
1.116600,8.649600,-0.962520,-1.811200,1.000000
1.023500,6.901000,-2.006200,-2.712500,1.000000
-1.803000,11.881800,2.045800,-5.272800,1.000000
0.117390,6.276100,-1.549500,-2.474600,1.000000
0.570600,-0.024800,1.242100,-0.562100,2.000000
4.055200,-2.458300,2.280600,1.032300,2.000000
-1.695200,1.065700,8.829400,0.949550,2.000000
-1.119300,10.727100,2.093800,-5.650400,1.000000
1.879900,2.470700,2.493100,0.376710,1.000000
3.583000,-3.797100,3.439100,-0.125010,2.000000
0.190810,9.129700,-3.725000,-5.822400,1.000000
3.658200,5.686400,-1.715700,-0.237510,1.000000
-0.131440,-1.777500,8.331600,0.352140,2.000000
2.392500,9.798000,-3.036100,-2.822400,1.000000
1.642600,3.014900,0.228490,-0.147000,1.000000
-0.117830,-1.578900,8.030000,-0.028031,2.000000
-0.695720,8.616500,1.841900,-4.328900,1.000000
2.942100,7.410100,-0.977090,-0.884060,1.000000
-1.755900,11.945900,3.094600,-4.897800,1.000000
-1.253700,10.880300,1.931000,-4.323700,1.000000
3.258500,-4.461400,3.802400,-0.150870,2.000000
1.831400,6.367200,-0.036278,0.049554,1.000000
4.564500,-3.627500,2.868400,0.277140,2.000000
2.736500,-5.032500,6.660800,-0.578890,2.000000
0.929700,-3.797100,4.642900,-0.295700,2.000000
3.966300,10.168400,-4.113100,-4.605600,1.000000
1.457800,-0.084850,4.178500,0.591360,2.000000
4.827200,3.068700,0.686040,0.807310,1.000000
-2.341000,12.378400,0.704030,-7.583600,1.000000
-1.858400,7.886000,-1.664300,-1.838400,1.000000
4.145400,7.257000,-1.915300,-0.860780,1.000000
1.915700,6.081600,0.237050,-2.011600,1.000000
4.021500,-2.191400,2.464800,1.140900,2.000000
5.886200,5.874700,-2.816700,-0.300870,1.000000
-2.089700,10.826500,2.360300,-3.419800,1.000000
4.002600,-3.594300,3.557300,0.268090,2.000000
-0.786890,9.566300,-3.786700,-7.503400,1.000000
4.175700,10.261500,-3.855200,-4.305600,1.000000
0.832920,7.540400,0.650050,-0.925440,1.000000
4.807700,2.232700,-0.263340,1.553400,1.000000
5.306300,5.268400,-2.890400,-0.527160,1.000000
2.560500,9.268300,-3.591300,-1.356000,1.000000
2.105900,7.604600,-0.477550,-1.846100,1.000000
2.172100,-0.738740,5.467200,-0.723710,2.000000
4.289900,9.181400,-4.606700,-4.326300,1.000000
3.515600,10.189100,-4.275900,-4.978000,1.000000
2.614000,8.008100,-3.725800,-1.306900,1.000000
0.680870,2.325900,4.908500,0.549980,2.000000
4.196200,0.744930,0.832560,0.753000,2.000000
6.091900,2.967300,-1.326700,1.455100,1.000000
1.323400,3.296400,0.236200,-0.119840,1.000000
1.326400,1.032600,5.656600,-0.413370,2.000000
-0.167350,7.627400,1.206100,-3.624100,1.000000
-1.300000,10.267800,-2.953000,-5.863800,1.000000
-2.226100,12.539800,2.943800,-3.525800,1.000000
2.419600,6.466500,-0.756880,0.228000,1.000000
1.098700,0.639400,5.989000,-0.582770,2.000000
4.646400,10.532600,-4.585200,-4.206000,1.000000
-0.360380,4.115800,3.114300,-0.371990,1.000000
1.356200,3.213600,4.346500,0.786620,2.000000
0.570600,-0.024800,1.242100,-0.562100,2.000000
-2.647900,10.137400,-1.331000,-5.470700,1.000000
3.121900,-3.137000,1.925900,-0.374580,2.000000
5.494400,1.547800,0.041694,1.928400,1.000000
-1.338900,1.552000,7.080600,1.031000,2.000000
-2.336100,11.960400,3.083500,-5.443500,1.000000
2.259600,-0.033118,4.735500,-0.277600,2.000000
0.469010,-0.633210,7.384800,0.365070,2.000000
2.729600,2.870100,0.511240,0.509900,1.000000
2.046600,2.030000,2.176100,-0.083634,1.000000
-1.327400,9.498000,2.440800,-5.268900,1.000000
3.890500,-2.152100,2.630200,1.104700,2.000000
3.999400,0.904270,1.169300,1.689200,2.000000
2.395200,9.508300,-3.178300,-3.008600,1.000000
3.270400,6.932100,-1.045600,0.234470,1.000000
-1.393100,1.566400,7.538200,0.784030,2.000000
1.640600,3.548800,1.396400,-0.364240,1.000000
2.774400,6.857600,-1.067100,0.075416,1.000000
2.428700,9.382100,-3.247700,-1.454300,1.000000
4.213400,-2.806000,2.011600,0.674120,2.000000
1.647200,0.482130,4.744900,1.225000,2.000000
2.059700,-0.993260,5.211900,-0.293120,2.000000
0.379800,0.709800,0.757200,-0.444400,1.000000
1.013500,8.455100,-1.672000,-2.081500,1.000000
4.569100,-4.455200,3.176900,0.004296,2.000000
0.574610,10.110500,-1.691700,-4.392200,1.000000
0.573400,9.193800,-0.909400,-1.872000,1.000000
5.286800,3.257000,-1.372100,1.166800,1.000000
4.010200,10.656800,-4.138800,-5.064600,1.000000
4.142500,-3.679200,3.828100,1.629700,2.000000
3.093400,-2.917700,2.223200,0.222830,2.000000
2.203400,5.994700,0.530090,0.849980,1.000000
3.744000,0.794590,0.958510,1.007700,2.000000
3.032900,2.294800,2.113500,0.350840,1.000000
3.773100,7.207300,-1.681400,-0.947420,1.000000
3.155700,2.890800,0.596930,0.798250,1.000000
1.811400,7.606700,-0.978800,-2.466800,1.000000
4.988000,7.205200,-3.284600,-1.160800,1.000000
2.483000,6.615500,-0.792870,-0.908630,1.000000
1.594000,4.705500,1.375800,0.081882,1.000000
-0.016103,9.748400,0.153940,-1.613400,1.000000
3.849600,9.793900,-4.150800,-4.458200,1.000000
0.929700,-3.797100,4.642900,-0.295700,2.000000
4.934200,2.410700,-0.175940,1.624500,1.000000
3.841700,10.021500,-4.269900,-4.915900,1.000000
5.391500,9.994600,-3.808100,-3.364200,1.000000
4.407200,-0.070365,2.041600,1.131900,2.000000
2.694600,6.797600,-0.403010,0.449120,1.000000
5.275600,0.138630,0.121380,1.143500,2.000000
3.431200,6.263700,-1.951300,-0.361650,1.000000
4.052000,-0.165550,0.453830,0.512480,2.000000
1.363800,-4.775900,8.418200,-1.883600,2.000000
0.895660,7.776300,-2.747300,-1.935300,1.000000
1.926500,7.755700,-0.168230,-3.077100,1.000000
0.209770,-0.461460,7.726700,0.909460,2.000000
4.068000,-2.936300,2.199200,0.500840,2.000000
2.877000,-4.059900,3.625900,-0.325440,2.000000
0.322300,-0.898080,8.088300,0.692220,2.000000
-1.300000,10.267800,-2.953000,-5.863800,1.000000
1.774700,-6.433400,8.150000,-0.898280,2.000000
1.341900,-4.422100,8.090000,-1.734900,2.000000
0.896060,10.547100,-1.417500,-4.032700,1.000000
0.441250,2.948700,4.322500,0.715500,2.000000
3.242200,6.226500,0.122240,-1.446600,1.000000
2.567800,3.513600,0.614060,-0.406910,1.000000
-2.215300,11.962500,0.078538,-7.785300,1.000000
4.134900,6.118900,-2.429400,-0.196130,1.000000
1.934000,-0.000009,4.816000,-0.339670,2.000000
2.506800,1.158800,3.924900,0.125850,2.000000
2.146400,6.079500,-0.577800,-2.230200,1.000000
0.051979,7.052100,-2.054100,-3.150800,1.000000
1.270600,8.035000,-0.196510,-2.188800,1.000000
1.143000,0.833910,5.455200,-0.569840,2.000000
2.292800,9.038600,-3.241700,-1.299100,1.000000
0.329200,-4.455200,4.571800,-0.988800,2.000000
2.971900,6.836900,-0.270200,0.712910,1.000000
1.684900,8.748900,-1.264100,-1.385800,1.000000
-1.917700,11.689400,2.545400,-3.276300,1.000000
2.372900,10.472600,-3.008700,-3.201300,1.000000
1.028400,9.767000,-1.368700,-1.785300,1.000000
0.274510,9.218600,-3.286300,-4.844800,1.000000
1.603200,-4.786300,8.519300,-2.120300,2.000000
4.616000,10.178800,-4.218500,-4.424500,1.000000
4.247800,7.695600,-2.769600,-1.076700,1.000000
4.021500,-2.700400,2.495700,0.366360,2.000000
5.029700,-4.970400,3.502500,-0.237510,2.000000
1.590200,2.294800,3.240300,0.184040,2.000000
2.127400,5.193900,-1.797100,-1.176300,1.000000
1.181100,8.384700,-2.056700,-0.903450,1.000000
0.329200,-4.455200,4.571800,-0.988800,2.000000
5.735300,5.280800,-2.259800,0.075416,1.000000
2.671800,5.657400,0.729740,-1.489200,1.000000
1.579900,-4.707600,7.918600,-1.548700,2.000000
2.949900,2.249300,1.345800,-0.037083,1.000000
0.519500,-3.263300,3.089500,-0.984900,2.000000
3.735200,9.591100,-3.903200,-3.348700,1.000000
-1.734400,2.017500,7.761800,0.935320,2.000000
3.884000,10.027700,-3.929800,-4.081900,1.000000
3.525700,1.282900,1.927600,1.799100,2.000000
4.454900,2.497600,1.031300,0.968940,1.000000
-0.161080,-6.462400,8.357300,-1.521600,2.000000
4.216400,9.460700,-4.928800,-5.236600,1.000000
3.515200,6.822400,-0.673770,-0.468980,1.000000
1.698800,2.909400,2.904400,0.110330,1.000000
1.060700,2.454200,2.518800,-0.170270,1.000000
2.042100,1.243600,4.217100,0.904290,2.000000
3.559400,1.307800,1.291000,1.655600,2.000000
3.000900,5.812600,-2.230600,-0.665530,1.000000
3.929400,1.411200,1.807600,0.897820,2.000000
3.466700,-4.072400,4.288200,1.541800,2.000000
3.966000,3.921300,0.705740,0.336620,1.000000
1.019100,2.330000,4.933400,0.829290,2.000000
0.964140,5.616000,2.213800,-0.125010,1.000000
1.820500,6.756200,0.009991,0.394810,1.000000
4.992300,7.865300,-2.351500,-0.719840,1.000000
-1.180400,11.509300,0.155650,-6.819400,1.000000
4.032900,0.231750,0.890820,1.182300,2.000000
0.660180,10.387800,-1.402900,-3.915100,1.000000
3.598200,7.130700,-1.303500,0.212480,1.000000
-1.858400,7.886000,-1.664300,-1.838400,1.000000
4.097200,0.469720,1.667100,0.915930,2.000000
3.329900,0.912540,1.580600,0.393520,2.000000
3.108800,3.112200,0.808570,0.433600,1.000000
-4.285900,8.523400,3.139200,-0.916390,1.000000
-1.252800,10.203600,2.178700,-5.603800,1.000000
0.519500,-3.263300,3.089500,-0.984900,2.000000
0.329200,-4.455200,4.571800,-0.988800,2.000000
0.888720,5.344900,2.045000,-0.193550,1.000000
3.545800,9.371800,-4.035100,-3.956400,1.000000
-0.216610,8.032900,1.884800,-3.885300,1.000000
2.720600,9.082100,-3.311100,-0.968110,1.000000
3.205100,8.688900,-2.903300,-0.781900,1.000000
2.691700,10.816100,-3.300000,-4.288800,1.000000
-2.324200,11.517600,1.823100,-5.375000,1.000000
2.716100,-4.200600,4.191400,0.169810,2.000000
3.384800,3.267400,0.909670,0.251280,1.000000
1.745200,4.802800,2.087800,0.626270,1.000000
2.805000,0.577320,1.342400,1.213300,2.000000
5.782300,5.578800,-2.408900,-0.056479,1.000000
3.899900,1.734000,1.601100,0.967650,2.000000
3.518900,6.332000,-1.779100,-0.020273,1.000000
3.229400,7.739100,-0.378160,-2.540500,1.000000
3.498500,3.163900,0.226770,-0.165100,1.000000
2.194800,1.378100,1.158200,0.857740,2.000000
2.252600,9.963600,-3.174900,-2.994400,1.000000
4.152900,-3.935800,2.863300,-0.017686,2.000000
0.743070,11.170000,-1.382400,-4.072800,1.000000
1.910500,8.871000,-2.338600,-0.756040,1.000000
-1.505500,0.070346,6.868100,-0.506480,2.000000
0.588360,10.772700,-1.388400,-4.327600,1.000000
3.230300,7.838400,-3.534800,-1.215100,1.000000
-1.992200,11.654200,2.654200,-5.210700,1.000000
2.852300,9.009600,-3.761000,-3.337100,1.000000
4.277200,2.495500,0.485540,0.361190,1.000000
1.509900,0.039307,6.233200,-0.303460,2.000000
5.418800,10.145700,-4.084000,-3.699100,1.000000
0.862020,2.696300,4.290800,0.547390,2.000000
3.811700,10.145700,-4.046300,-4.562900,1.000000
0.547770,10.375400,-1.543500,-4.163300,1.000000
2.371800,7.490800,0.015989,-1.741400,1.000000
-2.495300,11.147200,1.935300,-3.463800,1.000000
4.636100,-2.661100,2.835800,1.199100,2.000000
-2.252700,11.532100,2.589900,-3.273700,1.000000
3.798200,10.423000,-4.160200,-4.972800,1.000000
-0.362790,8.289500,-1.921300,-3.333200,1.000000
2.126500,6.878300,0.447840,-2.222400,1.000000
0.867360,5.564300,1.676500,-0.167690,1.000000
3.783100,10.052600,-3.886900,-3.736600,1.000000
-2.262300,12.117700,0.288460,-7.758100,1.000000
1.261600,4.430300,-1.333500,-1.751700,1.000000
2.679900,3.134900,0.340730,0.584890,1.000000
-0.398160,5.978100,1.391200,-1.162100,1.000000
4.393700,0.357980,2.041600,1.200400,2.000000
2.969500,5.622200,0.275610,-1.155600,1.000000
1.304900,-0.155210,6.491100,-0.753460,2.000000
2.212300,-5.839500,7.768700,-0.853020,2.000000
1.964700,6.938300,0.577220,0.663770,1.000000
3.086400,-2.584500,2.230900,0.309470,2.000000
0.379800,0.709800,0.757200,-0.444400,1.000000
0.589820,7.426600,1.235300,-2.959500,1.000000
0.147830,7.946000,1.074200,-3.340900,1.000000
-0.062025,6.197500,1.099000,-1.131000,1.000000
4.223000,1.131900,0.722020,0.961180,2.000000
0.642950,7.101800,0.349300,-0.413370,1.000000
1.941000,0.463510,4.647200,1.087900,2.000000
4.004700,0.459370,1.362100,1.618100,2.000000
3.776700,9.779400,-3.907500,-3.532300,1.000000
3.476900,-0.153140,2.530000,2.449500,2.000000
1.981800,9.262100,-3.521000,-1.872000,1.000000
3.802300,-3.869600,4.044000,0.953430,2.000000
4.348300,11.107900,-4.085700,-4.253900,1.000000
1.151800,1.386400,5.272700,-0.435360,2.000000
-1.257600,1.589200,7.007800,0.424550,2.000000
1.957200,-5.115300,8.612700,-1.429700,2.000000
-2.484000,12.161100,2.820400,-3.741800,1.000000
-1.149700,1.295400,7.701000,0.626270,2.000000
4.836800,10.013200,-4.323900,-4.327600,1.000000
-0.121960,8.806800,0.945660,-4.226700,1.000000
1.942900,6.396100,0.092248,0.581020,1.000000
1.742000,-4.809000,8.214200,-2.065900,2.000000
-1.522200,10.840900,2.782700,-4.097400,1.000000
-1.300000,10.267800,-2.953000,-5.863800,1.000000
3.424600,-0.146930,0.803420,0.291360,2.000000
2.550300,-4.951800,6.372900,-0.415960,2.000000
1.569100,6.346500,-0.182800,-2.409900,1.000000
1.308700,4.922800,2.001300,0.220240,1.000000
5.177600,8.231600,-3.251100,-1.569400,1.000000
2.229000,9.632500,-3.112300,-2.716400,1.000000
5.627200,10.085700,-4.293100,-3.814200,1.000000
1.213800,8.798600,-2.167200,-0.741820,1.000000
0.379800,0.709800,0.757200,-0.444400,1.000000
0.541500,6.031900,1.682500,-0.461220,1.000000
4.052400,5.680200,-1.969300,0.026279,1.000000
4.728500,2.106500,-0.283050,1.562500,1.000000
3.435900,0.662160,2.104100,1.892200,2.000000
0.868160,10.242900,-1.491200,-4.008200,1.000000
3.359000,9.802200,-3.820900,-3.713300,1.000000
3.670200,2.994200,0.851410,0.306880,1.000000
1.334900,6.118900,0.464970,0.498260,1.000000
3.188700,-3.414300,2.774200,-0.202600,2.000000
2.452700,2.965300,0.200210,-0.056479,1.000000
3.912100,2.973500,0.928520,0.605580,1.000000
3.936400,10.588500,-3.725000,-4.313300,1.000000
3.941400,-3.290200,3.167400,1.086600,2.000000
3.692200,-3.958500,4.343900,1.351700,2.000000
5.681000,7.795000,-2.684800,-0.925440,1.000000
0.771240,9.086200,-1.228100,-1.499600,1.000000
3.576100,9.775300,-3.979500,-3.463800,1.000000
1.602000,6.125100,0.529240,0.478860,1.000000
2.668200,10.216000,-3.441400,-4.006900,1.000000
2.000700,1.864400,2.649100,0.473690,2.000000
0.642150,3.128700,4.293300,0.646960,2.000000
4.384800,-3.072900,3.042300,1.274100,2.000000
0.774450,9.055200,-2.408900,-1.388400,1.000000
0.965740,8.393000,-1.361000,-1.465900,1.000000
3.094800,8.732400,-2.900700,-0.966820,1.000000
4.936200,7.604600,-2.342900,-0.853020,1.000000
-1.945800,11.221700,1.907900,-3.440500,1.000000
5.740300,-0.442840,0.380150,1.376300,2.000000
-2.698900,12.198400,0.676610,-8.548200,1.000000
1.147200,3.598500,1.938700,-0.434060,1.000000
2.974200,8.960000,-2.902400,-1.037900,1.000000
4.570700,7.209400,-3.279400,-1.494400,1.000000
0.184800,6.507900,2.013300,-0.872420,1.000000
0.872560,9.293100,-0.784300,-2.197800,1.000000
0.395590,6.886600,1.058800,-0.675870,1.000000
3.838400,6.185100,-2.043900,-0.033204,1.000000
2.820900,7.310800,-0.818570,-1.878400,1.000000
2.581700,9.754600,-3.174900,-2.995700,1.000000
3.821300,0.231750,2.013300,2.056400,2.000000
0.379800,0.709800,0.757200,-0.444400,1.000000
3.489300,6.690000,-1.204200,-0.387510,1.000000
-1.778100,0.854600,7.130300,0.027572,2.000000
2.096200,2.476900,1.937900,-0.040962,1.000000
0.947320,-0.571130,7.190300,-0.675870,2.000000
2.826100,9.400700,-3.303400,-1.050900,1.000000
0.007125,8.366100,0.507810,-3.815500,1.000000
0.967880,7.190700,1.279800,-2.456500,1.000000
4.743200,2.108600,0.136800,1.654300,1.000000
3.657500,7.279700,-2.269200,-1.144000,1.000000
3.883200,6.402300,-2.432000,-0.983630,1.000000
3.477600,8.811000,-3.188600,-0.922850,1.000000
1.131500,7.921200,1.093000,-2.844400,1.000000
2.823700,2.859700,0.196780,0.571960,1.000000
1.932100,6.042300,0.260190,-2.053000,1.000000
3.063200,-3.331500,5.130500,0.826700,2.000000
-1.841100,10.830600,2.769000,-3.090100,1.000000
2.808400,11.304500,-3.339400,-4.419400,1.000000
2.569800,-4.407600,5.985600,0.078002,2.000000
-0.126240,10.321600,-3.712100,-6.118500,1.000000
3.375600,-4.095100,4.367000,1.069800,2.000000
-0.048008,-1.603700,8.475600,0.755580,2.000000
0.570600,-0.024800,1.242100,-0.562100,2.000000
0.884440,6.590600,0.558370,-0.441820,1.000000
3.864400,3.706100,0.704030,0.352140,1.000000
1.299900,2.576200,2.010700,-0.189670,1.000000
2.005100,-6.863800,8.132000,-0.240100,2.000000
4.929400,0.277270,0.207920,0.336620,2.000000
2.829700,6.348500,-0.735460,-0.586650,1.000000
2.565000,8.633000,-2.994100,-1.308200,1.000000
2.093000,8.306100,0.022844,-3.272400,1.000000
4.601400,5.626400,-2.123500,0.193090,1.000000
5.061700,-0.357990,0.446980,0.998680,2.000000
-0.295100,9.048900,-0.527250,-2.078900,1.000000
3.577000,2.400400,1.890800,0.732310,1.000000
3.943300,2.501700,1.521500,0.903000,1.000000
2.664800,10.754000,-3.399400,-4.168500,1.000000
5.937400,6.166400,-2.590500,-0.365530,1.000000
2.015300,1.847900,3.137500,0.428430,2.000000
5.878200,5.940900,-2.854400,-0.608630,1.000000
-2.398300,12.606000,2.946400,-5.788800,1.000000
1.762000,4.368200,2.138400,0.754290,1.000000
4.240600,-2.485200,1.608000,0.715500,2.000000
3.466900,6.870000,-1.056800,-0.731470,1.000000
3.189600,5.752600,-0.185370,-0.300870,1.000000
0.813560,9.156600,-2.149200,-4.181400,1.000000
0.528550,0.964270,4.024300,-1.048300,2.000000
2.131900,-2.040300,2.557400,-0.061652,2.000000
0.331110,4.573100,2.057000,-0.189670,1.000000
1.274600,8.817200,-1.532300,-1.795700,1.000000
2.209100,7.455600,-1.328400,-3.302100,1.000000
2.532800,7.528000,-0.419290,-2.647800,1.000000
3.624400,1.460900,1.350100,1.928400,2.000000
-1.388500,12.502600,0.691180,-7.548700,1.000000
5.722700,5.831200,-2.409700,-0.245270,1.000000
3.358300,10.356700,-3.730100,-3.699100,1.000000
2.522700,2.236900,2.723600,0.794380,2.000000
0.045304,6.733400,1.070800,-0.933200,1.000000
4.827800,7.759800,-2.449100,-1.221600,1.000000
1.947600,-4.773800,8.527000,-1.866800,2.000000
2.765900,0.662160,4.149400,-0.284060,2.000000
-0.106480,-0.767710,7.757500,0.641790,2.000000
0.722520,-0.053811,5.670300,-1.350900,2.000000
4.247500,1.481600,-0.483550,0.953430,1.000000
3.977200,0.335210,2.256600,2.162500,2.000000
3.666700,4.302000,0.559230,0.337910,1.000000
2.823200,10.851300,-3.146600,-3.978400,1.000000
-1.421700,11.654200,-0.057699,-7.102500,1.000000
4.245800,1.198100,0.666330,0.946960,2.000000
4.103800,-4.806900,3.349100,-0.492250,2.000000
1.450700,8.790300,-2.232400,-0.652590,1.000000
3.464700,-3.917200,3.974600,0.361190,2.000000
1.853300,6.145800,1.017600,-2.040100,1.000000
3.528800,0.715960,1.950700,1.937500,2.000000
3.971900,1.036700,0.759730,1.001300,2.000000
3.534000,9.361400,-3.631600,-1.246100,1.000000
3.689400,9.887000,-4.078800,-4.366400,1.000000
3.067200,-4.411700,3.823800,-0.816820,2.000000
2.646300,-4.815200,6.354900,0.003003,2.000000
2.289300,3.733000,0.631200,-0.397860,1.000000
1.567300,7.927400,-0.056842,-2.169400,1.000000
4.040500,0.515240,1.027900,1.106000,2.000000
4.384600,-4.879400,3.366200,-0.029324,2.000000
2.016500,-0.252460,5.170700,1.076300,2.000000
4.044600,11.174100,-4.358200,-4.740100,1.000000
-0.337290,-0.649760,7.665900,0.723260,2.000000
-2.460400,12.730200,0.917380,-7.641800,1.000000
4.119500,10.925800,-3.892900,-4.180200,1.000000
2.019300,0.823560,4.636900,1.420200,2.000000
1.570100,7.912900,0.290180,-2.195300,1.000000
2.641500,7.586000,-0.285620,-1.667700,1.000000
5.021400,8.076400,-3.051500,-1.715500,1.000000
4.343500,3.329500,0.835980,0.649550,1.000000
1.823800,-6.774800,8.387300,-0.541390,2.000000
3.938200,0.929100,0.785430,0.676700,2.000000
2.251700,-5.142200,4.291600,-1.248700,2.000000
5.504000,10.367100,-4.413000,-4.021100,1.000000
2.852100,9.171000,-3.646100,-1.204700,1.000000
1.167600,9.156600,-2.086700,-0.806470,1.000000
2.610400,8.008100,-0.235920,-1.760800,1.000000
0.324440,10.067000,-1.198200,-4.128400,1.000000
3.896200,-4.790400,3.395400,-0.537510,2.000000
2.175200,-0.809100,5.102200,-0.679750,2.000000
1.158800,8.933100,-2.080700,-1.127200,1.000000
4.707200,8.295700,-2.560500,-1.490500,1.000000
-1.966700,11.805200,-0.404720,-7.871900,1.000000
4.055200,0.401430,1.456300,0.653430,2.000000
2.367800,-6.839000,8.420700,-0.448290,2.000000
0.335650,6.836900,0.697180,-0.556910,1.000000
4.339800,-5.303600,3.880300,-0.704320,2.000000
1.545600,8.548200,0.418700,-2.178400,1.000000
1.427600,8.384700,-2.099500,-1.967700,1.000000
-0.278020,8.188100,-3.133800,-2.527600,1.000000
0.936110,8.641300,-1.635100,-1.304300,1.000000
4.635200,-3.008700,2.677300,1.212000,2.000000
1.526800,-5.587100,8.656400,-1.722000,2.000000
0.956260,2.472800,4.457800,0.216360,2.000000
-2.791400,1.773400,6.775600,-0.399150,2.000000
5.203200,3.511600,-1.253800,1.012900,1.000000
3.183600,7.232100,-1.071300,-2.590900,1.000000
0.654970,5.181500,1.067300,-0.421130,1.000000
5.608400,10.300900,-4.800300,-4.353400,1.000000
1.105000,7.443200,0.410990,-3.033200,1.000000
3.929200,-2.915600,2.212900,0.308170,2.000000
1.155800,6.400300,1.550600,0.696100,1.000000
2.558100,2.621800,1.851300,0.402570,1.000000
2.783100,10.979600,-3.557000,-4.403900,1.000000
3.763500,2.781100,0.661190,0.341790,1.000000
-2.647900,10.137400,-1.331000,-5.470700,1.000000
1.065200,8.368200,-1.400400,-1.650900,1.000000
-1.427500,11.879700,0.416130,-6.997800,1.000000
5.745600,10.180800,-4.785700,-4.336600,1.000000
5.086000,3.279800,-1.270100,1.118900,1.000000
3.409200,5.404900,-2.522800,-0.899580,1.000000
-0.236100,9.322100,2.130700,-4.379300,1.000000
3.819700,8.995100,-4.383000,-4.032700,1.000000
-1.139100,1.812700,6.914400,0.701270,2.000000
4.924900,0.689060,0.773440,1.209500,2.000000
2.508900,6.841000,-0.029423,0.449120,1.000000
-0.206200,9.220700,-3.704400,-6.810300,1.000000
3.946000,6.851400,-1.544300,-0.558200,1.000000
-0.278000,8.188100,-3.133800,-2.527600,1.000000
1.859200,3.207400,-0.159660,-0.262080,1.000000
0.569530,7.629400,1.575400,-3.223300,1.000000
3.462600,-4.449000,3.542700,0.154290,2.000000
3.395100,1.148400,2.140100,2.086200,2.000000
5.042900,-0.529740,0.504390,1.106000,2.000000
3.775800,7.178300,-1.519500,0.401280,1.000000
4.656200,7.639800,-2.424300,-1.238400,1.000000
4.094800,-2.967400,2.368900,0.754290,2.000000
1.838400,6.063000,0.547230,0.512480,1.000000
2.015300,0.436610,4.586400,-0.315100,2.000000
3.525100,0.720100,1.692800,0.644380,2.000000
3.757000,-5.423600,3.825500,-1.252600,2.000000
2.598900,3.517800,0.762300,0.811190,1.000000
1.899400,0.974620,4.226500,0.813770,2.000000
3.694100,-3.948200,4.262500,1.157700,2.000000
4.429500,-2.350700,1.704800,0.909460,2.000000
6.824800,5.218700,-2.542500,0.546100,1.000000
1.896700,-2.516300,2.809300,-0.797420,2.000000
2.152600,-6.166500,8.083100,-0.343550,2.000000
3.300400,7.081100,-1.325800,0.222830,1.000000
2.721300,7.050000,-0.588080,0.418090,1.000000
3.884600,-3.033600,2.533400,0.202140,2.000000
4.166500,-0.444900,0.234480,0.278430,2.000000
0.942250,5.856100,1.876200,-0.325440,1.000000
5.132100,-0.031048,0.326160,1.115100,2.000000
0.382510,6.812100,1.812800,-0.612510,1.000000
3.033300,-2.592800,2.318300,0.303000,2.000000
2.923300,6.046400,-0.111680,-0.586650,1.000000
1.162000,10.292600,-1.282100,-4.039200,1.000000
3.779100,2.576200,1.309800,0.565500,1.000000
0.777650,5.978100,1.194100,-0.352600,1.000000
-0.383880,-1.047100,8.051400,0.495670,2.000000
0.210840,9.435900,-0.094543,-1.859000,1.000000
2.957100,-4.593800,5.906800,0.571960,2.000000
4.643900,-3.372900,2.597600,0.552570,2.000000
3.357700,-4.306200,6.024100,0.182740,2.000000
3.512700,2.907300,1.057900,0.407740,1.000000
2.656200,10.704400,-3.308500,-4.076700,1.000000
-1.361200,10.694000,1.702200,-2.902600,1.000000
-0.278000,8.188100,-3.133800,-2.527600,1.000000
1.040000,-6.932100,8.288800,-1.299100,2.000000
2.188100,2.735600,1.327800,-0.183200,1.000000
4.275600,-2.652800,2.137500,0.944370,2.000000
-0.119960,6.874100,0.919950,-0.669400,1.000000
2.973600,8.794400,-3.635900,-1.375400,1.000000
3.779800,-3.310900,2.649100,0.066365,2.000000
5.358600,3.755700,-1.734500,1.078900,1.000000
1.837300,6.129200,0.840270,0.552570,1.000000
1.226200,0.895990,5.756800,-0.115960,2.000000
-0.048008,-0.560780,7.721500,0.453000,2.000000
0.570600,-0.024841,1.242100,-0.562080,2.000000
4.363400,0.463510,1.428100,2.020200,2.000000
3.482000,-4.163400,3.500800,-0.078462,2.000000
0.519470,-3.263300,3.089500,-0.984920,2.000000
2.316400,-2.628000,3.152900,-0.086220,2.000000
-1.834800,11.033400,3.186300,-4.888800,1.000000
1.375400,8.879300,-1.913600,-0.537510,1.000000
-0.166820,5.897400,0.498390,-0.700440,1.000000
0.299610,7.132800,-0.314750,-1.182800,1.000000
0.250350,9.326200,-3.687300,-6.254300,1.000000
2.467300,1.392600,1.712500,0.414210,2.000000
0.778050,6.642400,-1.142500,-1.057300,1.000000
3.446500,2.950800,1.027100,0.546100,1.000000
2.242900,-4.142700,5.233300,-0.401730,2.000000
3.732100,-3.884000,3.357700,-0.006049,2.000000
4.336500,-3.584000,3.688400,0.749120,2.000000
-2.075900,10.822300,2.643900,-4.837000,1.000000
4.071500,7.639800,-2.082400,-1.169800,1.000000
0.761630,5.820900,1.195900,-0.646130,1.000000
-0.539660,7.327300,0.465830,-1.454300,1.000000
2.621300,5.791900,0.065686,-1.575900,1.000000
3.024200,-3.337800,2.586500,-0.547850,2.000000
5.851900,5.390500,-2.403700,-0.061652,1.000000
0.570600,-0.024800,1.242100,-0.562100,2.000000
3.977100,11.151300,-3.927200,-4.344400,1.000000
1.547800,9.181400,-1.632600,-1.737500,1.000000
0.740540,0.366250,2.199200,0.484030,2.000000
0.495710,10.224300,-1.097000,-4.015900,1.000000
1.645000,7.861200,-0.875980,-3.556900,1.000000
3.607700,6.857600,-1.162200,0.282310,1.000000
3.240300,-3.708200,5.280400,0.412910,2.000000
3.916600,10.249100,-4.092600,-4.465900,1.000000
3.926200,6.029900,-2.015600,-0.065531,1.000000
5.591000,10.464300,-4.383900,-4.337900,1.000000
3.752200,-3.697800,3.994300,1.305100,2.000000
1.311400,4.546200,2.293500,0.225410,1.000000
3.702200,6.994200,-1.851100,-0.128890,1.000000
4.364000,-3.103900,2.375700,0.785320,2.000000
3.582900,1.442300,1.021900,1.400800,2.000000
4.650000,-4.829700,3.455300,-0.251740,2.000000
5.173100,3.960600,-1.983000,0.407740,1.000000
3.269200,3.418400,0.207060,-0.066824,1.000000
2.401200,1.622300,3.031200,0.716790,2.000000
1.725700,-4.469700,8.221900,-1.807300,2.000000
4.796500,6.985900,-1.996700,-0.350010,1.000000
4.096200,10.189100,-3.932300,-4.182700,1.000000
2.555900,3.360500,2.032100,0.268090,1.000000
3.491600,8.570900,-3.032600,-0.591820,1.000000
0.519500,-3.263300,3.089500,-0.984900,2.000000
2.985600,7.267300,-0.409000,-2.243100,1.000000
4.093200,5.413200,-1.821900,0.235760,1.000000
1.774800,-0.769780,5.585400,1.303900,2.000000
5.201200,0.326940,0.179650,1.179700,2.000000
-0.450620,-1.367800,7.085800,-0.403030,2.000000
4.845100,8.111600,-2.951200,-1.472400,1.000000
0.748410,7.275600,1.150400,-0.538800,1.000000
5.121300,8.556500,-3.391700,-1.547400,1.000000
3.618100,-3.745400,2.827300,-0.712080,2.000000
0.040498,8.523400,1.446100,-3.930600,1.000000
-2.647900,10.137400,-1.331000,-5.470700,1.000000
0.379840,0.709750,0.757160,-0.444410,1.000000
-0.959230,0.091039,6.220400,-1.482800,2.000000
2.867200,10.000800,-3.204900,-3.109500,1.000000
1.018200,9.109000,-0.620640,-1.712900,1.000000
-2.714300,11.453500,2.109200,-3.962900,1.000000
3.824400,-3.108100,2.453700,0.520240,2.000000
2.796100,2.121000,1.838500,0.383170,1.000000
3.535800,6.708600,-0.818570,0.478860,1.000000
-0.705600,8.724100,2.221500,-4.596500,1.000000
4.154200,7.275600,-2.476600,-1.209900,1.000000
0.927030,9.431800,-0.662630,-1.672800,1.000000
1.821600,-6.474800,8.051400,-0.418550,2.000000
-2.447300,12.624700,0.735730,-7.661200,1.000000
3.586200,-3.095700,2.809300,0.244810,2.000000
0.661910,9.659400,-0.288190,-1.663800,1.000000
4.792600,1.707100,-0.051701,1.492600,1.000000
4.985200,8.351600,-2.542500,-1.282300,1.000000
0.757360,3.029400,2.916400,-0.068117,1.000000
4.649900,7.633600,-1.942700,-0.374580,1.000000
-0.023579,7.174200,0.784570,-0.757340,1.000000
0.855740,0.008268,6.604200,-0.531040,2.000000
0.882980,0.660090,6.009600,-0.432770,2.000000
4.042200,-4.391000,4.746600,1.137000,2.000000
2.254600,8.099200,-0.248770,-3.269800,1.000000
0.384780,6.598900,-0.333600,-0.564660,1.000000
3.154100,-5.171100,6.599100,0.574550,2.000000
2.396900,0.235890,4.847700,1.437000,2.000000
4.711400,2.075500,-0.270200,1.237900,1.000000
4.012700,10.147700,-3.936600,-4.072800,1.000000
2.660600,3.168100,1.961900,0.186620,1.000000
3.931000,1.854100,-0.023425,1.231400,1.000000
0.017270,8.693000,1.398900,-3.966800,1.000000
3.241400,0.409710,1.401500,1.195200,2.000000
2.250400,3.575700,0.352730,0.283600,1.000000
