Flood,FloodNew,Aspect,Rainfall,CurvPlan,DEM,NDVI,FlowAccum,FlodDistH,FlodDistV,Hillshade,Slope,SPI,TWI
0,0,35,23,365193568,207,1374,0,0,55,31,81,0,-5
0,0,98,23,1936256128,213,1374,0,0,61,0,68,0,-4
0,0,223,23,95219856,210,1467,0,0,52,0,85,0,-4
0,0,64,23,-1601555584,197,1309,0,0,178,0,79,0,-4
0,0,209,24,1399804928,191,1379,0,0,174,0,69,0,-4
0,0,55,22,1027727744,189,808,0,0,39,0,76,0,-4
0,0,131,22,533951680,187,833,0,0,37,0,78,0,-4
0,0,120,24,938298880,154,1374,0,0,99,0,76,0,-4
0,0,69,24,-1495008768,150,1374,0,0,101,0,52,0,-1
0,0,33,24,-446689920,24,875,0,0,19,37,60,1,1
0,0,12,24,766665152,22,1021,0,0,0,97,74,0,-4
0,0,33,24,-26889034,117,933,0,0,33,37,75,0,-4
0,0,95,21,166807472,229,669,0,0,2,0,43,0,-3
0,0,38,20,-76719744,239,656,0,0,20,21,64,0,-3
0,0,174,24,747481216,18,1097,0,0,15,0,63,0,-3
0,0,45,20,-119644184,251,650,0,0,32,0,37,0,-1
0,0,4,22,431458496,189,800,0,0,25,119,78,0,-4
0,0,34,22,816345408,189,800,0,0,25,34,81,0,-4
0,0,42,21,632766016,251,656,0,0,8,10,68,0,-4
0,0,2,20,346486592,265,731,0,0,0,124,55,0,-3
0,0,350,20,-355778368,264,731,0,0,0,148,51,0,0
0,0,5,20,264857648,268,620,0,0,48,116,31,0,-2
0,0,63,20,49529100,267,634,0,0,47,0,45,0,-3
0,0,359,20,894850880,230,704,0,0,32,129,70,0,-4
0,0,38,20,546243456,232,704,0,0,34,22,44,0,-3
0,0,227,24,2145520000,25,1008,0,0,18,5,72,0,-4
0,0,11,20,109801736,281,608,0,0,61,100,64,0,-3
0,0,8,21,5707749,263,690,0,0,53,108,78,0,-4
0,0,357,20,78401208,293,613,0,0,0,0,63,0,-3
0,0,34,24,31982648,37,886,0,0,0,34,80,0,-4
0,0,26,20,124533928,302,621,0,0,74,58,56,0,-3
0,0,22,20,561551040,301,597,0,0,74,71,67,0,-4
0,0,359,19,199773728,313,815,0,0,40,129,76,0,-3
0,0,4,21,1626546688,279,716,0,0,71,118,84,0,-5
0,0,135,21,1051602176,283,718,0,0,16,0,78,0,-4
0,0,45,18,117946960,352,793,0,0,123,0,75,0,-4
0,0,85,19,1354638848,364,809,0,0,18,0,83,0,-5
0,0,250,18,2536710144,435,807,0,0,148,76,88,0,-6
0,0,310,18,1381481088,477,732,0,0,104,179,89,1,-6
0,0,316,18,-752670080,507,732,0,0,134,180,89,1,-6
0,0,234,19,4476515328,526,808,0,0,154,27,89,0,-6
0,0,221,19,1417276416,553,617,0,0,171,0,88,0,-6
0,0,240,19,4964253696,437,851,0,0,70,47,87,0,-6
0,0,93,19,8394902528,592,847,0,0,223,0,84,0,-5
0,0,175,19,1014049408,562,405,0,0,165,0,88,0,-6
0,0,315,18,4939195904,431,744,0,0,59,180,88,0,-6
0,0,1,18,1510329728,512,794,0,0,151,126,88,0,-6
0,0,17,18,1357090176,454,830,0,0,115,84,85,0,-5
0,0,163,18,4183046400,517,481,0,0,107,0,88,0,-6
0,0,226,19,-3440804608,599,691,0,0,202,3,89,0,-6
0,0,26,19,1631831296,435,826,0,0,68,59,88,0,-6
0,0,41,19,5097335808,477,826,0,0,110,11,88,0,-6
0,0,0,18,124943320,615,393,0,0,190,0,87,0,-5
0,0,10,18,566866496,518,866,0,0,223,103,88,0,-6
0,0,52,18,3111739648,452,584,0,0,55,0,82,0,-5
0,0,103,18,1187708032,452,584,0,0,55,0,85,0,-5
0,0,72,19,1519967872,537,687,0,0,116,0,88,0,-6
0,0,329,19,109802840,679,867,0,0,312,174,89,0,-6
0,0,70,18,7800617472,502,875,0,0,163,0,84,0,-5
0,0,19,21,2063604736,379,644,0,0,60,80,85,0,-5
0,0,332,18,2840909568,556,568,0,0,159,172,88,0,-6
0,0,33,19,-1449079936,444,868,0,0,17,37,88,1,-5
0,0,248,18,3566769152,451,930,0,0,111,69,84,0,-5
0,0,21,18,2807789312,657,644,0,0,231,72,88,0,-6
0,0,96,18,-3517002496,484,862,0,0,95,0,88,0,-6
0,0,334,18,3340264192,464,933,0,0,75,170,83,0,-5
0,0,122,20,2945447936,375,632,0,0,55,0,86,0,-5
0,0,68,18,1996625536,582,605,0,0,186,0,88,0,-6
0,0,28,18,1756451072,652,895,0,0,262,52,86,0,-5
0,0,69,18,-2481168896,588,571,0,0,192,0,88,0,-5
0,0,129,18,2816919040,659,746,0,0,207,0,87,0,-5
0,0,182,20,2638167040,394,810,0,0,63,0,84,0,-5
0,0,129,20,627227776,384,810,0,0,53,0,87,0,-6
0,0,348,18,5348798976,834,574,0,0,408,0,89,0,-6
0,0,22,18,2897718272,822,574,0,0,396,71,89,0,-6
0,0,350,18,3319230208,468,891,0,0,27,147,84,0,-5
0,0,249,18,3340043776,401,931,0,0,50,74,89,0,-6
0,0,55,20,-119830512,358,840,0,0,26,0,86,0,-5
0,0,67,20,1580390784,369,840,0,0,38,0,85,0,-5
0,0,119,18,6621084160,405,879,0,0,55,0,88,0,-6
0,0,0,18,1018701184,929,380,0,0,459,0,88,0,-6
0,0,330,20,-1843064192,404,685,0,0,110,174,88,0,-5
0,0,0,18,1448125440,865,436,0,0,395,0,88,0,-5
0,0,157,18,3919202304,723,872,0,0,271,0,89,0,-6
0,0,150,18,999413056,656,914,0,0,204,0,88,0,-5
0,0,20,18,-732458752,616,754,0,0,227,76,83,0,-5
0,0,342,18,2452470016,522,840,0,0,143,160,85,0,-5
0,0,290,18,1952160384,494,863,0,0,42,163,87,0,-6
0,0,205,18,-250487424,377,899,0,0,17,0,56,1,1
0,0,0,18,3817835008,1002,461,0,0,532,0,89,0,-7
0,0,34,18,1065323648,1056,664,0,0,615,33,89,0,-6
0,0,23,18,31859218,1085,664,0,0,645,68,89,0,-6
0,0,264,18,876218560,540,907,0,0,16,114,76,0,-4
0,0,269,18,3560945920,549,907,0,0,97,125,78,0,-4
0,0,339,18,5385462272,624,701,0,0,171,164,89,0,-6
0,0,86,18,1303668224,743,710,0,0,219,0,89,2,-5
0,0,42,24,198371520,13,1110,0,0,0,9,58,0,-3
0,0,238,21,1879448832,425,553,0,0,92,39,86,0,-5
0,0,125,18,5341931520,581,879,0,0,149,0,85,0,-5
0,0,138,18,7138154496,743,679,0,0,220,0,87,0,-6
0,0,58,18,4434521600,639,818,0,0,122,0,89,0,-6
0,0,163,18,275867936,619,960,0,0,96,0,88,1,-5
0,0,293,18,2957755136,546,884,0,0,85,167,62,0,-3
0,0,62,20,5142501888,397,718,0,0,100,0,87,0,-6
0,0,83,20,3864180224,382,718,0,0,85,0,86,0,-5
0,0,32,18,6201436672,481,795,0,0,58,42,87,0,-6
0,0,342,20,2339272960,370,918,0,0,116,160,70,0,-4
0,0,185,20,-311921888,358,918,0,0,86,0,86,0,-5
0,0,16,19,338104608,965,827,0,0,442,86,89,3,-6
0,0,17,19,6470072320,760,877,0,0,237,84,88,0,-6
0,0,292,19,-1419957760,417,852,0,0,52,165,79,0,-4
0,0,119,19,7231002112,451,750,0,0,56,0,83,0,-5
0,0,118,19,-1445484032,574,901,0,0,209,0,87,0,-6
0,0,128,19,-1738001664,551,901,0,0,186,0,88,0,-5
0,0,106,19,-191606368,430,903,0,0,157,0,85,0,-5
0,0,92,19,-2381882368,409,909,0,0,137,0,87,1,-4
0,0,159,19,-858195776,839,952,0,0,300,0,89,2,-5
0,0,100,19,-1211870976,943,990,0,0,404,0,89,2,-5
0,0,114,19,1051153472,642,888,0,0,151,0,88,0,-6
0,0,113,19,1382500736,617,888,0,0,125,0,88,0,-6
0,0,308,17,9073853440,624,832,0,0,166,179,88,0,-6
0,0,54,17,-1720330624,622,812,0,0,191,0,89,0,-6
0,0,101,17,15947873280,806,926,0,0,367,0,88,0,-6
0,0,0,18,2541175296,999,955,0,0,457,0,88,0,-6
0,0,81,19,-2505166336,550,841,0,0,59,0,86,1,-4
0,0,281,17,3155652608,831,878,0,0,373,150,87,0,-6
0,0,62,17,6038863872,669,923,0,0,230,0,87,0,-6
0,0,160,19,1977551360,642,1021,0,0,91,0,88,0,-6
0,0,349,19,1669281408,384,793,0,0,33,149,85,0,-5
0,0,328,17,5539062784,966,778,0,0,508,175,89,0,-7
0,0,162,19,-840284992,395,789,0,0,87,0,80,0,-4
0,0,355,17,3215352576,1019,778,0,0,580,137,88,0,-6
0,0,342,19,-1255291264,572,844,0,0,21,159,88,0,-5
0,0,105,18,-174385040,769,1059,0,0,218,0,89,1,-6
0,0,321,19,5784561152,623,728,0,0,72,179,88,0,-6
0,0,330,19,-238465776,578,975,0,0,26,173,68,0,-1
0,0,1,19,1420988672,582,891,0,0,31,124,64,0,-3
0,0,79,17,-439314304,599,1002,0,0,100,0,89,0,-6
0,0,291,19,-2961434112,606,853,0,0,137,164,89,5,-4
0,0,4,18,-661521984,810,796,0,0,259,117,88,0,-6
0,0,271,19,193992272,701,819,0,0,150,130,89,1,-5
0,0,29,19,1963939456,868,800,0,0,317,48,88,0,-6
0,0,283,18,1673547776,820,957,0,0,146,152,82,0,-5
0,0,20,18,3720870144,817,836,0,0,143,76,86,0,-5
0,0,72,18,2348939008,799,836,0,0,125,0,87,0,-6
0,0,55,18,2599950080,806,785,0,0,194,0,89,1,-6
0,0,72,18,-418168256,745,773,0,0,134,0,89,2,-5
0,0,82,18,-839013120,687,773,0,0,75,0,89,2,-5
0,0,76,19,1212194304,943,818,0,0,597,0,89,0,-6
0,0,68,19,-1782723072,952,759,0,0,606,0,89,2,-5
0,0,211,18,3044374016,770,934,0,0,159,0,88,0,-6
0,0,140,18,4511622656,770,932,0,0,159,0,87,0,-6
0,0,302,18,-288168832,828,950,0,0,154,175,89,0,-6
0,0,345,18,2563564032,885,861,0,0,211,156,79,0,-4
0,0,217,17,2233670400,886,838,0,0,366,0,89,0,-7
0,0,242,18,3870702592,652,913,0,0,44,51,88,0,-6
0,0,261,17,9671964672,750,834,0,0,231,106,83,0,-5
0,0,319,17,1396559744,740,905,0,0,173,179,84,0,-5
0,0,310,17,125614392,748,905,0,0,181,179,85,0,-5
0,0,50,19,3528315392,685,956,0,0,166,0,89,1,-6
0,0,99,19,8247171584,679,850,0,0,342,0,88,0,-6
0,0,16,21,-334105120,349,621,0,0,84,87,84,0,-5
0,0,160,21,2058203776,373,753,0,0,101,0,86,0,-5
0,0,275,22,3171002112,277,747,0,0,62,138,83,0,-5
0,0,298,22,5271619072,289,747,0,0,75,172,82,0,-5
0,0,34,17,-1662173184,895,860,0,0,385,33,88,0,-6
0,0,42,17,-1732927232,809,830,0,0,300,9,89,1,-6
0,0,9,21,8665178,308,804,0,0,2,105,77,0,-3
0,0,356,21,17759276,291,759,0,0,76,136,81,0,-4
0,0,108,19,12721982464,834,745,0,0,448,0,89,0,-6
0,0,104,19,877190208,679,872,0,0,300,0,88,0,-5
0,0,337,19,9924229120,830,924,0,0,342,166,88,0,-6
0,0,63,19,5283266560,800,924,0,0,281,0,88,0,-6
0,0,177,19,2873998080,834,774,0,0,449,0,88,0,-6
0,0,184,19,5855081984,713,805,0,0,334,0,89,0,-6
0,0,154,19,-244137792,689,872,0,0,310,0,89,0,-7
0,0,183,21,311397632,406,894,0,0,27,0,87,0,-5
0,0,338,17,-388981024,1110,881,0,0,612,165,89,1,-6
0,0,45,18,667263872,1128,941,0,0,438,0,89,3,-5
0,0,53,17,2393206528,894,815,0,0,208,0,89,0,-6
0,0,349,17,3689954816,1193,798,0,0,716,149,89,0,-7
0,0,357,17,1457429376,1207,798,0,0,730,134,89,1,-6
0,0,65,21,870597952,316,652,0,0,18,0,75,0,-4
0,0,344,18,2726466048,971,958,0,0,261,157,89,0,-6
0,0,10,18,598009344,998,958,0,0,288,104,89,0,-6
0,0,351,18,-2031248896,1031,969,0,0,321,145,89,1,-6
0,0,350,18,3444060928,1095,969,0,0,385,147,88,0,-6
0,0,69,17,3480230400,1004,971,0,0,318,0,88,0,-6
0,0,0,18,1045371840,1368,934,0,0,678,0,87,0,-6
0,0,157,20,2680429568,403,1001,0,0,40,0,87,0,-6
0,0,350,20,-594438848,652,906,0,0,153,147,89,1,-6
0,0,340,20,3895870976,713,914,0,0,214,163,88,0,-6
0,0,7,17,-1098023552,854,868,0,0,266,109,88,0,-6
0,0,340,21,-346488960,335,747,0,0,54,163,87,0,-4
0,0,338,21,-898897472,317,762,0,0,30,165,85,0,-4
0,0,74,17,2707227904,822,892,0,0,206,0,86,0,-5
0,0,127,20,7880055296,652,959,0,0,204,0,88,0,-6
0,0,103,20,6459217408,617,959,0,0,223,0,88,0,-6
0,0,27,21,247264192,341,735,0,0,53,54,80,0,-4
0,0,254,17,4212820480,1040,1016,0,0,289,87,88,0,-6
0,0,209,17,3860777472,1022,1016,0,0,271,0,88,0,-6
0,0,302,21,-210877792,377,743,0,0,49,175,86,0,-5
0,0,261,21,1668773504,386,743,0,0,48,106,84,0,-5
0,0,88,0,2066838272,743,0,0,0,288,0,89,1,-6
0,0,252,17,4111102976,980,967,0,0,245,80,88,0,-6
0,0,217,17,1267885952,1085,1066,0,0,356,0,88,0,-5
0,0,351,18,448086176,979,1068,0,0,83,145,88,4,-4
0,0,352,0,-2240668160,979,0,0,0,66,144,88,1,-5
0,0,348,0,-2379731968,1018,0,0,0,122,151,89,3,-4
0,0,9,0,2342852608,1077,0,0,0,232,105,88,0,-6
0,0,328,17,3921924096,1089,1065,0,0,472,175,87,0,-5
0,0,89,17,4929221632,888,964,0,0,272,0,88,0,-6
0,0,93,21,259207024,314,779,0,0,3,0,62,0,-3
0,0,81,22,-205453216,281,760,0,0,3,0,70,0,-3
0,0,86,0,1337227392,504,0,0,0,165,0,87,0,-6
0,0,39,17,790790592,976,966,0,0,221,20,87,0,-5
0,0,9,19,249482432,448,841,0,0,17,105,55,0,-3
0,0,37,19,-128709576,447,841,0,0,75,25,66,0,-3
0,0,93,20,2432378624,390,778,0,0,52,0,78,0,-4
0,0,117,20,143744000,381,730,0,0,13,0,78,0,-4
0,0,141,20,299154592,319,765,0,0,16,0,78,0,-4
0,0,120,22,113929816,239,759,0,0,34,0,63,0,-3
0,0,17,22,264291296,206,809,0,0,20,83,41,0,-3
0,0,350,19,6854068,456,815,0,0,12,148,74,0,-4
0,0,13,19,-29947452,449,841,0,0,18,94,62,0,-1
0,0,46,19,80968160,448,841,0,0,76,0,56,0,-1
0,0,105,21,800503552,276,717,0,0,10,0,57,0,-3
0,0,35,21,475199552,256,774,0,0,44,32,45,0,-3
0,0,42,0,491737632,456,0,0,0,25,10,57,0,-3
0,0,6,0,-641336576,450,0,0,0,78,112,68,0,-1
0,0,250,17,10767322112,1209,1004,0,0,536,77,87,0,-6
0,0,77,17,3513227008,888,1017,0,0,272,0,89,0,-6
0,0,58,19,3306638336,568,694,0,0,99,0,89,0,-6
0,0,139,20,-295201536,420,763,0,0,14,0,82,0,-3
0,0,147,20,-578760320,416,787,0,0,10,0,79,0,-2
0,0,53,22,-187198784,232,773,0,0,27,0,58,0,-2
0,0,52,22,267840080,233,773,0,0,28,0,47,0,-3
0,0,15,19,-6303631,468,835,0,0,25,90,75,0,-4
0,0,2,19,248729952,466,835,0,0,35,123,73,0,-4
0,0,120,22,186962432,235,773,0,0,30,0,50,0,-3
0,0,48,22,23041212,214,770,0,0,9,0,32,0,-2
0,0,85,0,-415057632,233,0,0,0,28,0,55,0,-1
0,0,204,17,7281178112,906,1003,0,0,222,0,89,0,-7
0,0,151,21,-230401744,247,790,0,0,6,0,61,0,-1
0,0,317,17,1170756736,1315,960,0,0,559,180,89,0,-6
0,0,89,19,-35932360,819,898,0,0,354,0,89,1,-6
0,0,57,19,115202920,473,827,0,0,30,0,66,0,-3
0,0,92,21,917648896,302,688,0,0,6,0,79,0,-4
0,0,77,22,658099584,229,750,0,0,24,0,42,0,-3
0,0,158,0,4337096704,919,0,0,0,303,0,88,0,-6
0,0,175,17,890332864,879,977,0,0,263,0,89,1,-6
0,0,344,17,4850603008,1461,1065,0,0,706,158,89,0,-6
0,0,353,19,653475968,484,843,0,0,27,141,72,0,-4
0,0,20,19,162288688,482,843,0,0,25,75,73,0,-4
0,0,78,21,964076992,253,771,0,0,12,0,55,0,-3
0,0,75,22,383230592,247,745,0,0,6,0,55,0,-3
0,0,55,22,4015563,210,801,0,0,14,0,41,0,-1
0,0,21,0,57594728,316,0,0,0,1,74,21,0,-2
0,0,356,20,-428592192,316,675,238,0,0,135,48,30,5
0,0,67,19,-548369216,491,913,0,0,33,0,75,0,-2
0,0,51,19,458216736,491,913,0,0,33,0,71,0,-4
0,0,341,20,756055680,348,770,0,0,9,161,67,0,-4
0,0,335,20,-1155127296,347,791,0,0,8,169,78,0,-4
0,0,281,21,-259198240,307,711,0,0,11,148,80,11,1
0,0,298,21,15245423,319,729,0,0,24,171,84,0,-5
0,0,157,0,1729935872,1170,0,0,0,329,0,89,1,-6
0,0,12,0,117246416,333,0,0,0,14,97,74,11,2
0,0,127,0,-487248384,216,0,0,0,0,0,58,0,-2
0,0,157,17,-484145024,1120,1036,0,0,279,0,89,1,-5
0,0,152,17,379492896,1064,1036,0,0,223,0,89,2,-5
0,0,291,17,12293481472,950,1046,0,0,302,164,89,0,-6
0,0,237,20,550939008,490,808,0,0,68,38,82,0,-5
0,0,240,21,-209010672,344,772,0,0,49,47,85,0,-5
0,0,11,0,-290067040,1654,0,0,0,683,99,89,1,-6
0,0,111,0,88701104,500,0,0,0,25,0,48,0,-3
0,0,74,0,603504000,362,0,0,0,43,0,80,0,-4
0,0,160,0,-822339072,352,0,0,0,33,0,77,0,-3
0,0,313,0,-118934120,269,0,0,0,28,180,84,0,-4
0,0,12,17,3448161536,828,1024,0,0,135,98,89,1,-6
0,0,14,17,4421918208,890,1024,0,0,197,92,89,0,-7
0,0,328,20,255676064,381,831,0,0,15,175,57,0,-3
0,0,11,20,1446332416,392,829,0,0,26,101,85,0,-5
0,0,273,21,-1788107520,401,764,0,0,106,134,88,0,-6
0,0,20,0,317438240,1569,0,0,0,598,77,89,1,-6
0,0,13,0,-3401086464,1552,0,0,0,581,96,89,2,-5
0,0,315,0,-4502085120,1560,0,0,0,589,180,89,0,-6
0,0,92,0,753751552,280,0,0,0,40,0,80,0,-4
0,0,19,17,-2738551552,1986,1128,0,0,1015,0,88,0,-6
0,0,357,17,4724529152,1023,1019,0,0,240,133,89,1,-6
0,0,49,21,2009474048,322,813,0,0,81,0,87,0,-5
0,0,96,22,-398643328,245,751,0,0,0,0,72,0,-2
0,0,0,17,-1626633344,2010,1128,0,0,1038,0,89,1,-5
0,0,342,17,5974593024,1095,1019,0,0,312,160,89,0,-7
0,0,88,20,375797216,390,863,0,0,24,0,59,0,-3
0,0,104,21,-1574803584,384,859,0,0,145,0,84,0,-5
0,0,82,21,2067176192,331,813,0,0,91,0,86,0,-5
0,0,89,22,116029096,246,751,0,0,0,0,70,0,-3
0,0,249,0,546966528,862,0,0,0,235,72,89,1,-6
0,0,178,17,470628480,907,5466,0,0,300,0,89,2,-5
0,0,125,19,1024999488,799,899,0,0,300,0,89,1,-6
0,0,13,20,-39851504,387,843,0,0,21,96,66,0,-3
0,0,303,21,633224064,272,765,0,0,32,176,65,0,-3
0,0,178,17,-11207592960,819,5466,0,0,212,0,89,7,-4
0,0,128,19,1078129280,765,899,0,0,266,0,89,2,-5
0,0,100,20,483449536,390,843,0,0,9,0,26,0,-2
0,0,143,0,2613566208,2068,0,0,0,889,0,89,0,-6
0,0,212,0,1514216320,756,0,0,0,141,0,89,1,-6
0,0,278,0,284372512,379,0,0,0,60,143,84,0,-4
0,0,184,0,610962240,367,0,0,0,128,0,88,0,-6
0,0,108,0,-294263296,251,0,0,0,0,0,63,0,-2
0,0,126,17,-758598272,1398,1075,0,0,219,0,88,1,-5
0,0,28,0,2235254016,896,0,0,0,260,51,88,0,-6
0,0,190,0,1805941504,359,0,0,0,19,0,63,0,-3
0,0,328,0,-69459440,256,0,0,0,0,175,55,0,-3
0,0,9,17,1304949888,1608,1066,0,0,429,105,89,1,-6
0,0,119,20,2177476608,364,733,0,0,43,0,68,0,-4
0,0,0,0,1342665728,1886,0,0,0,1118,0,89,1,-6
0,0,243,0,3835600384,848,0,0,0,255,55,88,0,-6
0,0,315,0,835162496,387,0,0,0,68,180,68,0,-4
0,0,194,17,2928486144,1792,1109,0,0,1024,0,89,0,-7
0,0,345,17,2428660480,1484,1060,0,0,450,156,89,0,-6
0,0,3,17,1817482624,1484,1010,0,0,644,119,89,0,-6
0,0,58,17,6056783872,1109,933,0,0,486,0,89,0,-7
0,0,55,20,-897269120,383,703,0,0,64,0,58,0,-2
0,0,80,20,-539337536,382,602,0,0,64,0,77,0,-3
0,0,154,17,83463464,1709,1174,0,0,941,0,89,1,-7
0,0,146,17,-984204416,1587,1174,0,0,808,0,89,2,-6
0,0,185,17,3517621248,1500,1276,0,0,732,0,89,5,-6
0,0,180,17,73769864,1498,1127,0,0,730,0,89,4,-6
0,0,173,17,1795273088,1491,1127,0,0,724,0,89,2,-6
0,0,151,17,4361144832,1579,1136,0,0,811,0,88,0,-6
0,0,98,17,1675133696,1455,1083,0,0,277,0,88,0,-6
0,0,313,17,446916512,1399,1032,0,0,220,180,89,0,-6
0,0,28,20,-177358784,398,754,0,0,17,53,59,4,2
0,0,285,20,508029504,365,751,0,0,21,156,80,0,-4
0,0,0,21,1080742144,552,814,0,0,312,0,87,0,-6
0,0,50,20,-397820032,673,896,0,0,306,0,89,1,-6
0,0,0,0,-2459064064,1492,0,0,0,0,0,79,0,-4
0,0,78,17,3697490432,1760,921,0,0,872,0,89,1,-6
0,0,172,17,4804737536,1423,721,0,0,535,0,89,0,-7
0,0,187,17,-56998568,1303,1198,0,0,536,0,89,3,-5
0,0,185,17,1305840512,1313,1198,0,0,546,0,89,4,-5
0,0,185,17,437682624,1397,1032,0,0,630,0,89,1,-6
0,0,178,17,1915250432,1484,1008,0,0,862,0,88,1,-5
0,0,140,17,-1905792384,1437,842,0,0,549,0,89,1,-5
0,0,164,17,-5424420352,1355,780,0,0,467,0,89,12,-4
0,0,201,17,1730293376,1460,849,0,0,572,0,89,0,-7
0,0,166,17,835812864,1400,1135,0,0,620,0,89,2,-5
0,0,340,19,3407932160,929,886,0,0,506,163,89,0,-7
0,0,241,20,-94921088,401,751,0,0,14,49,82,0,-4
0,0,305,20,1790710528,386,720,0,0,29,177,83,0,-5
0,0,15,20,730956096,393,635,0,0,36,89,83,0,-5
0,0,0,21,1276778624,390,0,0,0,0,0,85,0,-5
0,0,189,17,-349927712,1254,1060,0,0,474,0,88,1,-5
0,0,163,17,-2325894,697,927,0,0,137,0,89,3,-5
0,0,114,0,578751232,1356,0,0,0,467,0,89,3,-5
0,0,113,17,854849856,1335,775,0,0,447,0,89,16,-3
0,0,0,16,-3001602560,1566,1018,0,0,0,0,86,0,-5
0,0,202,19,2242693120,950,1003,0,0,430,0,88,0,-6
0,0,14,20,1897337728,456,762,0,0,112,92,85,0,-5
0,0,62,20,3196570624,450,762,0,0,106,0,87,0,-6
0,0,155,0,483485120,628,0,0,0,47,0,86,1,-3
0,0,173,17,-1343456768,618,943,0,0,37,0,84,1,-3
0,0,96,16,1355701760,1201,835,0,0,313,0,88,0,-5
0,0,54,16,8504346624,1014,963,0,0,246,0,88,0,-6
0,0,13,19,341198592,799,910,0,0,412,96,88,0,-5
0,0,108,19,6032748032,743,1350,0,0,355,0,88,0,-6
0,0,105,19,342457056,457,907,0,0,0,0,65,0,-3
0,0,142,16,-998141760,1240,815,0,0,0,0,89,6,-4
0,0,160,16,1629658112,1204,865,0,0,0,0,88,0,-6
0,0,0,19,966071616,601,704,0,0,60,0,87,0,-5
0,0,149,19,-196377008,695,914,0,0,308,0,89,1,-5
0,0,0,19,-563716608,450,890,0,0,63,0,88,0,-5
0,0,0,16,403541312,1456,930,0,0,0,0,83,0,-4
0,0,64,16,2516850432,1423,966,0,0,0,0,89,1,-6
0,0,0,16,-1388741504,1441,916,0,0,0,0,80,0,-3
0,0,76,16,3493812736,1443,852,0,0,0,0,88,0,-6
0,0,205,0,3141330688,1031,0,0,0,143,0,88,0,-6
0,0,172,0,3879935488,1033,0,0,0,145,0,87,0,-6
0,0,332,0,566844160,403,0,0,0,27,172,78,0,-4
0,0,0,0,2564654592,1033,0,0,0,145,0,88,0,-6
0,0,0,0,1754002432,997,0,0,0,109,0,88,0,-6
0,0,148,0,2940802816,919,0,0,0,76,0,89,1,-5
0,0,145,0,-1363391872,889,0,0,0,49,0,88,1,-5
0,0,107,0,-434418592,834,0,0,0,55,0,85,3,-2
0,0,94,0,-1144942848,937,0,0,0,213,0,88,0,-6
0,0,95,0,-15310659584,857,0,0,0,132,0,89,1,-5
0,0,0,0,4649197568,1018,0,0,0,130,0,87,0,-5
0,0,154,0,-100798432,849,0,0,0,6,0,83,0,-3
0,0,163,0,-19378024,845,0,0,0,66,0,83,0,-5
0,0,171,0,823300032,806,0,0,0,27,0,79,0,-4
0,0,170,16,-99763904,799,853,0,0,20,0,81,0,-3
0,0,125,16,202809024,812,626,0,0,33,0,76,1,-1
0,0,125,0,-202814080,822,0,0,0,12,0,77,0,-3
0,0,123,0,-474211328,809,0,246,0,0,0,73,36,3
0,0,117,0,939479872,746,0,0,0,21,0,73,0,-4
0,0,108,16,466835904,852,696,0,0,42,0,86,0,-5
0,0,97,16,-521132096,806,602,246,0,0,0,76,45,3
0,0,100,16,-198562544,802,562,246,0,0,0,76,44,3
0,0,118,16,646904064,769,706,0,0,7,0,79,0,-4
0,0,25,16,-1094176256,821,626,0,0,11,62,83,0,-3
0,0,87,16,-574721472,753,693,0,0,11,0,76,0,-3
0,0,83,0,543325952,756,0,0,0,14,0,78,0,-4
0,0,118,16,-345603520,795,562,0,0,18,0,59,1,1
0,0,109,16,359302976,775,549,0,0,22,0,75,0,-4
0,0,161,16,-576271104,757,598,0,0,4,0,63,1,0
0,0,153,16,763065344,759,598,0,0,6,0,74,0,-4
0,0,119,16,551211200,755,598,0,0,13,0,77,0,-4
0,0,21,16,1199910784,788,674,0,0,63,73,87,0,-6
0,0,24,17,458966208,631,751,0,0,49,65,84,0,-5
0,0,304,17,-2121062528,629,765,0,0,0,177,85,1,-3
0,0,85,16,1101631488,847,526,0,0,81,0,88,0,-5
0,0,89,16,87218968,816,575,0,0,50,0,87,1,-5
0,0,6,0,-360071552,968,0,0,0,202,112,89,2,-6
0,0,343,0,1982237312,775,0,0,0,193,159,89,1,-6
0,0,37,16,-1373166848,944,593,0,0,213,24,89,1,-6
0,0,350,17,-1154679552,913,608,0,0,277,146,88,0,-6
0,0,4,17,3670294784,941,676,0,0,358,118,89,1,-6
0,0,135,0,-383494272,1090,0,0,0,285,0,85,0,-5
0,0,0,16,1733150848,1097,688,0,0,292,0,87,0,-5
0,0,130,17,4078763776,771,717,0,0,137,0,88,1,-5
0,0,36,0,1745694080,1089,0,0,0,507,28,89,0,-7
0,0,88,0,2498889216,1111,0,0,0,306,0,88,0,-5
0,0,100,0,4506353664,1094,0,0,0,289,0,87,0,-6
0,0,267,16,3822810112,932,710,0,0,127,120,74,0,-4
0,0,155,0,-5860354048,1004,0,0,0,198,0,88,1,-4
0,0,216,0,3868926208,1016,0,0,0,210,0,88,0,-6
0,0,167,0,-259349456,929,0,0,0,123,0,88,2,-4
0,0,72,0,4806401536,1001,0,0,0,195,0,86,0,-5
0,0,187,16,2256898304,912,678,0,0,106,0,86,0,-5
0,0,218,16,2706960384,923,776,0,0,117,0,85,0,-5
0,0,216,16,-1253095552,892,697,0,0,134,0,88,1,-5
0,0,231,0,-2613252096,870,0,0,0,112,18,88,1,-5
0,0,200,16,3809213440,842,764,0,0,36,0,78,0,-4
0,0,265,16,1771700992,741,684,0,0,16,114,86,0,-5
0,0,266,16,2119157376,765,709,0,0,39,117,88,0,-6
0,0,185,16,-1588155904,842,688,0,0,36,0,80,18,1
0,0,322,16,6952924160,831,709,0,0,103,178,86,0,-5
0,0,19,16,853294656,837,748,0,0,32,79,84,0,-5
0,0,294,16,4036010496,829,820,0,0,55,168,85,0,-5
0,0,0,0,737404416,854,0,0,0,63,0,82,0,-5
0,0,287,0,615631104,924,0,0,0,224,159,88,0,-6
0,0,0,16,176323888,844,0,0,0,53,0,68,0,-3
0,0,273,16,3419822080,935,668,0,0,234,135,88,0,-6
0,0,0,16,3420408064,1138,0,0,0,262,0,88,0,-6
0,0,0,16,2130668928,1018,2102,0,0,202,0,87,0,-6
0,0,0,0,-120884672,867,0,0,0,101,0,82,0,-4
0,0,0,16,2647345664,1035,287,0,0,229,0,88,0,-6
1,2,98,24,120602144,4,951,0,0,0,0,46,0,-3
1,2,242,24,379482432,7,1600,0,0,5,53,40,0,-2
1,1,27,23,-172800112,31,783,0,0,7,57,3,0,5
1,3,0,24,0,5,1564,0,0,0,0,18,0,-2
1,3,100,24,109553560,8,1213,0,0,6,0,42,0,-3
1,3,95,24,-121387864,7,1213,0,0,5,0,40,1,2
1,3,86,24,140980992,9,844,0,0,7,0,63,0,-3
1,4,296,24,-220380816,2,1445,0,0,0,170,61,4,2
1,3,0,24,1294364,6,1676,0,0,0,0,29,0,-2
1,3,0,24,-72000000,4,0,0,0,0,0,10,0,1
1,2,78,24,155140064,9,1050,0,0,7,0,67,0,-4
1,2,80,24,-750724992,3,1588,0,0,2,0,71,0,-2
1,3,110,24,183600144,17,803,0,0,4,0,25,0,-2
1,3,144,24,77760088,7,1108,0,0,4,0,6,0,0
1,3,76,24,64521832,7,1404,0,0,4,0,32,0,-2
1,3,145,24,144000000,6,2071,0,0,4,0,11,0,-1
1,2,131,24,-43199984,7,1089,0,0,3,0,50,0,-3
1,2,207,24,388750144,6,1295,0,0,2,0,22,0,-2
1,3,69,24,408239968,15,893,0,0,7,0,39,0,-2
1,1,184,24,-232233408,4,1295,5,0,0,0,26,33,7
1,4,261,24,0,3,1699,7,0,0,106,42,67,6
1,2,177,24,481189440,8,3640,0,0,8,0,34,0,-2
1,2,257,24,-842170688,2,1925,0,0,2,96,65,0,-2
1,4,288,24,405653984,5,2486,0,0,2,160,49,0,-3
1,2,177,24,28528306,5,1730,0,0,3,0,36,0,-2
1,4,278,24,-496800064,4,1742,0,0,2,143,29,0,1
1,2,185,24,1152000128,8,1742,0,0,0,0,37,0,-2
1,4,346,24,-723599808,12,880,9,0,0,154,30,9,5
1,4,314,24,0,0,624,0,0,0,180,37,0,0
1,3,111,24,-133463520,15,910,0,0,0,0,54,0,0
1,1,45,24,0,0,591,13,0,0,0,22,4,5
1,3,82,24,-158968656,6,1363,0,0,3,0,37,0,-2
1,4,303,24,-315171136,6,1068,0,0,3,176,37,1,2
1,4,328,24,208892848,7,1363,0,0,5,175,44,0,-3
1,3,50,24,-74252016,7,1280,0,0,7,0,58,0,-3
1,4,287,24,-347929440,4,1278,0,0,4,158,57,0,-2
1,3,44,24,35537392,8,1280,0,0,8,1,59,0,-3
1,4,316,24,271603968,6,1278,0,0,6,180,50,0,-3
1,2,195,24,-88968136,4,0,0,0,4,0,44,0,-3
1,2,223,24,17124298,5,0,0,0,5,0,40,0,-2
1,2,222,23,806400896,178,1126,0,0,3,0,33,0,-2
1,2,133,24,191660160,15,0,0,0,0,0,40,0,-3
1,1,155,24,-159676816,11,0,0,0,0,0,49,4,3
1,3,43,24,636480000,12,929,0,0,0,6,45,0,-3
1,3,8,24,95277912,13,867,0,0,0,109,50,0,-2
1,2,214,24,-430757152,175,1642,0,0,72,0,72,2,0
1,2,193,24,82800072,11,848,0,0,5,0,22,0,-2
1,3,119,24,-15507616,15,854,0,0,9,0,17,0,-2
1,3,98,24,403200160,15,854,0,0,10,0,42,0,-3
1,2,137,24,8090888,17,844,0,0,4,0,42,0,-3
1,3,114,24,-321314432,12,856,0,0,7,0,48,0,-1
1,1,47,24,88052376,11,860,16,0,0,0,42,393,8
1,2,152,24,70664024,15,858,0,0,2,0,52,0,-3
1,3,34,24,86399784,12,860,0,0,3,33,37,0,-2
1,1,24,24,36858536,17,854,16,0,0,65,55,619,7
1,3,54,24,-334395424,41,926,0,0,30,0,51,0,-1
1,3,56,24,59904176,40,922,0,0,2,0,40,0,-2
1,1,99,24,-603640640,38,890,16,0,0,0,46,454,8
1,3,88,24,-144592928,28,841,0,0,19,0,41,0,-1
1,3,113,24,69669112,28,841,0,0,19,0,42,0,-3
1,3,128,24,34116796,25,834,0,0,16,0,37,0,-2
1,3,127,24,-34560296,19,820,0,0,10,0,27,0,-1
1,1,45,22,24111516,133,1081,15,0,0,1,67,16,3
1,1,184,24,-224044240,13,836,0,0,4,0,34,2,3
1,4,287,24,-2265806592,106,1232,20,0,0,159,86,285,2
1,4,330,24,397694240,8,0,0,0,0,174,40,0,-2
1,2,148,24,71703592,6,0,0,0,1,0,24,0,-2
1,1,85,24,-353645632,3,923,23,0,0,0,62,171,6
1,3,54,24,8483332,4,923,0,0,3,0,51,1,1
1,1,126,22,-1241281280,124,1062,0,0,3,0,55,6,3
1,2,143,24,195714576,56,981,0,0,3,0,54,0,-3
1,1,60,24,-95040208,14,854,21,0,0,0,15,2,5
1,3,23,24,-299647488,8,838,0,0,0,67,45,0,-1
1,4,321,24,-89769184,6,1084,0,0,4,179,56,0,-3
1,4,353,24,-370867744,58,1123,0,0,4,141,56,4,2
1,3,8,21,282710400,154,872,0,0,4,107,48,0,-3
1,4,355,21,45347016,156,872,0,0,6,137,68,0,-3
1,2,236,21,80261048,129,1031,0,0,6,34,65,0,-3
1,2,193,21,-484447776,127,1028,0,0,4,0,67,0,-2
1,1,34,24,174330576,19,1011,32,0,0,33,46,58,6
1,3,48,24,-175175312,18,1011,0,0,1,0,19,0,0
1,1,167,23,-447583680,67,1052,34,0,0,0,18,129,9
1,1,105,21,-823109696,141,893,0,0,3,0,69,11,2
1,4,323,23,-100384576,64,846,0,0,1,178,58,1,1
1,4,349,23,-439201408,64,865,0,0,1,149,53,1,1
1,3,57,23,381860288,74,1042,0,0,7,0,67,0,-4
1,4,348,23,-689453760,66,865,0,0,3,151,71,1,0
1,2,94,23,887173760,79,1012,0,0,5,0,70,0,-4
1,3,66,23,296702048,74,842,0,0,3,0,54,0,-2
1,3,66,23,30566010,74,842,0,0,3,0,56,0,-3
1,3,57,24,432000000,8,0,0,0,3,0,47,0,-3
1,3,28,24,70832440,8,1106,0,0,0,51,41,0,-3
1,1,137,23,-554136768,106,901,28,0,0,0,47,77,6
1,1,70,24,-223194240,25,915,39,0,0,0,57,26,4
1,2,87,24,563046528,13,884,0,0,5,0,71,0,-4
1,1,70,24,-309084128,8,884,38,0,0,0,66,15,3
1,2,190,23,1213910528,107,954,0,0,8,0,80,0,-4
1,3,169,23,417233632,92,965,0,0,6,0,7,0,-1
1,3,104,24,1014248512,47,990,0,0,10,0,52,0,-3
1,2,133,24,107299840,43,990,0,0,5,0,63,0,-3
1,2,106,24,64295584,28,916,0,0,5,0,64,0,-3
1,2,87,24,237666880,27,978,0,0,5,0,65,0,-2
1,3,0,24,-11140396,5,0,0,0,0,0,45,0,0
1,3,71,23,-806400896,92,876,0,0,0,0,60,0,0
1,2,254,24,751015168,27,944,0,0,5,88,66,0,-3
1,3,31,24,-306635328,7,0,0,0,0,43,16,0,1
1,3,119,23,124061608,98,851,0,0,8,0,40,0,-2
1,3,49,23,28847908,92,841,0,0,2,0,35,0,-2
1,3,102,23,3093896,92,839,0,0,2,0,20,0,-2
1,3,38,24,-190120416,24,1019,0,0,1,20,43,1,2
1,3,88,24,194821776,73,894,0,0,3,0,55,0,-3
1,1,169,24,-554179264,71,894,0,0,1,0,42,1,2
1,3,96,24,-321112640,13,1517,0,0,0,0,48,0,-1
1,4,293,23,-215304208,94,866,0,0,10,167,52,0,-3
1,3,34,24,-225263440,17,904,0,0,8,33,51,0,-1
1,4,314,23,-473011232,94,866,0,0,1,180,61,0,-2
1,3,72,24,211213968,19,904,0,0,9,0,45,0,-3
1,1,79,24,-192078304,72,902,56,0,0,0,65,80,5
1,2,76,24,-298467360,11,948,0,0,5,0,65,0,-1
1,4,347,24,174411552,8,913,0,0,2,153,38,0,-2
1,3,77,23,-307363744,113,859,0,0,5,0,59,0,-2
1,3,57,23,-839631296,111,859,0,0,3,0,52,1,1
1,3,10,23,267375472,103,840,0,0,3,103,47,0,-3
1,4,325,24,-56236620,7,974,73,0,0,177,40,23,5
1,4,341,23,-28801758,109,811,0,0,19,161,44,0,0
1,3,12,23,120311152,83,888,0,0,10,99,50,0,-2
1,3,1,23,-86150848,106,869,0,0,10,124,46,0,-1
1,3,111,21,-47109796,159,790,0,0,2,0,50,0,-1
1,3,24,25,220692208,12,1782,0,0,0,64,36,0,-2
1,1,208,20,-93763016,154,811,47,0,0,0,51,78,6
1,3,8,22,108965424,107,850,0,0,8,109,46,0,-1
1,3,7,22,102552032,107,850,0,0,8,109,41,0,-2
1,2,132,24,194162416,12,1224,0,0,0,0,43,0,-3
1,3,60,24,129599976,12,1068,0,0,0,0,35,0,-2
1,1,84,24,-233426736,11,1068,72,0,0,0,31,107,7
1,3,86,24,29502546,10,1188,0,0,1,0,32,0,-2
1,3,68,24,473665184,17,931,0,0,4,0,50,0,-3
1,3,76,24,138348512,17,931,0,0,4,0,53,0,-3
1,4,353,22,-50398592,120,798,0,0,4,141,52,0,0
1,3,12,21,218502896,180,734,0,0,9,96,59,0,-3
1,3,10,20,-23020182,158,789,0,0,5,103,70,0,-3
1,4,291,24,-97358008,9,961,0,0,0,164,55,0,-2
1,4,349,24,-445576928,8,926,0,0,0,148,68,0,-2
1,3,10,25,-509676800,2,1261,0,0,0,102,75,0,-2
1,4,351,25,0,2,1282,0,0,0,146,78,0,-3
1,2,83,21,183545888,195,669,0,0,4,0,68,0,-4
1,3,7,24,63120152,14,862,0,0,8,110,50,0,-2
1,4,359,25,-299372256,9,0,0,0,0,129,74,0,-3
1,2,174,25,80714280,9,1107,0,0,2,0,51,0,-2
1,2,264,25,-115199888,9,1212,0,0,2,113,55,0,-2
1,2,162,24,2879956,14,897,0,0,2,0,31,0,-2
1,3,105,24,198531072,11,909,0,0,3,0,34,0,-2
1,1,57,20,-71999920,188,757,109,0,0,0,60,34,4
1,2,73,20,115130880,189,758,0,0,1,0,52,0,-2
1,2,204,24,180605872,9,909,0,0,2,0,47,0,-3
1,3,97,25,-224186784,7,1049,0,0,4,0,57,1,1
1,4,280,25,-324283872,11,1196,0,0,8,147,76,0,-3
1,3,95,24,-175679968,10,856,0,0,0,0,37,0,1
1,4,266,25,-339711264,7,1018,59,0,0,117,9,2,6
1,3,195,25,21877016,6,1009,0,0,3,0,14,0,-1
1,2,233,25,27180500,12,999,0,0,9,26,68,0,-2
1,2,232,25,-114570648,10,999,0,0,7,22,72,0,-3
1,3,64,25,-450668096,9,947,0,0,2,0,61,1,0
1,1,220,25,-166153808,5,1019,0,0,2,0,23,1,4
1,2,110,25,-648858816,11,886,0,0,5,0,63,0,-1
1,4,333,25,387218368,5,978,0,0,2,171,56,0,-3
1,3,6,25,-144282992,4,1029,0,0,1,112,55,0,-2
1,2,178,25,-151448256,7,1005,0,0,1,0,56,0,0
1,3,14,25,403200032,6,1002,0,0,3,92,12,0,-1
1,3,38,23,882912128,136,864,0,0,6,21,59,0,-3
1,2,243,24,161279920,5,1036,0,0,2,54,41,0,-3
1,3,18,25,-215157408,61,850,0,0,11,82,43,0,0
1,3,103,24,97199888,8,1135,0,0,2,0,9,0,-1
1,2,234,24,-19502956,5,930,0,0,3,29,53,0,-2
1,2,241,24,-117655464,7,1097,0,0,5,50,73,0,-2
1,1,185,24,-485305088,4,893,59,0,0,0,71,45,3
1,4,358,24,122594608,7,1088,0,0,4,131,21,0,-2
1,4,286,24,-81532024,4,984,0,0,0,158,55,0,-2
1,2,162,24,-61920028,6,1202,0,0,3,0,54,0,-3
1,4,340,24,426297824,7,1256,0,0,3,163,59,0,-3
1,4,353,24,276147744,7,1097,0,0,4,142,38,0,-2
1,1,118,24,-370924320,25,864,75,0,0,0,26,3,4
1,1,163,24,-21744134,25,858,75,0,0,0,17,2,5
1,3,70,24,-126752104,20,871,0,0,1,0,54,0,-2
1,3,144,24,-166245472,18,1032,0,0,2,0,33,0,-1
1,2,173,24,17540902,18,1033,0,0,2,0,41,0,-2
1,3,91,24,28799972,8,1151,0,0,5,0,34,0,-2
1,1,102,24,-106560104,12,865,75,0,0,0,16,3,5
1,3,53,24,-15784717,8,998,0,0,5,0,46,0,-2
1,3,106,22,576869504,175,711,0,0,27,0,54,0,-3
1,3,40,24,-18830802,7,1202,0,0,4,14,33,0,-2
1,2,162,24,-822533952,0,0,0,0,0,0,74,0,-3
1,4,296,24,141402752,7,1149,0,0,5,170,37,0,-2
1,1,31,25,-117923736,47,917,0,0,10,43,27,2,4
1,3,90,24,115199888,9,1028,0,0,6,0,42,0,-2
1,4,329,24,0,5,1193,0,0,0,175,8,0,4
1,3,14,23,56449772,166,680,0,0,36,91,54,0,0
1,3,2,23,-340370688,164,745,0,0,35,124,62,2,1
1,3,55,24,-274707712,6,0,0,0,0,0,38,0,-2
1,1,69,24,-40620628,29,842,93,0,0,0,45,56,6
1,1,97,25,-28799560,102,881,87,0,0,0,23,9,6
1,3,97,25,78904280,38,863,0,0,12,0,33,0,-2
1,3,88,24,-193655296,10,825,0,0,3,0,39,0,0
1,3,69,22,-1267337216,215,724,0,0,3,0,57,3,2
1,3,102,24,-110131888,128,862,0,0,14,0,30,0,2
1,3,60,25,-51461816,107,882,0,0,1,0,34,0,0
1,2,245,20,-937798592,263,706,92,0,0,63,80,43,2
1,3,87,24,612702976,42,895,0,0,19,0,25,0,-2
1,1,151,24,-373846208,7,850,80,0,0,0,30,48,7
1,3,53,24,-35443868,7,851,0,0,3,0,52,6,3
1,2,176,24,358272160,10,884,0,0,5,0,56,0,-3
1,2,154,24,-235482480,9,884,0,0,4,0,57,0,-2
1,3,39,23,144221872,173,734,0,0,19,20,57,0,-2
1,3,142,24,-144000000,36,923,0,0,14,0,8,0,2
1,3,60,24,-272475808,15,841,0,0,10,0,41,2,3
1,4,315,24,-334059104,15,841,0,0,10,180,16,1,4
1,1,126,24,-83519912,5,915,88,0,0,0,20,36,7
1,2,137,24,205444320,4,902,0,0,1,0,34,0,-2
1,3,43,25,-141498864,58,923,0,0,6,6,54,0,-1
1,3,78,25,230399776,57,936,0,0,5,0,43,0,-3
1,2,201,24,274870656,7,866,0,0,2,0,53,0,-3
1,3,68,23,0,185,721,0,0,1,0,53,0,-2
1,2,124,25,-116233704,46,890,0,0,2,0,41,0,-3
1,3,124,24,14399969,6,911,0,0,3,0,24,0,-2
1,3,144,24,459692224,7,911,0,0,4,0,18,0,-2
1,1,100,23,-310407360,62,896,99,0,0,0,39,24,5
1,3,71,23,139933776,63,888,0,0,1,0,43,0,-3
1,3,91,23,54993220,30,802,0,0,23,0,30,0,-2
1,3,77,23,61676200,29,802,0,0,22,0,35,0,-2
1,4,266,23,720000064,5,1014,0,0,3,118,11,0,-1
1,1,86,23,-277466368,92,842,99,0,0,0,42,24,5
1,3,89,23,-7089223,58,888,0,0,14,0,46,2,3
1,3,79,23,-358402848,24,814,0,0,17,0,62,5,2
1,2,189,23,144000000,3,1059,0,0,1,0,37,0,-2
1,3,34,23,-149301488,103,846,0,0,1,34,57,0,-2
1,3,109,23,238417296,3,1146,0,0,1,0,28,0,-2
1,2,186,21,-570240768,277,776,0,0,59,0,76,2,0
1,1,170,23,-263289952,2,1146,98,0,0,0,12,26,8
1,2,141,23,-106793240,37,903,0,0,1,0,61,0,-3
1,3,123,23,-2879846,37,903,0,0,0,0,35,0,-1
1,3,92,23,-138551248,9,1018,0,0,4,0,42,0,-1
1,2,139,23,-295485952,4,983,0,0,2,0,64,0,-2
1,3,91,23,113518376,6,1026,0,0,4,0,44,0,-3
1,3,133,23,43199956,6,1026,0,0,4,0,27,0,-2
1,2,115,21,1434680832,296,635,0,0,77,0,86,0,-5
1,1,191,23,-361376384,8,552,0,0,0,0,31,1,2
1,2,248,23,-121515464,3,1687,0,0,1,70,45,0,0
1,4,311,23,398996800,6,1493,0,0,4,179,43,0,-3
1,3,105,23,-8640019,4,1323,0,0,2,0,28,0,-1
1,4,274,23,-302081760,5,1493,0,0,3,136,34,0,-2
1,3,92,23,129704360,72,841,0,0,2,0,42,2,3
1,3,62,23,4170251,72,852,0,0,2,0,54,0,-3
1,2,152,23,629689408,5,1499,0,0,3,0,53,0,-3
1,3,68,23,169920128,8,1519,0,0,5,0,13,0,-1
1,3,160,23,18496578,3,1268,0,0,0,0,14,0,1
1,3,42,23,-604800000,2,1032,0,0,0,10,33,0,1
1,3,59,23,-183724288,7,1342,0,0,4,0,16,0,-1
1,3,79,23,204636480,3,1108,0,0,1,0,40,0,-2
1,3,21,23,22760570,20,782,0,0,1,72,48,0,-3
1,3,106,23,271384576,25,829,0,0,1,0,27,0,-2
1,3,20,23,-377322688,20,782,0,0,5,75,44,0,-1
1,4,269,23,-344492256,4,809,0,0,1,124,26,1,3
1,3,114,23,187200016,6,883,0,0,1,0,22,0,-2
1,1,45,23,-82799864,5,977,125,0,0,0,22,9,6
1,4,335,23,2448097,73,871,0,0,3,169,12,0,-1
1,1,105,23,-114903544,75,844,118,0,0,0,23,78,8
1,4,266,23,-201599120,75,846,0,0,0,117,18,0,-1
1,3,62,21,196421024,214,777,0,0,37,0,50,0,-3
1,3,77,23,39207880,7,982,0,0,3,0,32,0,-2
1,3,65,23,-3388233,6,982,0,0,2,0,38,0,-2
1,3,23,18,135203152,474,601,0,0,49,68,85,0,-4
1,2,109,23,322906496,52,888,0,0,3,0,48,0,-3
1,2,247,23,-43200008,4,999,0,0,1,68,27,0,-1
1,3,23,23,-17334954,8,973,0,0,5,66,34,0,0
1,3,48,23,146357280,8,977,0,0,4,0,57,0,-3
1,1,54,23,-228995152,5,1138,0,0,1,0,12,0,3
1,3,41,21,-483704096,250,816,0,0,3,11,55,4,3
1,1,63,20,-1212951808,300,719,131,0,0,0,76,401,5
1,3,59,23,119171872,109,856,0,0,8,0,49,0,-3
1,1,113,23,-248825408,76,841,129,0,0,0,51,122,6
1,3,9,23,-61982608,77,848,0,0,1,106,51,1,1
1,2,129,24,499484032,7,0,0,0,0,0,48,0,-3
1,3,66,23,208768784,117,900,0,0,14,0,56,0,-3
1,2,93,20,-457481120,339,836,0,0,8,0,79,0,-4
1,3,43,23,-455900736,116,900,0,0,13,7,53,0,0
1,3,39,22,-262542544,167,808,0,0,2,18,66,1,0
1,3,62,24,347801056,8,1528,0,0,0,0,44,0,-3
1,2,106,24,67458128,7,0,0,0,0,0,38,0,-2
1,3,48,21,560672896,281,755,0,0,104,0,70,0,-4
1,3,29,21,-698728640,277,747,0,0,100,50,61,0,-2
1,2,110,18,32594408,358,863,0,0,7,0,68,0,-4
1,1,71,18,-1593481088,355,863,133,0,0,0,74,56,3
1,3,88,18,-136974480,472,849,0,0,20,0,34,1,2
1,4,343,24,-113609664,5,1008,0,0,0,158,60,1,0
1,3,11,24,-209630800,8,1154,0,0,0,100,18,0,-2
1,2,137,23,187894672,84,861,0,0,3,0,63,0,-3
1,2,123,23,71464128,82,861,0,0,3,0,61,0,-3
1,1,43,23,-160393920,97,835,137,0,0,5,49,27,5
1,3,4,23,-292316288,97,835,0,0,2,117,46,0,-1
1,3,36,22,53042700,187,847,0,0,8,28,67,0,-4
1,2,56,22,304604000,225,937,0,0,3,0,66,0,-3
1,3,36,23,-90349712,177,865,0,0,2,28,58,0,-1
1,2,57,23,-28710844,156,865,0,0,2,0,70,0,-3
1,4,331,20,217406000,393,797,0,0,9,173,81,0,-4
1,2,151,20,-1904103808,343,913,0,0,46,0,87,1,-4
1,3,40,21,-301994720,256,789,0,0,34,15,58,0,0
1,2,117,23,-308807328,48,814,0,0,1,0,62,0,-2
1,3,35,24,156754976,25,933,0,0,6,30,69,0,-2
1,1,34,24,-128515064,18,893,145,0,0,33,66,274,6
1,4,346,18,-103974632,412,989,0,0,1,155,62,2,1
1,1,138,24,-83698272,14,919,145,0,0,0,42,113,7
1,4,355,18,-915809920,434,836,0,0,3,137,56,2,2
1,1,84,22,-443794400,232,817,0,0,9,0,68,7,2
1,1,108,23,-167531232,52,832,157,0,0,0,13,26,8
1,3,23,24,-752213056,4,1116,0,0,0,68,61,1,1
1,2,250,24,-60025752,4,1435,0,0,0,74,42,0,-1
1,1,190,17,-636539712,460,945,154,0,0,0,72,136,4
1,3,65,23,-304071840,183,842,0,0,26,0,61,0,-1
1,2,154,23,-239040544,74,858,0,0,3,0,62,0,-3
1,1,3,23,-120282888,65,862,157,0,0,121,15,28,8
1,1,113,23,-398591104,92,853,164,0,0,0,35,26,6
1,3,70,24,-518399904,6,970,0,0,3,0,47,0,0
1,3,41,23,73862712,117,811,0,0,4,11,41,0,-3
1,3,74,23,432000000,78,851,0,0,2,0,52,0,-3
1,2,147,19,143847424,411,739,0,0,13,0,79,0,-3
1,2,98,19,-299491328,397,873,0,0,2,0,50,0,-2
1,2,85,24,469552160,12,868,0,0,11,0,78,0,-3
1,3,87,24,63678732,9,938,0,0,8,0,54,0,-2
1,3,134,24,57211624,9,938,0,0,8,0,40,0,0
1,2,84,19,-310423552,398,784,0,0,29,0,69,1,0
1,1,111,19,-441912160,432,871,178,0,0,0,74,286,5
1,1,83,19,-46419084,439,924,178,0,0,0,70,223,5
1,2,177,24,-127440000,5,0,0,0,0,0,39,0,-1
1,3,88,20,-278609504,314,790,0,0,66,0,60,1,0
1,1,43,24,-239040000,0,1818,168,0,0,0,45,365,8
1,3,117,20,-57319968,276,791,0,0,27,0,39,1,2
1,2,51,20,-422483552,360,778,0,0,10,0,82,1,-3
1,2,43,20,-747202688,356,778,0,0,6,6,80,1,-2
1,3,71,23,299963808,193,814,0,0,61,0,46,0,-3
1,3,80,24,95261584,8,1363,0,0,4,0,44,0,-2
1,3,95,24,-282701024,10,977,0,0,5,0,44,0,1
1,2,138,24,292670144,11,1296,0,0,5,0,46,0,-3
1,3,99,24,-242605248,4,2572,0,0,0,0,45,0,-2
1,4,301,24,-66041408,3,2711,167,0,0,174,24,3,5
1,2,174,24,-3213958,14,832,0,0,3,0,44,0,-2
1,3,5,24,-6902943,8,1270,0,0,1,115,48,0,-2
1,1,24,25,-45360076,5,1849,0,0,0,63,9,0,3
1,4,334,25,0,0,0,0,0,0,170,18,0,0
1,4,357,25,-522000000,0,1717,0,0,0,134,50,0,-1
1,3,24,25,25919962,6,1788,0,0,1,65,28,0,-2
1,3,31,25,-39898528,5,1788,0,0,1,44,38,0,-2
1,2,162,21,-32109568,254,804,0,0,1,0,64,0,-2
1,3,85,21,136081488,247,798,0,0,82,0,51,0,-3
1,1,124,21,-28799560,253,804,169,0,0,0,20,20,7
1,1,64,21,-545179392,230,755,180,0,0,0,51,14,4
1,3,64,23,-97919728,132,829,0,0,60,0,47,0,-2
1,1,91,21,-343001856,258,767,173,0,0,0,60,23,4
1,3,54,24,-391100576,10,1183,0,0,6,0,49,0,-1
1,3,79,25,213318128,9,1633,0,0,3,0,36,0,-2
1,4,348,24,189376512,18,939,0,0,14,150,53,0,-3
1,3,100,25,28799836,11,1035,0,0,4,0,16,0,-1
1,3,0,25,0,0,-505,0,0,0,0,10,0,-1
1,3,84,23,386318848,157,783,0,0,14,0,66,0,-3
1,3,78,23,-262045984,153,783,0,0,11,0,49,1,1
1,1,2,25,-329715584,11,853,183,0,0,122,35,5,4
1,3,11,25,-531616416,10,1034,0,0,5,100,52,0,-1
1,4,354,25,-106937608,11,0,0,0,0,140,64,0,-2
1,2,195,17,2104716416,589,1000,0,0,16,0,87,0,-5
1,1,59,23,-377852576,70,864,217,0,0,0,57,436,7
1,1,56,17,0,534,931,178,0,0,0,16,18,7
1,4,350,23,103815040,76,824,0,0,1,147,42,0,-3
1,4,346,25,-65671204,14,1005,0,0,0,154,40,0,1
1,3,80,25,577125888,103,792,0,0,5,0,50,0,-3
1,2,101,25,-267611472,10,1715,0,0,1,0,66,0,-2
1,1,44,21,-173279984,280,803,177,0,0,2,48,43,5
1,1,94,17,-538790464,548,926,178,0,0,0,73,192,5
1,2,59,25,-452996160,28,900,0,0,11,0,72,1,-1
1,2,79,25,-1197486464,24,900,0,0,7,0,76,1,-1
1,4,339,25,201799680,47,838,0,0,2,164,38,0,-2
1,2,76,25,237193728,26,908,0,0,4,0,72,0,-3
1,2,247,25,-645457088,28,915,0,0,5,68,79,4,0
1,2,97,18,-408483232,594,930,0,0,11,0,74,0,-1
1,1,69,18,-139238640,595,930,186,0,0,0,64,99,5
1,4,356,21,318281440,273,767,0,0,6,135,73,0,-3
1,2,134,25,-327600032,49,845,0,0,2,0,75,0,-2
1,1,60,25,-194463520,49,852,196,0,0,0,67,175,5
1,4,345,25,-602811456,48,853,0,0,1,155,71,0,-2
1,2,157,21,335038144,289,795,0,0,3,0,77,0,-3
1,1,81,21,-88386712,289,818,208,0,0,0,58,26,4
1,1,149,17,-619972160,509,941,191,0,0,0,66,21,3
1,2,242,17,-738895488,509,941,0,0,0,53,78,1,-1
1,2,138,25,36204772,71,850,0,0,6,0,73,0,-4
1,2,128,22,-80309224,250,777,0,0,2,0,67,0,-4
1,4,355,21,-980739200,312,842,0,0,5,137,75,0,-3
1,3,62,25,-229872160,86,858,0,0,17,0,57,4,2
1,3,46,25,-668815040,83,855,0,0,15,0,56,4,2
1,4,309,20,339098752,367,824,0,0,3,179,42,0,-2
1,3,9,24,-22332454,81,852,0,0,1,106,40,0,-2
1,2,88,21,-541917760,277,559,0,0,6,0,74,0,-3
1,3,108,24,-161776848,114,868,0,0,6,0,58,0,-2
1,2,80,21,-277745248,277,666,0,0,2,0,76,0,-2
1,3,91,24,-252840672,114,870,0,0,5,0,55,0,-2
1,3,119,20,-47425916,417,834,0,0,31,0,45,4,3
1,3,81,20,-20382730,416,828,0,0,30,0,59,0,-3
1,2,108,20,446447808,353,822,0,0,4,0,72,0,-4
1,1,55,20,-450174816,329,844,211,0,0,0,55,132,6
1,1,9,21,-381470688,329,825,211,0,0,106,65,192,6
1,1,41,20,-863850880,351,815,211,0,0,12,66,200,5
1,3,29,20,100581624,333,812,0,0,4,50,72,0,-2
1,4,331,21,1323432192,335,806,0,0,6,173,79,0,-4
1,2,108,20,733043328,437,874,0,0,14,0,62,0,-3
1,3,117,24,102673808,137,816,0,0,1,0,22,0,-2
1,2,249,20,1010876608,383,794,0,0,15,72,84,0,-5
1,2,94,21,26339806,310,735,0,0,2,0,56,0,-2
1,2,39,20,217473056,502,909,0,0,12,18,70,0,-2
1,3,21,20,524131296,378,832,0,0,9,73,60,0,-3
1,3,57,21,-151651856,317,800,0,0,2,0,44,0,-3
1,1,105,21,-271378208,324,798,224,0,0,0,47,16,4
1,3,26,21,21171130,324,798,0,0,2,58,60,0,-3
1,4,338,21,-1072993024,322,814,0,0,0,165,69,0,-2
1,3,142,21,-219059120,326,814,0,0,4,0,30,0,-2
1,2,144,20,905473792,352,780,0,0,9,0,83,0,-5
1,2,189,20,1229595392,370,862,0,0,14,0,84,0,-5
1,3,74,20,-282884192,360,899,0,0,0,0,52,2,2
1,3,59,22,86395384,272,783,0,0,9,0,8,0,-1
1,3,49,22,17383278,273,783,0,0,9,0,39,0,-2
1,3,88,0,-1298679040,875,0,0,0,119,0,87,1,-4
1,4,359,20,-6665345,486,1021,0,0,4,130,79,0,-4
1,2,80,22,342284864,285,760,0,0,7,0,65,0,-3
1,1,89,20,-556788480,313,779,228,0,0,0,49,232,7
1,3,10,0,710148224,315,0,0,0,11,103,75,0,-4
1,2,94,20,-148036016,411,812,0,0,4,0,73,0,-3
1,2,117,20,484455616,320,775,0,0,4,0,58,0,-3
1,2,53,20,-514334976,360,778,0,0,0,0,67,0,-1
1,1,21,19,-797531008,525,814,239,0,0,73,71,307,5
1,2,72,17,-528245280,658,856,0,0,7,0,72,1,0
1,2,207,17,1101558400,641,615,0,0,16,0,59,0,-3
1,1,33,17,-1082425728,673,659,253,0,0,38,56,41,5
