1,-1,1006,0,3,0.22768568,7,1710,0,180,0,0,0
1,71.5650482199999,1006,-0.02469136,3,0.18488453,1446,1064.55847167968,0,179,0.50327915,0.00352822,3.82271743
1,225,1004,-0.02469136,4,0.28899229,167,381.837646484375,0,180,0.1125394,9.111E-05,3.16204143
1,135,1004,0.01851852,5,0.16896784,21,90,0,178,0.45014891,4.583E-05,-0.29642075
1,278.130096439999,1006,0,4,0.27723101,1,397.279235839843,0,181,0.56267959,2.73E-06,-3.53068852
1,329.03625488,1006,-0.00308642,5,0.1996039,2,90,0,181,0.46400225,4.5E-06,-2.66498232
1,270,1006,0,4,0.40181312,130,630,0,181,0.31830662,0.00020061,1.87197268
1,278.130096439999,1006,0.02469136,5,0.25298485,128,810,0,181,0.56267959,0.00034918,1.28687382
1,-1,1006,0,4,0.10061815,10,667.279235839843,0,180,0,0,0
1,90,1006,0,5,0.27034453,3,1297.27917480468,0,179,0.31830662,4.63E-06,-1.89045882
1,258.690063479999,1006,0,6,0.41775641,10,3079.18798828125,1,181,0.40576029,1.967E-05,-0.93333811
1,78.69007111,1006,0,5,0.08520667,1,7666.54052734375,3,179,0.40576029,1.97E-06,-3.21329427
1,225,1006,-0.02469136,6,0.40472889,4,3079.18798828125,1,180,0.22507793,4.36E-06,-1.25931835
1,315,1013,0.00925926,4,0.1408751,0,90,1,180,0.1125394,0,-6.90775537
1,135,1015,-0.0154321,3,0.24933192,3,943.67529296875,0,177,0.78772712,1.146E-05,-2.78692842
1,135,1013,0.0154321,4,0.12901923,0,1775.51281738281,1,179,0.33761472,0,-6.90775537
1,315,994,0.01851852,4,0.1896951,0,1176.39599609375,2,181,0.45014891,0,-6.90775537
1,270,977,0,3,0.13464311,1,487.279235839843,1,181,0.31830662,1.54E-06,-2.97591329
1,149.03623962,970,-0.00308642,3,0.32063398,0,217.279235839843,1,178,0.46400225,0,-6.90775537
1,26.56505203,965,0,3,0.20837179,0,0,0,180,0.35587668,0,-6.90775537
1,56.3099327099999,986,0.01481481,3,0.35897538,19196,0,0,179,0.57382214,0.05340355,6.27741623
1,0,992,0,3,0.29947841,4,90,0,180,0.15915453,3.09E-06,-0.91377711
1,30.96375656,1006,-0.04012346,2,0.26716095,18221,0,0,180,0.46400225,0.04098919,6.43773031
1,45,1017,0,3,0.1366628,70,1477.27917480468,0,180,0.1125394,3.819E-05,2.29260159
1,156.801406859999,1019,0.00740741,3,0.31399113,19,434.558471679687,0,178,0.60602134,5.582E-05,-0.69320154
1,348.690063479999,1021,0.02469136,3,0.27470738,15,794.558471679687,0,181,0.40576029,2.951E-05,-0.52872097
1,63.43494797,1021,0,2,0.17240275,362,1769.11669921875,0,179,0.35587668,0.00062457,2.78441882
1,75.9637527499999,1019,-0.01234568,3,0.18255901,1,1207.27917480468,0,179,0.65618396,3.18E-06,-3.67877197
1,206.565048219999,1019,0,3,0.35007447,14,1747.27917480468,0,179,0.35587668,2.415E-05,-0.46663404
1,341.565063479999,1021,0.00308642,3,0.23898542,358,2129.11669921875,0,181,0.25164443,0.00043676,3.11986351
1,315,1021,0.00925926,2,0.29403937,32,2526.39599609375,0,181,0.33761472,5.238E-05,0.41179156
1,180,1021,0,2,0.33980721,127,2594.55834960937,0,178,0.63659358,0.00039197,1.15563929
1,270,1019,-0.02469136,1,0.30217561,13,1927.27917480468,0,181,0.31830662,2.006E-05,-0.42922893
1,198.43495178,1021,0.00987654,3,0.36022273,110,3081.83740234375,0,179,0.50327915,0.0002684,1.246907
1,18.43494797,1022,0,2,0.39168975,27,2976.39599609375,0,180,0.25164443,3.294E-05,0.53570867
1,135,1024,0,2,0.43978259,21,90,0,179,0.1125394,1.146E-05,1.08886433
1,225,1022,-0.02469136,2,0.25048843,23,360,0,180,0.1125394,1.255E-05,1.17980683
1,45,1026,-0.01481481,1,0.26483932,30,524.558471679687,0,180,0.45014891,6.547E-05,0.0598506
1,180,1026,0.03703704,4,0.36010343,0,921.837646484375,1,179,0.31830662,0,-6.90775537
1,18.43494797,1028,0.00925926,3,0.34938103,11,1027.27917480468,0,180,0.25164443,1.342E-05,-0.36138204
1,180,1022,0,2,0.32644215,305,3659.11669921875,0,179,0.15915453,0.00023534,3.41777635
1,90,1024,-0.02469136,2,0.24195153,12,4326.39599609375,0,179,0.31830662,1.852E-05,-0.50914365
1,180,1022,0,2,0.32467428,6,4866.39599609375,0,179,0.15915453,4.63E-06,-0.50914359
1,0,1026,0,2,0.30913633,8,1440,0,181,0.47745377,1.852E-05,-1.31799614
1,315,1024,-0.00493827,2,0.23958287,5,4956.39599609375,0,181,0.45014891,1.091E-05,-1.7272104
1,296.565063479999,1019,-0.01481481,2,0.27222356,0,5443.67529296875,0,181,0.35587668,0,-6.90775537
1,68.19859314,1021,-0.00617284,5,0.14461283,1,5952.79296875,2,179,0.85701168,4.16E-06,-3.93376541
1,0,1019,0,3,0.22901006,164,5682.79296875,1,181,0.47745377,0.00037962,1.69886875
1,225,1012,-0.01234568,3,0.32012612,0,3575.51318359375,1,180,0.22507793,0,-6.90775537
1,0,1010,-0.01851852,3,0.32627192,161,2960.95458984375,0,181,0.31830662,0.00024845,2.08581305
1,113.19859314,1015,-0.02469136,1,0.44175977,7,2827.279296875,0,178,0.60602134,2.057E-05,-1.6883074
1,161.565048219999,1019,0,3,0.2577213,0,5369.11669921875,0,179,0.25164443,0,-6.90775537
1,288.43493652,1006,-0.01234568,3,0.28670502,9,3268.23388671875,0,181,0.50327915,2.196E-05,-1.25312877
1,35.53767776,999,-0.0154321,5,0.08756058,9,2960.9541015625,2,180,0.68451869,2.987E-05,-1.55946147
1,125.53768158,990,-0.02777778,3,0.32990819,133,1747.27917480468,0,178,0.68451869,0.00044139,1.12921882
1,203.19859314,986,0.04012346,10,0.21464333,0,2091.83764648437,7,179,0.60602134,0,-6.90775537
1,225,1024,0,2,0.41986987,10,1378.23364257812,0,180,0.22507793,1.091E-05,-0.34514365
1,45,1026,0.00617284,2,0.33535749,7,1536.39611816406,0,180,0.45014891,1.528E-05,-1.39234662
1,23.19859123,1028,-0.00246914,2,0.26006177,8,1334.55847167968,0,181,0.60602134,2.351E-05,-1.55545259
1,315,1026,-0.01851852,1,0.2526134,4,1657.27917480468,0,181,0.22507793,4.36E-06,-1.25931835
1,45,1022,0,1,0.35838196,0,2054.55834960937,0,180,0.1125394,0,-6.90775537
1,-1,1017,0.02469136,3,0.44445542,3,2610,0,180,0,0,0
1,120.96375275,1013,0.00740741,2,0.45430818,7,2340,0,178,0.46400225,1.575E-05,-1.42253494
1,-1,1021,0.02469136,3,0.33241037,4,2107.279296875,0,180,0,0,0
1,26.56505203,1021,0.03703704,3,0.15257864,0,2653.67529296875,0,180,0.35587668,0,-6.90775537
1,180,1021,0.02469136,2,0.29712099,3,2271.83764648437,0,178,0.63659358,9.26E-06,-2.57700539
1,45,1024,-0.01481481,2,0.39618865,5,1790.95446777343,0,180,0.45014891,1.091E-05,-1.7272104
1,149.03623962,1019,-0.01728395,1,0.29898745,2,2585.51293945312,0,178,0.46400225,4.5E-06,-2.66498232
1,243.43495178,1019,-0.02469136,1,0.3408471,1,2486.46704101562,0,180,0.35587668,1.73E-06,-3.08517337
1,251.565048219999,1019,0,2,0.43255687,2,2697.35034179687,0,180,0.25164443,2.44E-06,-2.05969191
1,-1,1017,0,2,0.35278201,5,2427.35034179687,0,180,0,0,0
1,146.30993652,1015,0.01481481,2,0.27152166,9,2141.90869140625,0,178,0.57382214,2.504E-05,-1.38382041
1,108.43495178,1013,-0.00493827,2,0.28937155,24,2051.90869140625,0,178,0.50327915,5.856E-05,-0.27449027
1,251.565048219999,1012,0.02469136,4,0.34072503,0,2591.90869140625,1,180,0.25164443,0,-6.90775537
1,180,1012,0,2,0.31176829,948,2914.62963867187,0,179,0.15915453,0.00073147,4.55179691
1,225,1010,0,2,0.27022362,60,2008.23364257812,0,180,0.1125394,3.274E-05,2.13846755
1,90,1010,0,0,0.31472003,46,2001.83776855468,0,179,0.31830662,7.099E-05,0.83336055
1,341.565063479999,1006,0,1,0.30515012,40,1800,0,181,0.25164443,4.88E-05,0.92856103
1,296.565063479999,1004,0.02469136,2,0.31515491,32,1710,0,181,0.35587668,5.521E-05,0.35914716
1,45,1010,0.0154321,2,0.42532548,31,2414.55834960937,0,180,0.33761472,5.074E-05,0.38006422
1,146.30993652,1010,0.01481481,2,0.47628284,36,2901.83764648437,0,178,0.57382214,0.00010015,-0.00052307
1,135,1010,0,1,0.46124235,27,2970,0,179,0.22507793,2.946E-05,0.64721859
1,270,1010,0,2,0.32185146,24,3240,0,180,0.15915453,1.852E-05,0.87590206
1,0,1010,0,1,0.39306971,14,3420,0,180,0.15915453,1.08E-05,0.33720303
1,63.43494797,1008,0,1,0.35445678,30,3150,0,179,0.71172595,0.00010352,-0.39774752
1,258.690063479999,1008,0,1,0.34810773,33,3330,0,181,0.40576029,6.492E-05,0.25881043
1,30.96375656,1012,-0.03395062,1,0.16547996,17,3342.79223632812,0,180,0.46400225,3.824E-05,-0.53767455
1,225,1012,0,2,0.41563985,24,3193.67553710937,0,180,0.1125394,1.309E-05,1.2223537
1,225,1012,0,1,0.25457555,50,2908.2333984375,0,180,0.1125394,2.728E-05,1.95616972
1,168.690063479999,1010,0,1,0.31246763,54,2548.23364257812,0,179,0.40576029,0.00010623,0.7509867
1,56.3099327099999,1008,0.01234568,2,0.31359681,47,3870,0,179,0.57382214,0.00013075,0.26587141
1,45,1010,0.02469136,2,0.42927742,74678,0,0,180,0.33761472,0.12223249,8.16633415
1,270,1004,-0.02469136,0,0.30054072,20,900,0,180,0.15915453,1.543E-05,0.69366384
1,315,1013,0,1,0.24360237,12,1573.67529296875,0,180,0.1125394,6.55E-06,0.52950096
1,198.43495178,1006,0.00987654,1,0.1536988,73,599.116882324218,0,179,0.50327915,0.00017812,0.83703172
1,-1,1001,0,1,0.3265442,34,1260,0,180,0,0,0
1,0,1010,0,1,0.21953869,46,1303.67529296875,0,180,0.15915453,3.549E-05,1.52629042
1,315,1003,0,1,0.01828711,28,2160,0,180,0.1125394,1.528E-05,1.37646222
1,0,995,0.02469136,2,0.10258351,225,1890,0,181,0.31830662,0.00034722,2.42047381
1,0,1004,0,1,-0.00659313,24,2970,0,180,0.15915453,1.852E-05,0.87590206
1,-1,1006,0.00617284,1,0.02983913,16,3690,0,180,0,0,0
1,63.43494797,1008,0.02469136,3,0.39269492,41,3510,0,179,0.35587668,7.074E-05,0.60683006
1,0,1010,0.02469136,2,0.38557321,9,4500,0,181,0.31830662,1.389E-05,-0.79627126
1,225,1004,0,1,0.54779047,55,2250,0,180,0.22507793,6.002E-05,1.35844839
1,71.5650482199999,1003,0,2,0.41128442,64,1440,0,179,0.25164443,7.808E-05,1.3984164
1,90,1006,0.02469136,3,0.35451004,96,2070,0,179,0.31830662,0.00014815,1.56884098
1,63.43494797,1008,0,1,0.45806974,115,2610,0,179,0.35587668,0.00019841,1.63783932
1,18.43494797,1012,0,2,0.47326896,34,4140,0,180,0.25164443,4.148E-05,0.76611179
1,104.03624725,992,0,3,0.34880599,0,720,0,178,0.65618396,0,-6.90775537
1,270,1003,0,1,0.20952258,2551,0,0,180,0.15915453,0.00196833,5.54167652
1,288.43493652,988,-0.02160494,0,0.0751746,49,270,0,181,0.25164443,5.978E-05,1.13142931
1,52.1250152599999,974,-0.0351377,1,0.33753228,1,540,0,179,0.90724695,4.4E-06,-3.98774624
1,81.86989594,976,-0.04012346,3,0.30624604,5,1229.11682128906,1,179,0.56267959,1.364E-05,-1.94894862
1,135,976,0.00925926,1,0.24445075,241,450,0,179,0.33761472,0.00039447,2.43027782
1,-1,983,0,0,0.19996004,236,900,0,180,0,0,0
1,-1,983,0,1,0.24585137,40,270,0,180,0,0,0
1,281.30993652,974,0.03950617,4,0.35040113,0,90,1,182,0.81147993,0,-6.90775537
1,281.30993652,988,0.02469136,2,0.24933514,45,1080,0,181,0.40576029,8.852E-05,0.5687595
1,288.43493652,990,0,1,0.37336072,137,810,0,181,0.25164443,0.00016714,2.15938258
1,135,997,0.0154321,2,0.3728368,130,1440,0,179,0.33761472,0.00021278,1.81309056
1,161.565048219999,1001,0,1,0.07123958,218,2520,0,179,0.25164443,0.00026596,2.62385392
1,71.5650482199999,994,0,1,0.06263061,81,810,0,179,0.25164443,9.882E-05,1.63393068
1,45,986,0.01234568,2,0.17960028,7,90,0,180,0.45014891,1.528E-05,-1.39234662
1,168.690063479999,967,0,2,0.31605539,366,1760.07116699218,0,179,0.40576029,0.00071999,2.66423368
1,45,974,0,2,0.10928949,10,1033.67529296875,0,180,0.22507793,1.091E-05,-0.34514365
1,315,977,0,3,0.24998794,9,1244.55847167968,0,180,0.1125394,4.91E-06,0.24201518
1,135,985,-0.02222222,3,0.05444972,137441,0,0,178,0.56267959,0.37493762,8.26551723
1,225,979,0.02777778,4,0.13360058,0,1530,1,180,0.1125394,0,-6.90775537
1,180,983,0,13,0.3141664,0,720,10,179,0.47745377,0,-6.90775537
1,243.43495178,994,0.01234568,2,0.15701099,18695,0,0,180,0.35587668,0.03225508,6.72872543
1,315,999,0,1,0.28516668,139,450,0,181,0.22507793,0.00015168,2.28543377
1,281.30993652,988,-0.0154321,2,0.43062648,25,270,0,181,0.40576029,4.918E-05,-0.0185743
1,180,992,-0.02469136,2,0.39022335,7,90,0,179,0.47745377,1.62E-05,-1.45099401
1,172.87498474,994,-0.04066812,1,0.32062092,137194,0,0,177,1.28293371,0.8534528,7.43938971
1,0,1003,0.02469136,2,0.03116319,56,990,0,180,0.15915453,4.321E-05,1.7229619
1,341.565063479999,1003,-0.01481481,2,0.26918799,0,630,0,181,0.50327915,0,-6.90775537
1,90,994,0,3,-0.07097967,7,630,0,179,0.15915453,5.4E-06,-0.35523066
1,261.86990356,1010,0,0,0.21948647,359,720,0,181,0.56267959,0.00097935,2.31798816
1,225,1010,0,1,0.33404392,65,270,0,180,0.1125394,3.546E-05,2.21850133
1,11.30993271,1006,0,2,0.12915842,49,720,0,181,0.40576029,9.639E-05,0.65387106
1,149.03623962,1010,0.00308642,0,0.13754769,12,1530,0,178,0.46400225,2.699E-05,-0.88526815
1,198.43495178,1010,0,0,0.23199135,355,1080,0,179,0.25164443,0.0004331,3.11144876
1,45,1012,-0.00308642,0,0.24889559,8,1890,0,180,0.33761472,1.309E-05,-0.97251737
1,71.5650482199999,1012,0.02469136,0,0.14042349,69,1800,0,179,0.25164443,8.418E-05,1.47362196
1,78.69007111,1012,0,0,0.16618432,65,1350,0,179,0.40576029,0.00012787,0.93631005
1,225,1003,-0.00308642,3,0.38651711,14,1800,0,180,0.33761472,2.292E-05,-0.41403565
1,243.43495178,1001,0.02469136,3,0.355997,9,1679.11669921875,0,180,0.35587668,1.553E-05,-0.90758127
1,81.86989594,992,0.04197531,4,0.41314992,0,667.279235839843,1,179,0.56267959,0,-6.90775537
1,315,1006,0,2,0.47375774,2,2383.67529296875,0,181,0.22507793,2.18E-06,-1.94894874
1,78.69007111,997,0,3,0.43595028,1,217.279235839843,0,179,0.40576029,1.97E-06,-3.21329427
1,251.565048219999,1017,0,2,0.44719914,313,3367.279296875,0,180,0.25164443,0.00038186,2.98554015
1,198.43495178,1006,-0.00987654,2,0.44311818,53,307.279235839843,0,179,0.50327915,0.00012932,0.51702756
1,296.565063479999,1015,0,3,0.54428124,307,3907.279296875,0,181,0.35587668,0.00052968,2.61963344
1,288.43493652,1012,0,2,0.60612512,8,3240,0,181,0.25164443,9.76E-06,-0.67929769
1,0,1006,0,3,0.53397107,28,3224.55859375,0,180,0.15915453,2.16E-05,1.0299933
1,45,1012,0,2,0.43927267,14,1170,0,180,0.22507793,1.528E-05,-0.00907499
1,113.19859314,1012,0,1,0.405489,51,360,0,178,0.60602134,0.00014984,0.29292938
1,288.43493652,1012,0,2,0.42951986,20,360,0,181,0.25164443,2.44E-05,0.23580886
1,45,1012,-0.00617284,2,0.54929578,9,1170,0,180,0.22507793,9.82E-06,-0.45034727
1,288.43493652,1012,0,2,0.53617376,2,2340,0,181,0.25164443,2.44E-06,-2.05969191
1,315,1010,0,3,0.41645426,5,1980,0,181,0.22507793,5.46E-06,-1.03687966
1,0,1010,0,3,0.59596014,8,4050,0,180,0.15915453,6.17E-06,-0.22187759
1,71.5650482199999,1008,0,2,0.41710478,10,5347.279296875,0,179,0.25164443,1.22E-05,-0.45654869
1,135,1004,0.0154321,4,0.52626437,5,6216.39697265625,1,179,0.33761472,8.18E-06,-1.44093549
1,225,1003,0.01234568,5,0.41535872,0,3966.39672851562,2,180,0.45014891,0,-6.90775537
1,165.96376038,983,-0.01161946,4,0.36689678,6,1101.83764648437,1,176,1.31219578,3.818E-05,-2.60691285
1,167.00538635,977,0,14,0.2440085,2,1011.83764648437,11,177,1.06157446,1.029E-05,-3.47435641
1,191.30993652,974,-0.00925926,16,0.31092185,10,1191.83752441406,13,179,0.40576029,1.967E-05,-0.93333811
1,198.43495178,977,0,15,0.29154953,7,1154.55834960937,12,179,0.25164443,8.54E-06,-0.81254733
1,167.471191409999,956,-0.01481481,15,0.29566246,9,2293.67504882812,12,176,1.46701539,6.402E-05,-2.31647778
1,45,965,0,14,0.16981831,11,2113.67504882812,11,180,0.22507793,1.2E-05,-0.24996187
1,95.1944274899999,958,-0.00185185,15,0.27788055,0,3417.3505859375,12,178,0.87889296,0,-6.90775537
1,327.528808589999,967,0.03631082,13,0.25642374,0,1806.39587402343,10,183,1.03744984,0,-6.90775537
1,173.659805299999,950,0.00308642,14,0.2400835,0,3200.0712890625,11,178,0.72056669,0,-6.90775537
1,203.19859314,956,0.02469136,17,0.22998601,0,2982.79174804687,14,179,0.60602134,0,-6.90775537
1,225,958,0.00987654,14,0.27299854,0,2945.51293945312,11,180,0.67520601,0,-6.90775537
1,235.30484009,977,-0.02160494,1,0.47872859,5,2383.67504882812,0,180,1.25802815,3.05E-05,-2.74502635
1,275.19442749,986,0.09876543,4,0.06777205,0,937.279174804687,1,182,0.87889296,0,-6.90775537
1,139.08561707,970,-0.00790123,4,0.4225499,15,2960.9541015625,1,175,1.57916772,0.00011487,-1.88295186
1,0,968,0,3,0.50488865,39,3448.2333984375,0,181,0.47745377,9.028E-05,0.26314998
1,315,979,-0.02469136,2,0.17437325,2,3029.11669921875,0,180,0.1125394,1.09E-06,-1.25931835
1,11.30993271,1013,0,3,0.59675843,65,4050,0,181,0.40576029,0.00012787,0.93631005
1,18.43494797,1003,0,4,0.55390292,12,6359.1171875,1,180,0.25164443,1.464E-05,-0.27449027
1,315,1004,0,3,0.37984663,240,5924.55859375,0,180,0.1125394,0.00013094,3.5246737
1,180,995,-0.02469136,1,0.28495073,6,3134.55834960937,0,179,0.15915453,4.63E-06,-0.50914359
1,336.801422119999,999,-0.00740741,3,0.41024983,27,7041.837890625,0,182,0.60602134,7.933E-05,-0.34239644
1,329.03625488,999,0.0154321,4,0.5772422,0,7401.837890625,1,181,0.46400225,0,-6.90775537
1,18.43494797,1001,0,4,0.47852725,0,180,1,180,0.25164443,0,-6.90775537
1,0,994,0,3,0.42969245,25,487.279235839843,0,180,0.15915453,1.929E-05,0.9167074
1,225,985,-0.01234568,4,0.46072295,1,720,1,180,0.22507793,1.09E-06,-2.63509917
1,45,976,-0.0154321,2,0.49942878,11,2880,0,180,0.33761472,1.8E-05,-0.65478516
1,251.565048219999,965,0,3,0.15273133,5182,0,0,180,0.25164443,0.00632201,5.79223585
1,315,985,-0.02469136,2,0.13263111,128963,0,0,181,0.33761472,0.21108584,8.71267414
1,11.30993271,983,0.00925926,3,0.34827286,13,3351.83764648437,0,181,0.40576029,2.557E-05,-0.67156082
1,164.744888309999,961,0.00308642,2,0.3311018,692,704.558471679687,0,177,0.90724695,0.00304394,2.49647999
1,251.565048219999,977,-0.02469136,1,0.34901053,12,4124.55859375,0,180,0.25164443,1.464E-05,-0.27449027
1,156.801406859999,961,-0.01234568,3,0.23019889,486,127.279220581054,0,178,0.60602134,0.00142793,2.54664445
1,315,1003,0.00493827,4,0.55314285,3,3854.55859375,1,181,0.45014891,6.55E-06,-2.23429298
1,33.69006729,1001,0.01975309,4,0.52872735,5,4031.90991210937,1,180,0.57382214,1.391E-05,-1.96842003
1,191.30993652,999,0,4,0.49770382,0,7063.67626953125,1,178,0.81147993,0,-6.90775537
1,0,1003,0,4,0.54836965,2,6486.39697265625,1,181,0.31830662,3.09E-06,-2.29261827
1,11.30993271,997,-0.01234568,4,0.533391,9,7063.67626953125,1,181,0.40576029,1.77E-05,-1.03841603
1,296.565063479999,995,-0.01234568,4,0.50387448,5,7926.39697265625,1,181,0.35587668,8.63E-06,-1.49338722
1,14.03624344,997,-0.01481481,4,0.49248943,2,8069.1171875,1,181,0.65618396,6.36E-06,-3.00562215
1,341.565063479999,995,0.00493827,5,0.51727474,1,8668.234375,2,181,0.50327915,2.44E-06,-3.4227283
1,8.13010216,994,0.04938272,6,0.45503217,0,5748.306640625,3,181,0.56267959,0,-6.90775537
1,315,992,0,5,0.45804182,0,5658.306640625,2,180,0.1125394,0,-6.90775537
1,101.309928889999,986,0,5,0.5561229,0,6033.74755859375,2,179,0.40576029,0,-6.90775537
1,270,990,0,3,0.52968907,8,4497.35107421875,1,180,0.15915453,6.17E-06,-0.22187759
1,293.19857788,992,0.01728395,6,0.49017534,0,4894.630859375,3,182,0.60602134,0,-6.90775537
1,161.565048219999,992,0,4,0.36186466,0,3882.79248046875,1,179,0.25164443,0,-6.90775537
1,315,994,-0.00246914,3,0.50861716,1,3320.95458984375,0,182,0.56267959,2.73E-06,-3.53068852
1,135,1004,0,3,0.48692277,3,2070,0,179,0.1125394,1.64E-06,-0.85502827
1,0,1006,0,2,0.38840902,5,1710,0,180,0.15915453,3.86E-06,-0.69113243
1,315,1003,0,2,0.37779802,5,1620,0,180,0.1125394,2.73E-06,-0.34514365
1,168.690063479999,999,0,4,0.46937144,2,2557.279296875,1,179,0.40576029,3.93E-06,-2.53265548
1,225,997,-0.01728395,2,0.5111084,1,2160,0,180,0.33761472,1.64E-06,-3.03361607
1,296.565063479999,992,0.03703704,5,0.33393937,0,2647.279296875,2,181,0.35587668,0,-6.90775537
1,225,985,-0.00925926,3,0.34541082,3,3277.279296875,0,180,0.33761472,4.91E-06,-1.94894862
1,210.96376038,981,0.00740741,4,0.37113717,0,2790,1,179,0.46400225,0,-6.90775537
1,45,1013,0,1,0.45797741,135,4934.55859375,0,180,0.1125394,7.366E-05,2.94933248
1,135,1015,-0.00308642,2,0.4077979,79,6030,0,179,0.33761472,0.00012931,1.31510925
1,0,1013,0,2,0.43797132,16,1694.55834960937,0,180,0.15915453,1.235E-05,0.47064519
1,90,1015,-0.02469136,1,0.19866559,28,7311.837890625,0,179,0.31830662,4.321E-05,0.337203
1,333.43493652,1013,0,1,0.37446526,516,7020,0,181,0.35587668,0.00089027,3.13886285
1,326.30993652,1013,0.00987654,1,0.31950077,91,6644.55859375,0,182,0.57382214,0.00025316,0.92621261
1,0,1010,0,2,0.39217827,25,8624.55859375,0,181,0.47745377,5.787E-05,-0.18110551
1,71.5650482199999,1012,0,1,0.09376974,76,7777.279296875,0,179,0.50327915,0.00018544,0.87728852
1,341.565063479999,1012,0,2,0.4135333,3,7110,0,181,0.25164443,3.66E-06,-1.65684485
1,90,1013,0,2,0.34790117,8,7041.837890625,0,179,0.15915453,6.17E-06,-0.22187759
1,315,1015,-0.04938272,1,0.18607204,27,5707.279296875,0,180,0.1125394,1.473E-05,1.34010398
1,90,1013,0,5,0.27363682,1,5331.837890625,2,177,1.11394417,5.4E-06,-4.18082094
1,60.94539642,1015,-0.01532567,4,0.37119922,1,4590,1,178,1.63815391,7.94E-06,-4.53629541
1,56.3099327099999,1015,0,0,0.15090159,16,6321.837890625,0,179,0.57382214,4.451E-05,-0.81020343
1,225,1013,0,1,0.40409124,46,4087.279296875,0,180,0.1125394,2.51E-05,1.87280035
1,251.565048219999,1015,-0.04012346,0,0.32853642,6,3780,0,180,0.25164443,7.32E-06,-0.96632248
1,78.69007111,1015,0,2,0.38048482,195,3780,0,179,0.40576029,0.0003836,2.03466082
1,26.56505203,1017,-0.00987654,1,0.4160164,8,4860,0,181,0.71172595,2.761E-05,-1.71541846
1,198.43495178,1012,0.00987654,0,0.2587519,419,2340,0,179,0.50327915,0.00102236,2.58408546
1,251.565048219999,1012,0.00308642,-1,0.20352048,43,1350,0,180,0.25164443,5.246E-05,1.00085413
1,45,1012,0,1,0.14001724,50,540,0,180,0.22507793,5.456E-05,1.26316381
1,281.30993652,1012,-0.01851852,0,0.10493674,36,1980,0,182,0.81147993,0.00014164,-0.34668231
1,168.690063479999,1010,0,1,0.15430768,38,1620,0,179,0.40576029,7.475E-05,0.39978746
1,71.5650482199999,1010,0,2,0.07258774,130,810,0,179,0.25164443,0.0001586,2.10694242
1,108.43495178,1010,-0.02469136,1,0.11570198,136,180,0,179,0.25164443,0.00016592,2.15205741
1,206.565048219999,1010,0,2,0.12844646,31,2160,0,179,0.35587668,5.349E-05,0.32742101
1,225,1012,0,-1,0.11572349,69,2970,0,180,0.22507793,7.529E-05,1.58516955
1,45,1012,0.00617284,3,0.27858582,8,5527.279296875,0,180,0.45014891,1.746E-05,-1.25931835
1,240.94538879,1012,-0.03133903,-1,0.3018299,29,4590,0,181,0.81924438,0.00011519,-0.57207137
1,126.86989594,1010,-0.00987654,1,0.43386701,21,6120,0,177,0.79572356,8.102E-05,-0.86510575
1,90,1010,0,3,0.36275518,47,6104.55859375,0,178,0.63659358,0.00014506,0.1621356
1,78.69007111,1004,0,3,0.26537299,25,630,0,179,0.40576029,4.918E-05,-0.0185743
1,315,1010,-0.02469136,0,0.16161558,48,540,0,180,0.1125394,2.619E-05,1.91535354
1,198.43495178,1010,0,2,0.15678734,40,1350,0,179,0.25164443,4.88E-05,0.92856103
1,45,1012,0,1,0.09264355,42,2917.279296875,0,180,0.45014891,9.166E-05,0.3960537
1,116.565048219999,1010,-0.01975309,2,0.2513622,182,6719.1171875,0,177,1.06752026,0.00094203,0.99847561
1,75.9637527499999,1008,-0.02469136,3,0.35038051,25,7274.55859375,0,179,0.65618396,7.953E-05,-0.49865133
1,51.84277344,1010,0.01295284,5,0.30240211,0,7740,2,179,2.8313663,0,-6.90775537
1,52.1250152599999,1010,-0.00925926,1,0.33149344,6,7417.279296875,0,179,0.90724695,2.639E-05,-2.24197245
1,251.565048219999,1010,0,-1,0.28278393,15,6607.279296875,0,181,0.50327915,3.66E-05,-0.74370468
1,323.130096439999,1013,0,-1,0.06335868,8,7498.23486328125,0,182,0.79572356,3.086E-05,-1.82633424
1,188.130096439999,1019,-0.02469136,0,0.15277195,15,4860,0,179,0.56267959,4.092E-05,-0.85502821
1,296.565063479999,1019,-0.01234568,0,0.13926081,13,5490,0,181,0.35587668,2.243E-05,-0.54061937
1,108.43495178,1015,-0.01016703,6,0.36206338,3,6967.279296875,3,176,1.25802815,1.83E-05,-3.2455287
1,293.19857788,1024,0.0154321,1,0.11416552,9,5850,0,182,0.60602134,2.644E-05,-1.43819606
1,0,1030,0,1,0.44108617,4,5040,0,182,0.79572356,1.543E-05,-2.51328945
1,270,1031,0,-1,0.13423343,43,4289.11669921875,0,181,0.63659358,0.00013271,0.07326721
1,333.43493652,1030,0,-1,0.17029835,2,4003.67504882812,0,184,1.42323232,1.38E-05,-3.75668502
1,7.12501621,1039,-0.0087146,2,0.05760955,4,4705.58447265625,0,182,1.28293371,2.488E-05,-2.98351264
1,300.96374512,1037,-0.01234568,1,0.21970811,36,4733.8193359375,0,183,0.92794365,0.00016197,-0.48061123
1,18.43494797,1033,0,0,0.43065485,4,4494.70166015625,0,180,0.25164443,4.88E-06,-1.37047434
1,348.690063479999,1031,-0.02469136,1,0.06336088,118,3482.86376953125,0,181,0.40576029,0.00023213,1.53243124
1,315,1021,-0.02469136,1,0.43892694,5,3628.2333984375,0,181,0.22507793,5.46E-06,-1.03687966
1,288.43493652,1024,-0.01329535,1,0.01014733,35,3581.90893554687,0,183,1.00648069,0.0001708,-0.5898546
1,120.96375275,1019,0.00740741,2,0.25849712,10,3035.51293945312,0,178,0.46400225,2.25E-05,-1.06710505
1,243.43495178,1015,-0.0308642,-1,-0.03671018,17,2442.7919921875,0,180,0.35587668,2.933E-05,-0.27275947
1,26.56505203,1012,-0.01234568,0,0.36754599,22,1955.51281738281,0,180,0.35587668,3.796E-05,-0.01522893
1,161.565048219999,1010,0,1,0.32714194,28,1415.51281738281,0,179,0.25164443,3.416E-05,0.5720554
1,180,1001,-0.02469136,1,0.22103365,30,726.396118164062,0,179,0.31830662,4.63E-05,0.40614825
1,225,999,-0.00308642,2,0.19278969,2260,1260,0,180,0.33761472,0.00369915,4.66852236
1,251.565048219999,994,-0.00925926,1,0.34298241,12,1800,0,180,0.25164443,1.464E-05,-0.27449027
1,341.565063479999,986,-0.02469136,2,0.2564081,12,1657.27917480468,0,181,0.25164443,1.464E-05,-0.27449027
1,18.43494797,990,-0.02469136,1,0.25862372,22,450,0,180,0.25164443,2.684E-05,0.33104724
1,225,979,-0.01234568,2,0.3224526,4,1890,0,180,0.45014891,8.73E-06,-1.94894874
1,258.690063479999,985,0.0154321,2,0.28155586,17,1207.27917480468,0,181,0.40576029,3.344E-05,-0.40375748
1,18.43494797,995,-0.00925926,1,0.24482563,2266,720,0,180,0.25164443,0.00276451,4.965065
1,108.43495178,976,0.00987654,3,0.30902711,4,2557.279296875,0,178,0.50327915,9.76E-06,-2.05969191
1,90,977,-0.01234568,3,0.38349515,649,3187.279296875,0,179,0.15915453,0.00050076,4.1728797
1,315,979,0,4,0.40781346,2,3494.55859375,1,180,0.1125394,1.09E-06,-1.25931835
1,251.565048219999,976,0,3,0.35845768,0,2954.55834960937,0,180,0.25164443,0,-6.90775537
1,198.43495178,983,0,2,0.31095111,14,2160,0,179,0.25164443,1.708E-05,-0.1205276
1,225,990,0.02469136,3,0.26886097,10,1890,0,180,0.1125394,5.46E-06,0.34729719
1,315,995,0,2,0.25513676,15,1530,0,180,0.1125394,8.18E-06,0.75252676
1,0,985,-0.02469136,1,0.27662894,11,1260,0,180,0.15915453,8.49E-06,0.09623561
1,168.690063479999,988,0,2,0.27453598,22,270,0,179,0.40576029,4.328E-05,-0.14626876
1,135,995,0,5,0.26411915,22,6229.1904296875,2,179,0.1125394,1.2E-05,1.13536906
1,270,997,-0.01234568,4,0.31149876,647,6139.1904296875,1,181,0.31830662,0.00099844,3.47666168
1,26.56505203,994,-0.01975309,4,0.44605711,16,6769.1904296875,3,181,0.71172595,5.521E-05,-1.02505457
1,315,995,0.00308642,6,0.37264606,0,6791.02783203125,3,182,0.78772712,0,-6.90775537
1,135,994,-0.00925926,5,0.06192813,30,7135.58642578125,3,179,0.33761472,4.91E-05,0.34729719
1,210.96376038,994,-0.01481481,6,0.41733518,1,7532.86572265625,3,179,0.92794365,4.5E-06,-4.0090766
1,180,992,-0.0308642,2,0.38282874,24,7675.58642578125,3,178,0.95484126,0.00011111,-0.91377711
1,315,990,-0.00189934,5,0.35454479,245,7976.4697265625,3,183,1.1252507,0.00133671,1.24296701
1,16.3895397199999,994,-0.00726216,4,-0.17747314,9,7203.7490234375,3,182,1.40983176,6.153E-05,-2.27709699
1,63.43494797,999,-0.01234568,5,0.19878289,20,906.396118164062,0,179,0.35587668,3.451E-05,-0.11043759
1,71.5650482199999,995,0,7,0.52238619,2,1468.23364257812,2,179,0.50327915,4.88E-06,-2.74502611
1,18.43494797,997,0,5,0.5456754,5,906.396118164062,0,181,0.50327915,1.22E-05,-1.83811831
1,168.690063479999,997,-0.01172839,4,0.51476169,9,344.558471679687,0,179,0.40576029,1.77E-05,-1.03841603
1,90,997,0.03703704,4,0.52685952,4,487.279235839843,0,179,0.31830662,6.17E-06,-1.60443377
1,33.69006729,997,-0.02962963,3,0.59272385,6,651.837646484375,0,180,0.57382214,1.669E-05,-1.78729236
1,54.4623222399999,997,-0.00925926,4,0.52375865,224,127.279220581054,0,179,0.68451869,0.0007434,1.65038443
1,135,997,0.02469136,4,0.4578287,9,127.279220581054,0,179,0.33761472,1.473E-05,-0.85502827
1,251.565048219999,983,0,8,0.22719702,1,450,2,180,0.25164443,1.22E-06,-2.74502611
1,341.565063479999,985,-0.02469136,6,0.6058982,4126,0,0,181,0.25164443,0.0050337,5.56435394
1,63.43494797,938,0.00987654,14,0.2637794,41,3963.74731445312,13,176,3.19960141,0.00063665,-1.58604348
1,58.4486160299999,920,-0.0468755,18,0.176477,4,5447.42333984375,15,175,5.30754137,0.00010322,-4.34584904
1,11.30993271,940,0.00617284,18,0.0589687,4,4699.18896484375,16,181,0.81147993,1.574E-05,-2.53265548
1,203.19859314,940,0.01728395,19,0.27197468,44,4879.18896484375,16,179,0.60602134,0.00012928,0.14541206
1,168.690063479999,932,-0.00308642,19,0.24983746,8,4931.90966796875,16,179,0.40576029,1.574E-05,-1.15584612
1,168.690063479999,918,-0.0154321,24,0.28704083,22,4165.5849609375,21,179,0.40576029,4.328E-05,-0.14626876
1,348.690063479999,923,0,22,0.05640024,3,3693.7470703125,19,181,0.40576029,5.9E-06,-2.13139486
1,251.565048219999,931,-0.03703704,19,0.24236357,8,5186.46826171875,17,181,0.50327915,1.952E-05,-1.37047434
1,251.565048219999,913,-0.0154321,37,0.06984702,10,4391.90966796875,34,180,0.25164443,1.22E-05,-0.45654869
1,192.26477051,898,0,38,0.04506794,7,0,0,177,1.8723644,6.356E-05,-2.80542111
1,180,916,0.07407407,38,0.10084227,0,4121.90966796875,35,178,0.95484126,0,-6.90775537
1,208.30075073,929,-0.01234568,31,0.08688119,7,4010.07202148437,28,179,1.17478263,3.987E-05,-2.34526753
1,53.9726257299999,911,-0.00364299,37,0.03712344,1,5491.0986328125,27,179,2.16371202,1.049E-05,-4.78522205
1,180,936,-0.01851852,27,0.03790862,0,2908.2333984375,24,179,0.31830662,0,-6.90775537
1,233.130096439999,904,0.01851852,36,0.0808163,0,5109.2607421875,26,180,0.79572356,0,-6.90775537
1,59.03624344,983,-0.01234568,10,0.51725912,3585,0,0,179,0.46400225,0.00806466,4.81192064
1,225,988,-0.00308642,8,0.3940478,7,360,0,180,0.56267959,1.91E-05,-1.61448455
1,108.43495178,994,0,10,0.29938528,9,270,1,179,0.25164443,1.098E-05,-0.56173384
1,81.86989594,997,-0.00246914,8,0.12185903,0,630,2,179,0.56267959,0,-6.90775537
1,11.30993271,995,-0.00925926,8,0.36198765,9,1573.67529296875,2,181,0.40576029,1.77E-05,-1.03841603
1,225,995,-0.00740741,8,0.50235367,3,270,0,180,0.56267959,8.18E-06,-2.45510435
1,18.43494797,994,0,9,0.56618118,343,360,0,180,0.25164443,0.00041846,3.07706285
1,333.43493652,994,-0.02469136,7,0.57485586,3854,0,0,181,0.35587668,0.00664943,5.14958525
1,33.69006729,994,-0.01481481,8,0.52976429,12,1980,1,180,0.57382214,3.338E-05,-1.09713626
1,236.30993652,994,-0.01234568,8,0.45588672,12,1620,0,180,0.57382214,3.338E-05,-1.09713626
1,315,994,0,9,0.57990664,12,1170,0,180,0.1125394,6.55E-06,0.52950096
1,161.565048219999,995,0.02469136,9,0.61855829,4,180,0,179,0.25164443,4.88E-06,-1.37047434
1,210.96376038,995,-0.00740741,8,0.57087225,1,2517.35034179687,2,179,0.46400225,2.25E-06,-3.34386396
1,135,992,-0.00925926,7,0.45498204,1,2231.90869140625,2,179,0.33761472,1.64E-06,-3.03361607
1,71.5650482199999,995,0.0154321,9,0.57892054,4,180,0,179,0.25164443,4.88E-06,-1.37047434
1,45,995,0,9,0.47481391,33,1887.35046386718,2,180,0.1125394,1.8E-05,1.54072702
1,315,995,-0.02469136,8,0.5249992,20,270,0,181,0.22507793,2.182E-05,0.34729719
1,135,994,0,8,0.50637913,16,630,0,179,0.33761472,2.619E-05,-0.28069338
1,71.5650482199999,994,-0.02469136,8,0.47599012,23,630,0,179,0.25164443,2.806E-05,0.37546778
1,180,995,0,9,0.56588429,0,2045.51281738281,2,179,0.47745377,0,-6.90775537
1,293.19857788,983,0.02469136,11,0.20084661,0,720,1,182,0.60602134,0,-6.90775537
1,0,968,0,7,0.23614863,4,471.837646484375,0,181,0.47745377,9.26E-06,-2.00741434
1,116.565048219999,961,0,8,0.26586047,35,1250.95446777343,0,179,0.35587668,6.039E-05,0.44869947
1,198.43495178,950,-0.02469136,6,0.33188367,4,2427.35034179687,0,179,0.25164443,4.88E-06,-1.37047434
1,90,959,0,5,0.49758038,21,2510.95458984375,0,179,0.31830662,3.241E-05,0.0497588
1,225,970,-0.00493827,7,0.32097042,6,2324.55834960937,0,180,0.67520601,1.964E-05,-1.94894874
1,187.12501526,967,-0.0130719,6,0.31548342,2,2939.11669921875,0,177,1.28293371,1.244E-05,-3.65709543
1,149.03623962,970,-0.00925926,6,0.15198176,29,90,0,178,0.46400225,6.524E-05,-0.00430073
1,198.43495178,979,0.02469136,7,0.23803174,9,630,0,179,0.50327915,2.196E-05,-1.25312877
1,63.43494797,986,-0.01234568,6,0.24212565,19,990,0,179,0.35587668,3.278E-05,-0.1616721
1,288.43493652,990,0,7,0.40999895,24,540,0,181,0.25164443,2.928E-05,0.41799876
1,135,985,0.01851852,7,0.44988671,6,90,0,178,0.45014891,1.309E-05,-1.54582679
1,66.80140686,992,0.00740741,8,0.49841499,4482,0,0,179,0.60602134,0.01316872,4.76819038
1,333.43493652,988,0.02469136,8,0.6225332,2,2166.39599609375,0,181,0.35587668,3.45E-06,-2.40302205
1,34.69515228,990,0.00925926,11,0.59737599,0,1589.11669921875,1,180,1.25802815,0,-6.90775537
1,251.565048219999,995,0.02160494,11,0.11425051,0,2023.67517089843,1,180,0.25164443,0,-6.90775537
1,180,995,0,11,0.19860217,0,90,1,178,0.63659358,0,-6.90775537
1,168.690063479999,979,0,6,0.31059232,15,90,0,179,0.40576029,2.951E-05,-0.52872097
1,225,970,-0.02469136,6,0.48907652,4,360,0,180,0.33761472,6.55E-06,-1.66302347
1,198.43495178,956,0.00246914,10,0.47964188,189,2945.51293945312,0,179,0.7548945,0.00069174,1.38267195
1,135,954,-0.02469136,7,0.18240325,12,1812.7919921875,0,178,0.45014891,2.619E-05,-0.85502827
1,45,940,0.00617284,8,0.19990785,921,2523.74633789062,0,180,0.45014891,0.00200998,3.4832015
1,324.46231079,994,0.02160494,11,0.44929886,0,3891.83764648437,2,182,0.68451869,0,-6.90775537
1,261.86990356,994,0.04938272,11,0.40203714,0,3044.55834960937,1,181,0.56267959,0,-6.90775537
1,18.43494797,994,-0.00308642,10,0.44205603,25,3404.55859375,0,180,0.25164443,3.05E-05,0.45879441
1,251.565048219999,994,0,9,0.42066959,2,2520,0,180,0.25164443,2.44E-06,-2.05969191
1,198.43495178,994,0,10,0.33633125,3,4093.67553710937,1,179,0.50327915,7.32E-06,-2.34476304
1,14.03624344,994,0.01604938,12,0.33779013,0,307.279235839843,2,181,0.65618396,0,-6.90775537
1,270,990,-0.02469136,9,0.3898997,2,487.279235839843,0,180,0.15915453,1.54E-06,-1.60443366
1,304.695159909999,985,0.02160494,10,0.3632153,4,4971.837890625,0,184,1.25802815,2.44E-05,-2.96428609
1,270,985,-0.02469136,9,0.42020735,1,2091.83764648437,0,183,1.27303004,6.17E-06,-4.3050499
1,326.30993652,976,-0.00123457,11,0.36032704,0,5825.51416015625,1,183,1.14752913,0,-6.90775537
1,21.8014087699999,970,-0.01888163,13,0.39704791,0,6275.51416015625,3,182,1.71364009,0,-6.90775537
1,156.25050354,970,-0.01899335,13,0.37001747,2,689.116882324218,3,173,2.17245793,2.107E-05,-4.15758562
1,81.86989594,992,-0.02469136,8,0.33595064,146,2616.39599609375,0,179,0.56267959,0.00039829,1.41841614
1,198.43495178,958,0.01728395,12,0.33195341,0,307.279235839843,0,179,0.25164443,0,-6.90775537
1,288.43493652,959,0,12,0.3724685,0,217.279235839843,2,181,0.25164443,0,-6.90775537
1,105.25511932,923,-0.01666667,24,0.3113476,13,1970.95446777343,14,177,0.90724695,5.718E-05,-1.47386336
1,291.801422119999,925,0,24,0.13046807,425,1843.67529296875,14,182,0.85701168,0.00176594,2.06599975
1,62.1027297999999,925,-0.02511707,26,0.19189796,5,1753.67529296875,14,178,1.53033924,3.71E-05,-2.93768239
1,31.7594795199999,931,-0.00500213,23,0.01464796,27,1409.11682128906,13,181,1.96464825,0.00025727,-1.51575053
1,300.96374512,949,0.02469136,14,0.14422336,0,3814.63037109375,4,181,0.46400225,0,-6.90775537
1,264.805572509999,947,-0.02469136,12,0.14610489,18,3761.90966796875,2,182,0.87889296,7.67E-05,-1.11799645
1,90,904,0.04938272,37,0.12992693,0,2172.7919921875,16,178,0.63659358,0,-6.90775537
1,41.63354111,913,0.02279202,27,0.07976679,1,524.558471679687,6,180,1.91576505,9.29E-06,-4.67723703
1,78.69007111,911,0.0154321,29,0.08866583,0,3274.6298828125,17,179,0.40576029,0,-6.90775537
1,90,911,-0.02469136,24,0.28055173,5,2638.23364257812,14,179,0.31830662,7.72E-06,-1.38228571
1,51.34019089,913,-0.01519468,26,0.32625747,294,2548.23364257812,14,179,1.01898146,0.00145254,1.52444315
1,281.30993652,909,0.01358025,28,0.14837451,0,5410.142578125,18,182,0.81147993,0,-6.90775537
1,8.74616241,920,0.03820172,29,0.19164558,0,2585.51293945312,17,184,2.09242582,0,-6.90775537
1,-1,918,0,24,0.15138274,3,2765.51293945312,14,180,0,0,0
1,315,977,0.0154321,8,0.23802775,17,1080,0,181,0.33761472,2.783E-05,-0.22014666
1,0,970,0.02469136,9,0.31820157,20,1064.55847167968,0,181,0.31830662,3.086E-05,0.00101621
1,29.0546035799999,970,-0.01049383,8,0.3144381,14,1604.55834960937,0,181,0.81924438,5.561E-05,-1.29841316
1,135,965,0,8,0.26283121,20,1446.39611816406,0,179,0.22507793,2.182E-05,0.34729719
1,270,1015,-0.02469136,1,0.42163759,21,2880,0,180,0.15915453,1.62E-05,0.74243015
1,198.43495178,1006,-0.02469136,1,0.37401989,11,1080,0,179,0.25164443,1.342E-05,-0.36138204
1,45,994,-0.01851852,3,0.4571676,0,90,0,180,0.22507793,0,-6.90775537
1,81.86989594,1012,0,3,0.4930267,35,5040,0,179,0.56267959,9.548E-05,-0.00907492
1,45,1012,0.0154321,3,0.38276228,1,4897.279296875,0,180,0.78772712,3.82E-06,-3.8535943
1,-1,1012,0,3,0.38799575,1,5400,0,180,0,0,0
1,45,1013,0,4,0.59991151,0,524.558471679687,1,180,0.33761472,0,-6.90775537
1,90,1013,-0.00493827,3,0.40015507,146,4987.279296875,0,179,0.31830662,0.0002253,1.98802805
1,81.86989594,1012,-0.00740741,5,0.39752266,0,5549.1171875,2,179,0.56267959,0,-6.90775537
1,90,1012,-0.01851852,4,0.42535251,87,6253.67626953125,1,179,0.15915453,6.713E-05,2.16345477
1,333.43493652,1012,-0.01851852,6,0.39645642,1,7504.6318359375,3,181,0.35587668,1.73E-06,-3.08517337
1,45,1010,-0.02469136,4,0.21930085,3,7765.5859375,4,180,0.1125394,1.64E-06,-0.85502827
1,135,1012,0,1,0.39027596,7,8280,0,179,0.1125394,3.82E-06,-0.00907497
1,231.3401947,1012,-0.00395062,1,0.11731952,384,5490,0,180,1.01898146,0.00189719,1.79145491
1,236.30993652,1012,-0.00493827,-1,0.31146428,24,5040,0,180,0.57382214,6.677E-05,-0.40548804
1,324.46231079,1013,-0.00308642,0,0.31485814,315,4680,0,182,0.68451869,0.0010454,1.99125552
1,71.5650482199999,1008,0.02962963,10,0.20364171,0,2436.39599609375,5,179,0.50327915,0,-6.90775537
1,53.13010406,1008,0,9,0.1262527,0,3035.51293945312,4,179,0.79572356,0,-6.90775537
1,225,1008,0.02160494,9,0.27761,0,2368.23364257812,4,180,0.33761472,0,-6.90775537
1,108.43495178,1004,0,3,0.14640962,13,360,0,179,0.25164443,1.586E-05,-0.19454879
1,45,1006,0.01234568,5,0.20171238,14,1080,0,180,0.45014891,3.055E-05,-0.70121354
1,-1,1006,-0.02469136,3,0.2258801,8,1260,0,180,0,0,0
1,18.43494797,995,0,7,0.39500415,0,2660.0712890625,3,180,0.25164443,0,-6.90775537
1,153.43495178,1015,0,4,0.30441171,0,1378.23364257812,1,179,0.35587668,0,-6.90775537
1,6.34019184,1013,0,2,0.17695975,0,270,0,181,0.72056669,0,-6.90775537
1,90,1015,-0.00987654,2,0.21214463,4,90,0,179,0.31830662,6.17E-06,-1.60443377
1,225,1012,0,4,0.14813128,0,217.279235839843,1,180,0.1125394,0,-6.90775537
1,146.30993652,1019,-0.00493827,2,0.32995492,10,2225.51293945312,0,178,0.57382214,2.782E-05,-1.2788589
1,45,1019,0.00925926,2,0.3443526,39,2576.46704101562,0,180,0.33761472,6.383E-05,0.60949838
1,98.1301040599999,1021,0,2,0.32739878,5,2141.90869140625,0,178,0.56267959,1.364E-05,-1.94894862
1,333.43493652,1022,0,2,0.13799728,24,1999.18798828125,0,181,0.35587668,4.141E-05,0.07169782
1,288.43493652,1021,0.02469136,4,0.33473402,0,853.67529296875,1,181,0.25164443,0,-6.90775537
1,0,1019,0.02469136,4,0.25493202,0,741.837646484375,1,180,0.15915453,0,-6.90775537
1,236.30993652,997,-0.04320988,3,0.32754898,5,1573.67529296875,1,180,0.57382214,1.391E-05,-1.96842003
1,135,1024,0,2,0.26377463,16,720,0,179,0.1125394,8.73E-06,0.81703579
1,45,1021,0.01851852,2,0.21099721,2,2430,0,180,0.22507793,2.18E-06,-1.94894874
1,11.30993271,1015,-0.0154321,1,0.07009424,9,1710,0,181,0.40576029,1.77E-05,-1.03841603
1,206.565048219999,1010,-0.01234568,0,0.26159224,18,996.396118164062,0,179,0.35587668,3.106E-05,-0.21567403
1,0,1015,0,2,0.26774555,9,1918.23364257812,0,180,0.15915453,6.94E-06,-0.10423327
1,90,1012,0,1,0.30081952,36,1632.7919921875,0,179,0.15915453,2.778E-05,1.2812283
1,71.5650482199999,1004,0,1,-0.06158358,39,1080,0,179,0.25164443,4.758E-05,0.90325332
1,45,1004,0,1,0.25040874,23,2250,0,180,0.1125394,1.255E-05,1.17980683
1,225,1010,0.04938272,2,0.20036571,46,630,0,180,0.22507793,5.02E-05,1.17980683
1,45,1010,0,0,0.22167435,95,1350,0,180,0.22507793,0.00010366,1.90488374
1,71.5650482199999,1012,0,5,0.50219154,0,4128.30517578125,2,179,0.25164443,0,-6.90775537
1,-1,1012,0,3,0.27334642,894,4174.62939453125,0,180,0,0,0
0,74.67308044,1010,0.05973233,202,0.41255623,0,8848.234375,199,159,11.00189781,0,-6.90775537
0,352.926452639999,1015,0.05067598,72,0.35538474,3,7761.837890625,69,203,10.8539972299999,0.00015978,-5.23134995
0,1.33221984,1028,0,12,0.40302765,3,6374.55859375,9,187,3.41869354,4.978E-05,-4.20304728
0,13.82865143,1026,-0.03050109,136,0.47416899,4,8457.3525390625,133,194,10.53357315,0.0002066,-4.96534014
0,270,1012,0,4,0.44129187,17,3777.35083007812,1,180,0.15915453,1.312E-05,0.53123307
0,225,1010,0.00617284,4,0.19081485,0,3410.95483398437,1,180,0.45014891,0,-6.90775537
0,123.69007111,1008,-0.01234568,5,0.28857812,3,7045.5849609375,2,178,0.57382214,8.35E-06,-2.47448421
0,225,1010,0,3,0.31783006,405,5096.4677734375,0,180,0.1125394,0.00022097,4.04790974
0,63.43494797,1010,0.01851852,4,0.42475298,0,5561.9091796875,1,179,0.35587668,0,-6.90775537
0,213.690063479999,1004,-0.01234568,6,0.32220757,0,1086.39611816406,1,179,0.57382214,0,-6.90775537
0,90,995,0,5,0.29764521,0,1049.11694335937,1,179,0.15915453,0,-6.90775537
0,296.565063479999,1004,0,5,0.33801064,11,344.558441162109,0,181,0.35587668,1.898E-05,-0.70736128
0,63.43494797,977,0,7,0.11914089,0,2719.18798828125,3,179,0.35587668,0,-6.90775537
0,270,959,-0.0308642,4,0.31785771,437,270,0,180,0.15915453,0.00033719,3.77738786
0,78.69007111,983,0.02469136,8,0.25930026,0,4441.9814453125,4,179,0.40576029,0,-6.90775537
0,236.30993652,995,-0.02469136,6,0.16268767,4,3761.90966796875,2,180,0.57382214,1.113E-05,-2.18977523
0,18.43494797,968,-0.04938272,8,0.1552712,26,5950.14453125,3,180,0.25164443,3.172E-05,0.49799082
0,135,1006,0.00740741,7,0.25552478,4,1933.67529296875,2,178,0.56267959,1.091E-05,-2.17033839
0,315,1006,0,5,0.35080776,2,217.279235839843,0,180,0.1125394,1.09E-06,-1.25931835
0,-1,1006,0,6,0.12256888,0,2517.35034179687,1,180,0,0,0
0,234.46232605,1006,-0.00094967,6,0.2710771,0,1700.95446777343,1,180,0.68451869,0,-6.90775537
0,315,1006,0,6,0.18333131,0,2427.35034179687,1,180,0.1125394,0,-6.90775537
0,336.801422119999,1008,-0.01234568,7,0.27489313,3,8535.658203125,4,182,0.60602134,8.81E-06,-2.52841735
0,0,1004,0,7,0.14970924,17,3191.02563476562,2,180,0.15915453,1.312E-05,0.53123307
0,320.19442749,1003,0.00189934,11,0.30575699,0,3641.0263671875,6,184,1.24284482,0,-6.90775537
0,251.565048219999,1004,-0.00925926,5,0.12675168,16,180,0,180,0.25164443,1.952E-05,0.01286278
0,15.54159546,997,0.00145243,123,0.36383733,1,4870.14306640625,118,196,13.69224167,6.767E-05,-6.14686489
0,109.35899353,997,0.0096729,37,0.35949042,9,1843.67529296875,25,161,6.21711779,0.00027234,-3.73181129
0,284.18429565,992,-0.0489457,199,0.3718521,4,7005.658203125,194,213,14.61320782,0.00028969,-5.2473073
0,347.735229489999,995,0.06350296,93,0.37332815,1,5627.42333984375,88,209,12.8892946199999,6.356E-05,-6.11299753
0,329.03625488,943,0.02160494,13,0.18765134,0,127.279220581054,2,181,0.46400225,0,-6.90775537
0,180,995,0,8,0.15290135,2,254.558441162109,1,179,0.15915453,1.54E-06,-1.60443366
0,341.565063479999,952,0,11,0.33400875,0,6443.82080078125,6,181,0.25164443,0,-6.90775537
0,355.914398189999,999,0.02469136,22,0.2342048,2,3560.07153320312,16,185,2.23271513,2.166E-05,-4.18319893
0,329.03625488,1001,-0.02659069,21,0.18337578,3,4674.70263671875,16,183,0.92794365,1.35E-05,-2.94788647
0,225,988,-0.00925926,10,0.36563054,5,2802.79174804687,4,180,0.33761472,8.18E-06,-1.44093549
0,45,918,-0.02469136,37,0.40295094,15,741.837707519531,20,180,2.69895101,0.00019642,-2.41474843
0,45,940,0.00925926,12,0.26268858,7,1859.11669921875,5,180,0.33761472,1.146E-05,-1.10567105
0,0,986,0.00726216,33,0.31833884,0,4677.3505859375,27,183,1.27303004,0,-6.90775537
0,358.17202759,990,0.0372878,170,0.4011991,5,2293.67504882812,158,207,14.6409616499999,0.00036283,-5.06458426
0,333.03427124,992,-0.00034175,97,0.38431337,1,900,85,227,19.55987358,9.869E-05,-6.33011055
0,304.019348139999,974,-0.07217474,283,0.41434425,4,8877.5693359375,278,202,7.63525248,0.00014895,-4.67896461
0,304.469085689999,979,-0.07370284,288,0.35176963,2,6151.982421875,282,224,17.3102951,0.00017314,-5.88437414
0,296.565063479999,959,-0.04884711,385,0.36787745,1,6812.865234375,350,214,12.94286537,6.384E-05,-6.11534834
0,6.17017508,972,0.03650992,99,0.44772476,0,1049.11682128906,81,199,11.68149662,0,-6.90775537
0,159.86369324,983,-0.07812088,141,0.40399811,8,1812.7919921875,123,132,14.9105043399999,0.00059171,-4.67283726
0,189.46232605,949,-0.14246914,130,0.34227583,355,1970.95446777343,94,166,6.7453742,0.01166312,-0.18062077
0,219.97093201,965,-0.12178762,409,0.36076227,2,3851.9091796875,373,171,13.84583855,0.00013693,-5.72784853
0,312.61404419,995,-0.05864197,45,0.27608347,152,4795.58544921875,39,188,2.70128918,0.00199207,-0.10991848
0,28.17859077,983,0.0311796,226,0.39787152,0,6055.5859375,220,184,5.04245949,0,-6.90775537
0,2.23117471,967,-0.00015179,222,0.4243989,6,5208.30615234375,187,192,6.10886049,0.00017837,-4.09998846
0,206.896240229999,974,0.10908177,266,0.40292007,0,5621.02685546875,231,154,17.86786079,0,-6.90775537
0,338.085144039999,976,0.01839834,147,0.32257932,0,3619.18872070312,112,216,14.60050011,0,-6.90775537
0,297.89727783,952,-0.25660947,228,0.39705175,347,5680.14404296875,193,193,4.58231497,0.00772519,0.18537101
0,153.43495178,940,-0.04255722,381,0.33319941,8,3305.51318359375,338,137,12.94286537,0.0005107,-4.54035187
0,101.22579956,959,0.02633335,164,0.40609297,1,990,145,116,20.35418701,0.00010305,-6.34884405
0,99.8564681999999,970,-0.10583545,361,0.41290271,4,2330.95458984375,343,118,20.05771446,0.00040567,-5.51070213
0,58.43103027,997,-0.1148267,273,0.39717701,5,9956.4697265625,270,163,15.14170551,0.00037583,-5.09412289
0,102.707115169999,999,0.03061126,265,0.41194439,1,3439.18798828125,250,130,16.1957912399999,8.068E-05,-6.23665094
0,155.2975769,995,-0.09280545,40,0.40729916,13,1229.11682128906,27,152,8.69200801999999,0.00055205,-3.70414925
0,282.99462891,999,-0.01016703,88,0.08281516,7,1992.7919921875,76,203,9.46812725,0.00032427,-4.3693409
0,122.19573212,1008,2.301E-05,53,0.06803102,2,3035.51293945312,38,146,10.05162525,9.847E-05,-5.48844957
0,338.523223879999,1004,0.02043423,86,0.33589026,0,8736.396484375,83,207,10.3197841599999,0,-6.90775537
0,239.931411739999,1013,-0.03213508,13,0.32736319,8,8540.955078125,10,181,1.74654233,6.776E-05,-2.60532355
0,257.79089355,1004,0.05704597,222,0.36459687,1,11480.0732421875,219,198,13.65793324,6.75E-05,-6.14547539
0,288.43493652,1008,0.01067734,13,0.46599731,20,10018.234375,10,185,2.01234055,0.0001952,-1.83811831
0,344.10986328,1008,-0.0321493,84,0.37530267,5,8084.55859375,81,207,11.1907444,0.00027477,-4.82575798
0,332.037780759999,1006,-0.11504944,132,0.36822009,7,9282.7939453125,129,217,14.29151154,0.00049532,-4.75213814
0,0,1010,0,8,0.39868894,0,1424.55834960937,4,180,0.15915453,0,-6.90775537
0,20.0135669699999,1006,0.05584518,89,0.40978009,0,10940.0732421875,86,192,12.58223534,0,-6.90775537
0,296.565063479999,1015,-0.01234568,2,0.36224607,17,757.279174804687,0,181,0.35587668,2.933E-05,-0.27275947
0,270,1012,0,2,0.32165205,15,3854.55834960937,0,181,0.31830662,2.315E-05,-0.28633294
0,225,1010,0,3,0.31721023,21,4140,0,180,0.22507793,2.292E-05,0.3960537
0,30.96375656,1012,0.00740741,3,0.47309405,1,4686.39599609375,0,180,0.46400225,2.25E-06,-3.34386396
0,180,1012,0,4,0.28505787,0,5660.95556640625,1,179,0.31830662,0,-6.90775537
0,0,1010,0,4,0.30312696,6,7147.279296875,1,181,0.31830662,9.26E-06,-1.2006284
0,135,1012,0,3,0.45438007,4,127.279220581054,0,179,0.1125394,2.18E-06,-0.56793422
0,120.96375275,1013,0.02777778,5,0.48809886,0,1229.11694335937,2,178,0.46400225,0,-6.90775537
0,225,994,0,7,0.48045945,0,6977.423828125,4,180,0.1125394,0,-6.90775537
0,243.43495178,990,0,5,0.50008231,4,5338.23486328125,2,180,0.35587668,6.9E-06,-1.71541834
0,63.43494797,997,-0.02469136,4,0.49829185,98,6933.7490234375,3,179,0.35587668,0.00016908,1.47790837
0,206.565048219999,995,-0.04444445,5,0.53521687,11,5270.07275390625,2,179,0.71172595,3.796E-05,-1.39848197
0,315,986,-0.00925926,4,0.4778662,2,4146.39697265625,1,181,0.33761472,3.27E-06,-2.35090923
0,315,983,0.02469136,5,0.27682775,0,4692.79345703125,2,180,0.1125394,0,-6.90775537
0,225,990,0,5,0.51434207,256,5322.79345703125,2,180,0.1125394,0.00013967,3.58921027
0,288.43493652,994,-0.0154321,5,0.54326862,1,6176.4697265625,2,181,0.25164443,1.22E-06,-2.74502611
0,45,997,0.02469136,6,0.47469258,0,5090.07275390625,3,180,0.22507793,0,-6.90775537
0,116.565048219999,992,0.02469136,5,0.46572602,0,4003.67578125,2,179,0.35587668,0,-6.90775537
0,156.801406859999,1004,-0.01234568,5,0.37350515,1,4168.234375,2,178,0.60602134,2.94E-06,-3.60227156
0,123.69007111,988,0,4,0.44137958,2,2864.55834960937,1,178,0.57382214,5.56E-06,-2.87402892
0,315,986,-0.01851852,4,0.47876683,1,4363.67626953125,1,181,0.22507793,1.09E-06,-2.63509917
0,-1,997,0,6,0.59062421,8,6865.58642578125,3,180,0,0,0
0,45,999,0,6,0.55592316,10,7383.7490234375,3,180,0.1125394,5.46E-06,0.34729719
0,288.43493652,997,0,6,0.49378702,71,1520.95446777343,1,181,0.25164443,8.662E-05,1.50218892
0,239.03623962,997,-0.00925926,8,0.52179843,2,3476.4677734375,3,180,0.46400225,4.5E-06,-2.66498232
0,11.30993271,995,0,11,0.57511026,0,1340.95446777343,3,181,0.40576029,0,-6.90775537
0,85.91438293,994,0.06222004,18,0.36405599,1,397.279235839843,8,170,4.45867014,2.166E-05,-5.38990355
0,198.43495178,994,-0.02469136,8,0.43982679,61,8153.8212890625,5,179,0.50327915,0.00014884,0.65753132
0,22.96377373,992,-0.03107705,23,0.26652059,2,1101.83764648437,13,185,5.08577251,4.944E-05,-4.92779016
0,251.565048219999,997,-0.02469136,8,0.4868288,1,487.279235839843,0,180,0.25164443,1.22E-06,-2.74502611
0,198.43495178,999,0,8,0.52908432,14,1499.11694335937,3,179,0.25164443,1.708E-05,-0.1205276
0,53.13010406,997,0.02469136,9,0.53640223,0,180,1,179,0.79572356,0,-6.90775537
0,45,995,0,10,0.43753833,0,254.558441162109,2,180,0.22507793,0,-6.90775537
0,225,995,0.01851852,9,0.53011864,0,8371.1005859375,6,180,0.22507793,0,-6.90775537
0,135,997,0,7,0.54840595,3,8125.5869140625,4,179,0.1125394,1.64E-06,-0.85502827
0,0,992,0.02469136,11,0.32824615,0,344.558441162109,1,180,0.15915453,0,-6.90775537
0,56.8886566199999,941,0.00392157,26,0.06541862,0,2591.90869140625,16,178,2.18406415,0,-6.90775537
0,261.86990356,970,0.02716049,18,0.32335272,0,3327.3505859375,14,181,0.56267959,0,-6.90775537
0,198.43495178,958,0,5,0.19101699,92,1626.39611816406,2,179,0.25164443,0.00011224,1.7612468
0,195.94538879,931,0.04938272,33,0.05099662,0,2532.7919921875,30,178,1.15850759,0,-6.90775537
0,153.43495178,927,-0.01481481,23,0.1037586,2,3011.02563476562,13,178,0.71172595,6.9E-06,-3.08517337
0,315,995,0.01234568,8,0.18222703,0,360,1,181,0.22507793,0,-6.90775537
0,9.46232224,983,-0.01452433,6,0.37384385,0,360,2,182,0.96800959,0,-6.90775537
0,225,925,0.01234568,30,0.08183175,0,3572.86376953125,20,180,0.45014891,0,-6.90775537
0,185.19442749,916,-0.03470137,26,0.04728104,3,3476.4677734375,16,176,1.7573725,2.557E-05,-3.56981087
0,180,950,0.02469136,12,0.18071684,0,1632.7919921875,2,179,0.15915453,0,-6.90775537
0,149.03623962,938,-0.00925926,15,0.20578177,6,2194.62963867187,5,178,0.46400225,1.35E-05,-1.57599461
0,206.565048219999,923,-0.04938272,24,0.20428675,590,3281.02563476562,15,179,0.35587668,0.00101795,3.27287316
0,225,992,-0.02469136,7,0.46742064,2,2250,0,180,0.22507793,2.18E-06,-1.94894874
0,180,952,0,25,0.17220283,2,4385.513671875,15,179,0.15915453,1.54E-06,-1.60443366
0,225,927,0,37,0.31227201,5,2548.23364257812,21,180,0.33761472,8.18E-06,-1.44093549
0,306.86990356,916,0.01975309,38,0.11875392,0,3417.3505859375,22,182,0.79572356,0,-6.90775537
0,135,952,0.01851852,22,0.34153157,0,651.837707519531,7,178,0.67520601,0,-6.90775537
0,255.96376038,970,-0.01975309,9,0.29754761,186,2721.83764648437,0,181,0.65618396,0.00059173,1.50679326
0,180,959,-0.03608737,20,0.22126529,1,1589.11669921875,10,178,0.63659358,3.09E-06,-3.64964271
0,270,961,0,14,0.15698306,0,577.279235839843,4,180,0.15915453,0,-6.90775537
0,45,952,-0.00308642,10,0.3092185,89,3200.07153320312,0,180,0.33761472,0.00014567,1.43426764
0,258.690063479999,970,-0.01452433,10,0.08742155,22,720,0,182,1.21711814,0.00012983,-1.24256873
0,326.30993652,992,0.00987654,7,0.37366623,9,1620,0,182,0.57382214,2.504E-05,-1.38382041
0,225,979,-0.02469136,11,0.41227943,0,3277.279296875,1,180,0.33761472,0,-6.90775537
0,180,956,0.02469136,16,0.18617386,0,90,1,178,0.79572356,0,-6.90775537
0,315,965,-0.02469136,14,0.38802609,66,3643.67553710937,4,181,0.45014891,0.00014404,0.84779406
0,196.69924927,958,0.02469136,22,0.241107,0,3463.67553710937,12,177,1.66116083,0,-6.90775537
0,243.43495178,941,0.00864198,31,0.32797781,0,4798.234375,21,181,0.71172595,0,-6.90775537
0,154.65382385,934,0.02160494,36,0.28195116,0,1610.95446777343,20,175,1.67254531,0,-6.90775537
0,273.81408691,929,-0.01452433,35,0.23371345,20,1213.67517089843,20,183,1.19613791,0.000116,-1.32020509
0,187.12501526,947,-0.02469136,24,0.15761423,1,4040.95483398437,14,177,1.28293371,6.22E-06,-4.31222582
0,18.43494797,992,0,8,0.50467169,12,4379.1171875,0,180,0.25164443,1.464E-05,-0.27449027
0,135,994,0,9,0.48704237,10,1334.55834960937,0,179,0.1125394,5.46E-06,0.34729719
0,315,970,0.02469136,10,0.43791243,4,397.279235839843,0,180,0.1125394,2.18E-06,-0.56793422
0,5.19442892,985,-0.01172839,10,0.35909623,168,307.279235839843,0,182,0.87889296,0.00071589,1.11286104
0,0,994,-0.02469136,7,0.36962941,9,1964.55834960937,0,181,0.31830662,1.389E-05,-0.79627126
0,108.43495178,958,0.0154321,14,0.17930104,0,397.279235839843,4,179,0.25164443,0,-6.90775537
0,329.03625488,970,0.00987654,14,0.35123545,0,1558.23364257812,4,183,0.92794365,0,-6.90775537
0,270,992,0,11,0.51484549,2,3358.2333984375,1,180,0.15915453,1.54E-06,-1.60443366
0,0,972,-0.02469136,10,0.3680141,33,1064.55834960937,0,181,0.31830662,5.093E-05,0.50139791
0,329.03625488,994,0,10,0.27994734,4,1806.39611816406,0,181,0.46400225,9E-06,-1.97904491
0,104.03624725,994,-0.01234568,10,0.12164281,78,434.558471679687,0,178,0.65618396,0.00024815,0.6380623
0,-1,994,0,8,0.22782139,634,937.279174804687,0,180,0,0,0
0,345.068573,992,0.02087118,21,0.43796772,1,1303.67529296875,11,193,4.92930079,2.396E-05,-5.46772194
0,333.43493652,992,0,9,0.50774157,102331,0,0,181,0.35587668,0.17655496,8.42868137
0,-1,992,0,10,0.17864797,10,397.279235839843,1,180,0,0,0
0,152.28149414,994,0.04476435,24,0.34004202,0,1319.11682128906,13,163,5.2886343,0,-6.90775537
0,45,995,0,11,0.4728463,40,3575.51318359375,1,180,0.1125394,2.182E-05,1.73306143
0,315,995,0.00308642,12,0.38559914,0,1821.83752441406,1,182,0.56267959,0,-6.90775537
0,270,979,0,12,0.20662029,2,3410.95458984375,2,181,0.31830662,3.09E-06,-2.29261827
0,108.43495178,950,-0.01851852,14,0.37629828,15,561.837707519531,1,178,0.50327915,3.66E-05,-0.74370468
0,334.74682617,968,0.05565101,36,0.091547,0,4730.07177734375,26,193,4.65301085,0,-6.90775537
0,315,985,0.01851852,15,0.23845148,0,4227.35107421875,5,181,0.45014891,0,-6.90775537
0,333.43493652,988,0.00493827,14,0.43322241,4,4534.630859375,4,184,1.42323232,2.761E-05,-3.08517337
0,135,994,0,8,0.28140143,4,2377.279296875,1,179,0.22507793,4.36E-06,-1.25931835
0,0,994,0,8,0.19391131,8,1980,0,181,0.31830662,1.235E-05,-0.91377717
0,57.5288085899999,959,0,21,0.3773832,0,1738.23364257812,7,178,2.07421994,0,-6.90775537
0,315,995,0,12,0.42348158,0,1117.27917480468,1,180,0.1125394,0,-6.90775537
0,108.43495178,992,0,10,0.43646917,7,180,0,179,0.25164443,8.54E-06,-0.81254733
0,90,1003,0.01234568,12,0.52263564,0,794.558471679687,1,179,0.47745377,0,-6.90775537
0,4.96974087,986,0.01267414,64,0.23028196,2,5621.02734375,54,198,10.8900709199999,0.00010688,-5.54993677
0,45,963,0,19,0.2414901,1,360,2,180,0.1125394,5.5E-07,-1.94894862
0,150.94538879,992,-0.07011925,51,0.35327145,9,1281.83764648437,32,151,8.93906020999999,0.00039323,-4.08079433
0,293.19857788,999,0.02716049,14,0.44714791,0,1716.39611816406,3,182,0.60602134,0,-6.90775537
0,266.467712399999,1015,-0.01099101,27,0.33039871,8,1775.51281738281,16,192,6.430902,0.00025047,-3.87685418
0,45,976,0,20,0.4539277,0,614.558471679687,3,180,0.33761472,0,-6.90775537
0,127.87498474,976,0.05925926,69,0.38964653,1,831.837646484375,50,150,8.99850559,4.399E-05,-5.89464808
0,108.43495178,947,0.02469136,17,0.26858494,41,1499.11669921875,3,179,0.25164443,5.002E-05,0.95324397
0,298.686157229999,1003,0.01861349,36,0.36337918,0,1319.11669921875,25,194,4.79645538,0,-6.90775537
0,252.09555054,992,-0.07737891,28,0.41907525,3,9655.5869140625,25,187,5.41956663,7.906E-05,-4.62701941
0,73.1416015599999,999,0.06657469,45,0.3138001,0,1424.55834960937,34,171,5.47127056,0,-6.90775537
0,243.43495178,992,0.01234568,10,0.43043864,4,720,0,180,0.35587668,6.9E-06,-1.71541834
0,191.30993652,992,0,11,0.41739568,0,344.558441162109,1,179,0.40576029,0,-6.90775537
0,45,1003,-0.01728395,20,0.35832986,1465,1303.67529296875,1,180,0.56267959,0.0039965,3.72420216
0,135,1022,0.07131657,60,0.35090256,0,1393.67529296875,39,155,7.49706745,0,-6.90775537
0,270,994,0.02469136,24,0.41141987,0,90,1,181,0.63659358,0,-6.90775537
0,45,995,0.00925926,22,0.36003232,0,1536.39611816406,3,180,0.33761472,0,-6.90775537
0,57.5288085899999,1039,0.07716049,91,0.33646601,0,3963.7470703125,72,177,3.10963297,0,-6.90775537
0,319.08560181,1022,0.09876543,69,0.19367589,1,1446.39611816406,58,207,9.39236069,4.595E-05,-5.92218542
0,309.752868649999,1049,0.09831228,75,0.33033708,2,3783.7470703125,56,211,10.9403553,0.00010739,-5.55344057
0,114.443954469999,1028,0.01296296,28,0.40050328,3,180,0,177,0.96144801,1.398E-05,-2.98267412
0,3.65222287,1008,0.09413335,94,0.3710025,1,1303.67529296875,71,194,7.45317888,3.634E-05,-5.76884127
0,326.30993652,1012,0.00617284,26,0.5470047,0,1213.67529296875,5,182,0.57382214,0,-6.90775537
0,14.03624344,1033,-0.00997151,29,0.34036696,2,450,1,182,1.31219578,1.273E-05,-3.67877197
0,241.6388092,1057,-0.00246914,98,0.34381559,2,5140.14404296875,79,186,10.11248398,9.908E-05,-5.49311829
0,245.97349548,1048,0.04842486,55,0.33221817,0,1154.55847167968,41,186,7.19345045,0,-6.90775537
0,31.21840286,1062,0.04305729,95,0.32653838,0,5267.42333984375,76,183,6.11804247,0,-6.90775537
0,260.63980103,1057,0.0280426,40,0.30918631,1,4345.5849609375,21,192,7.29951859,3.558E-05,-5.75447273
0,3.93017554,1012,0.00278618,125,0.36308837,6,9826.54296875,122,198,10.33563328,0.00030395,-4.59137392
0,164.744888309999,1013,0.0611649,40,0.35284072,0,5360.07177734375,37,167,4.52716875,0,-6.90775537
0,315.83032227,1028,0.01268805,190,0.35313731,6,6542.865234375,187,202,7.71900225,0.0002259,-4.32026005
0,101.75894928,1042,-0.07751106,168,0.39356485,11,1011.83770751953,152,120,19.1660232499999,0.00106201,-4.62626076
0,119.5114975,1046,0.01744252,196,0.27103493,4,2570.0712890625,172,148,9.60187531,0.00018796,-4.88381481
0,10.03925514,1044,-0.12424931,217,0.41435927,4,6182.8642578125,214,202,16.42506599,0.00032754,-5.34557486
0,292.306213379999,1028,0.02692587,33,0.39243788,0,5000.07177734375,30,198,6.67867947,0,-6.90775537
0,50.9315261799999,1026,-0.04981394,221,0.17516266,8,2666.46704101562,209,175,8.64595985,0.0003379,-4.15954161
0,186.84277344,1046,0.02469136,39,0.37860471,54,884.558349609375,15,176,2.00289321,0.00052456,-0.84413284
0,173.48019409,1048,-0.05482149,195,0.20182751,2,3777.3505859375,163,165,5.5888896,5.436E-05,-5.00902271
0,297.64596558,1049,0.03452865,209,0.3556774,5,5295.6572265625,206,214,12.9788951899999,0.00032011,-4.95811367
0,102.65255737,1046,-0.02360403,105,0.27950057,8,1610.95446777343,81,157,7.94143629,0.00030999,-4.07864857
0,305.78897095,1039,-0.01815809,77,0.37743762,5,4171.9814453125,74,214,12.4551000599999,0.00030676,-4.92148542
0,291.614776609999,1053,0.0345679,72,0.29977158,0,471.837677001953,50,203,8.99850559,0,-6.90775537
0,80.4753341699999,1049,0.07822823,125,0.3610656,1,614.558471679687,91,154,11.8508434299999,5.829E-05,-6.06455135
0,326.99688721,1060,0.08551198,79,0.34644866,1,614.558471679687,62,206,9.12622166,4.462E-05,-5.90375185
0,251.04576111,1013,-0.00740741,148,0.36082736,7,704.558471679687,112,195,16.2126236,0.00056537,-4.8681674
0,290.854461669999,1037,-0.01604037,34,0.13210677,1,270,3,190,3.57192779,1.734E-05,-5.21213675
0,218.345581049999,1012,-0.06005721,72,0.29486501,6,1011.83758544921,32,176,6.76653624,0.00019775,-4.19656992
0,307.05651855,1069,-0.05917603,116,0.38289267,2,7822.0546875,97,207,9.67902946,9.475E-05,-5.45910406
0,319.76364136,1046,-0.05460849,91,0.37834793,18,996.39599609375,66,203,8.07700062,0.00070955,-3.31776261
0,122.90524292,1042,-0.0234102,54,0.42597786,7,1250.95446777343,22,170,3.21924996,0.00010936,-3.33622122
0,103.71734619,1049,0.02904866,312,0.19812916,3,4317.3505859375,288,149,10.29095268,0.0001513,-5.18682337
0,135,1046,-0.05246913,147,0.37997589,24,3116.46728515625,113,154,7.71820116,0.00090351,-2.99192214
0,148.52316284,1042,0.05520876,130,0.08998208,0,524.558471679687,79,150,9.06766987,0,-6.90775537
0,239.03623962,1012,0.02659069,217,0.27630809,0,779.116943359375,153,180,0.92794365,0,-6.90775537
0,96.5089569099999,1058,0.06822803,185,0.42535979,1,921.837707519531,131,147,11.7657461199999,5.786E-05,-6.06032038
0,92.5637664799999,1060,0.00573015,233,0.38819528,3,8998.451171875,214,152,10.5530872299999,0.00015525,-5.20789051
0,12.1442785299999,1060,-0.11511511,117,0.38309458,109,8039.333984375,98,190,6.40373087,0.00339814,-1.3064543
0,329.68878174,1049,0.04177924,272,0.37165728,6,2120.0712890625,244,212,11.81293774,0.00034857,-4.71397781
0,327.907409669999,1037,-0.00592771,104,0.36001384,3,996.39599609375,76,196,5.52474308,8.06E-05,-4.64436388
0,260.98678589,1049,0.02035369,309,0.368678,3,3858.3056640625,266,197,11.52499676,0.00016992,-5.28108501
0,146.496566769999,1062,0.0339972,100,0.38344815,4,1505.51281738281,42,158,6.74445295,0.0001314,-4.56636477
0,70.3128814699999,1030,0.09608768,183,0.2910195,0,599.116882324218,117,165,9.1342659,0,-6.90775537
0,178.36341858,1067,-0.01201253,320,0.2584556,4,3821.02563476562,262,151,11.00792122,0.00021613,-5.00385046
0,320.87738037,1046,0.0106316,194,0.1086731,5,906.396118164062,66,202,7.64739084,0.00018648,-4.47905397
0,147.094757079999,1060,0.00949668,380,0.42032766,2,9277.4951171875,109,170,3.21924996,3.125E-05,-4.52106237
0,110.37643433,1042,-0.00876616,186,0.44082284,50,667.279235839843,79,162,5.92108917,0.00144042,-2.00307202
0,93.17983246,1037,-0.03963438,312,0.43563429,2,1334.55847167968,223,142,14.0570297199999,0.0001391,-5.73873425
0,57.66062164,1058,0.04623885,403,0.43879819,1,2989.18798828125,322,163,15.52595806,7.717E-05,-6.2146616
0,103.64291382,1057,0.14248367,437,0.14644676,0,1970.95434570312,330,155,8.37431526,0,-6.90775537
0,88.55587769,1051,0.06186542,254,0.10968112,12,1191.83752441406,123,157,9.38780689,0.00055109,-3.8555479
0,106.26020813,1051,0.04381235,364,0.09849714,0,1806.39611816406,233,156,7.90716267,0,-6.90775537
0,302.79953003,1064,0.01234568,428,0.06574953,1,7787.423828125,367,192,4.25235796,2.065E-05,-5.35257626
0,270.43078613,1069,0,308,0.36157602,5,5019.2607421875,250,200,10.46611786,0.00025656,-4.76549006
0,115.05761719,1035,-0.02639421,209,0.36640626,5,1229.11694335937,128,136,13.28486633,0.00032793,-4.97877979
0,77.47119141,1046,0.03606603,252,0.42359507,8,1902.7919921875,171,163,8.73569107,0.00034146,-4.16935205
0,77.31961823,1030,0.07069335,274,0.38795906,0,810,185,168,6.49735737,0,-6.90775537
0,120.11373138,1044,0.00694027,330,0.417777,1,1641.83752441406,233,118,17.8028011299999,8.92E-05,-6.28446913
0,334.798889159999,1073,0.04330484,415,0.05987166,0,5559.2607421875,357,188,2.98753953,0,-6.90775537
0,353.65982056,1066,-0.07245202,174,0.30874193,41,4150.14306640625,116,187,2.87999058,0.00057294,-1.48109555
0,340.57730103,1075,-0.10555556,189,0.34518874,32,2809.18798828125,131,214,14.29354858,0.00226464,-3.32730985
0,304.38034058,1066,0.0260012,291,0.10143065,1,5491.0986328125,233,214,12.61614513,6.217E-05,-6.10079527
0,202.890548709999,1067,0.06024861,407,0.08595202,0,10888.451171875,136,175,3.88114953,0,-6.90775537
0,145.66978455,1049,-0.0622982,193,0.17628488,14,689.116943359375,66,154,7.85231256,0.00053632,-3.53363585
0,151.69924927,1049,-0.01728395,361,0.36741269,494,6946.5400390625,90,176,1.17478263,0.00281393,1.90101624
0,146.30993652,1053,0.01975309,391,0.34324914,0,8160.2158203125,120,178,0.57382214,0,-6.90775537
0,265.60128784,1060,0.01979825,401,0.39653304,2,7405.5859375,340,186,3.10963297,3.018E-05,-4.48948956
0,98.6731719999999,1049,-0.0145137,392,0.15222757,1,7253.8193359375,121,167,4.73854876,2.303E-05,-5.43732119
0,255.43423462,1048,-0.03148148,349,0.39297685,9,7045.5859375,288,193,10.3285923,0.00045561,-4.21868896
0,291.90316772,1046,-0.02511707,175,0.3313545,13,5313.748046875,114,202,8.26181602,0.00052434,-3.65468264
0,269.443756099999,1051,-0.13485804,218,0.39777008,231,5906.46826171875,157,196,8.14162159,0.00917968,-0.79955232
0,101.76828766,1057,0.04682844,404,0.10480593,0,6592.9365234375,346,169,3.89571691,0,-6.90775537
0,343.686157229999,1055,0.00315012,291,0.32307693,2,2877.35034179687,230,197,6.76745462,6.592E-05,-5.17050028
0,43.3153152499999,1058,0.06249468,287,0.21020201,1,4510.14306640625,229,177,11.33381653,5.568E-05,-6.03817558
0,298.66397095,1044,0.02482526,165,0.11652107,4,1648.23364257812,104,199,6.77020931,0.0001319,-4.56984138
0,282.724365229999,1048,-0.04212055,206,0.09813966,15,4100.07177734375,145,198,7.54314995,0.00055174,-3.42755032
0,75.20323944,1044,-0.03227944,269,0.41434625,3,6722.865234375,208,164,8.6580286,0.00012689,-5.04015255
0,17.1027297999999,1037,0.10457516,262,0.45334923,0,5419.189453125,201,186,4.32127047,0,-6.90775537
0,81.0273742699999,1030,0.07111111,384,0.43182647,0,6288.306640625,323,177,1.53033924,0,-6.90775537
0,355.42608643,1030,0.01916112,272,0.44666463,1,4211.90966796875,209,197,7.93210411,3.87E-05,-5.81125689
0,299.827087399999,1030,-0.01996869,142,0.20936565,2,3020.07153320312,79,199,6.84687614,6.671E-05,-5.18019533
0,52.72182465,1037,0.04915462,159,0.4997648,1,4301.91015625,98,176,6.67029428,3.248E-05,-5.69127798
0,123.111343379999,1039,0.02188856,125,0.30117318,1,3590.95458984375,64,166,4.36179924,2.119E-05,-5.37264299
0,39.42780304,1037,-0.11969808,128,0.06356153,9,3110.07153320312,67,181,4.62595034,0.00020228,-3.44522643
0,250.769332889999,1033,0.02921529,122,0.18406285,0,2240.95458984375,59,184,3.61923122,0,-6.90775537
0,291.037506099999,1033,0.04344729,173,0.18135364,0,3417.3505859375,110,189,3.32143211,0,-6.90775537
0,49.28915405,1039,-0.07716049,107,0.32145536,5,2076.39599609375,46,178,4.50491858,0.00010943,-3.98306489
0,329.03625488,1039,0.01016703,67,0.45229954,0,360,6,183,0.92794365,0,-6.90775537
0,274.39871216,1037,0,57,0.24248274,5,90,1,182,1.03744984,2.515E-05,-2.55492854
0,320.042449949999,1040,-0.047151,97,0.01878154,304,2442.7919921875,54,191,3.83547091,0.00566121,0.23158844
0,297.12130737,1049,0.04102564,230,0.2574476,9,3566.46801757812,187,200,7.29187441,0.00031989,-3.88548493
0,281.30993652,1048,0.04929825,188,0.37566182,2,3200.0712890625,145,201,8.8556776,8.656E-05,-5.38915968
0,284.03625488,1037,-0.01481481,51,0.5360862,5,2293.67504882812,18,182,0.65618396,1.591E-05,-2.10152483
0,246.10484314,1042,-0.0620462,155,0.04351552,46,3088.23388671875,94,186,6.84324551,0.00153341,-2.23048902
0,335.47229004,1049,0.09472116,322,0.39619327,0,6341.02685546875,261,222,17.45787048,0,-6.90775537
0,324.72756958,1069,0.00197531,404,0.13238461,1,6757.49560546875,346,203,7.94143629,3.875E-05,-5.81204987
0,297.66482544,1049,0.02051282,305,0.05094945,1,2802.7919921875,244,227,19.5943603499999,9.888E-05,-6.33094645
0,60.94539642,1039,0.02398364,85,0.41900232,0,1281.83764648437,24,176,4.08954191,0,-6.90775537
0,288.43493652,1037,0.03777778,60,0.30713943,0,937.279174804687,9,187,2.51484442,0,-6.90775537
0,146.61853027,1051,0.01521195,301,0.10648846,4,890.954467773437,135,139,12.1100130099999,0.0002384,-5.08667278
0,354.4546814,1055,0.21388115,239,0.12381484,0,360,75,211,16.0376358,0,-6.90775537
0,12.09475708,1055,-0.05205205,197,0.36029986,28,1033.67529296875,52,184,2.27755165,0.00030933,-1.62676835
0,227.045410159999,1048,0.03395062,184,0.08570022,3,344.558471679687,40,178,9.37478256,0.00013758,-5.10808849
0,105.642250059999,1048,-0.01172839,217,0.0728491,0,667.279235839843,74,162,6.17384768,0,-6.90775537
0,211.865982059999,1055,0.05461435,213,0.15396813,1,1371.83764648437,33,174,6.90019703,3.362E-05,-5.71522617
0,247.7144165,1048,0.05411804,402,0.27212629,0,5822.86376953125,131,185,5.23149443,0,-6.90775537
0,342.82409668,1046,-0.01211274,336,0.29893622,1,4615.5849609375,65,203,9.0852108,4.442E-05,-5.90084696
0,119.32047272,1048,-0.01051463,391,0.27117369,1,6077.42236328125,120,159,6.63289261,3.23E-05,-5.68728161
0,15.25511837,1046,0,395,0.36189958,0,7719.26171875,334,181,0.90724695,0,-6.90775537
0,132.22084045,1039,0.01825756,391,0.40600362,2,3281.02612304687,120,140,11.45031166,0.00011253,-5.58790445
0,19.69862175,1040,0.01489996,370,0.37151948,0,2427.35034179687,110,188,6.8141284,0,-6.90775537
0,313.386474609999,1046,-0.01556505,189,0.41867459,5,5748.306640625,128,203,7.94221306,0.00019376,-4.51391649
0,306.11935425,1051,0.04631701,385,0.40062112,1,7598.3779296875,114,191,3.64005566,1.767E-05,-5.22757721
0,153.04782104,1051,-0.04033477,281,0.26052922,4,2352.7919921875,101,146,10.41797638,0.00020428,-4.95566511
0,188.61564636,1053,0.2397216,306,0.44515473,0,2098.2333984375,126,163,7.91730499,0,-6.90775537
0,143.746154789999,1048,-0.01041041,368,0.2565276,2,2960.95458984375,188,166,4.43181992,4.306E-05,-4.80751085
0,255.96376038,1057,0.02614379,382,0.10080758,0,8535.6572265625,111,184,2.6230166,0,-6.90775537
0,325.80822754,1015,-0.02827118,326,0.38319767,0,599.116943359375,90,214,12.4053678499999,0,-6.90775537
0,316.245361329999,1021,0.0308642,269,0.20938089,2,6341.02783203125,112,209,10.2454671899999,0.00010041,-5.50320244
0,157.83364868,1006,0.12620111,306,0.4441182,0,630,97,120,17.94930458,0,-6.90775537
0,270,1019,0.04938272,229,0.2187451,2,5487.35205078125,72,192,5.71059322,5.555E-05,-5.02742815
0,351.70285034,1024,0.0530138,161,0.43527922,1,3529.18823242187,98,198,7.67402506,3.743E-05,-5.7888298
0,340.820983889999,1024,0.0617284,113,0.14665532,0,2352.7919921875,50,190,3.86978102,0,-6.90775537
0,216.86990356,1044,-0.01060568,138,0.34878737,3,4571.91015625,77,178,3.97249603,5.787E-05,-4.3427906
0,274.11819458,1030,0.01401538,305,0.29883856,3,270,42,201,9.87400912999999,0.00014505,-5.15202236
0,315,1004,-0.01234568,182,0.42854294,3,4152.79345703125,25,191,3.82067108,5.565E-05,-4.30665445
0,13.57043457,1010,-0.01221387,184,0.54281521,2,4081.98095703125,27,187,4.7372241,4.604E-05,-4.86599874
0,279.782409669999,1001,0.02418458,276,0.39075544,4,630,108,201,9.28504086,0.00018165,-4.85409403
0,47.3859443699999,995,0.19803052,255,0.42909732,0,217.279235839843,67,171,15.80618763,0,-6.90775537
0,13.6269950899999,1001,-0.05294475,203,0.45371437,2,4044.70141601562,46,188,5.38830042,5.24E-05,-4.97766972
0,3.57633448,1012,0.01152904,241,0.24235588,7,5667.35205078125,84,190,5.08946753,0.00017317,-3.77955866
0,70.82099152,1013,0.01016703,126,0.40289834,1,3551.02612304687,63,174,3.86978102,1.879E-05,-5.27722597
0,69.1022338899999,1019,-0.02530864,123,0.34226716,22,4652.8642578125,60,173,4.67454481,0.00049968,-2.58046556
0,94.9937438999999,1031,0.02879448,257,0.2415279,1,5118.30615234375,218,158,8.17184448,3.989E-05,-5.83124876
0,95.01311493,1033,-0.0038277,101,0.39194962,2,1483.67529296875,44,168,4.54378414,4.415E-05,-4.82946205
0,55.3048477199999,1030,0.07787275,120,0.41923788,0,1663.67529296875,57,178,2.51484442,0,-6.90775537
0,124.215705869999,1037,-0.01975309,54,0.41068566,3,1520.95446777343,15,172,2.40440822,3.499E-05,-3.87056589
0,26.56505203,1039,0.02432825,71,0.09263744,1,1933.67529296875,37,181,1.77883458,8.63E-06,-4.61074352
0,83.6598053,1044,-0.00456719,84,0.22265556,34,2442.7919921875,50,171,4.31544876,0.00071268,-2.07022142
0,56.8886566199999,1037,0.01728395,49,0.18687174,0,127.279220581054,3,178,2.18406415,0,-6.90775537
0,127.19981384,1042,-0.21507025,279,0.16514149,174,4541.02685546875,240,152,8.23493385,0.0069949,-1.09370458
0,101.97613525,1039,0.07407407,185,0.35176232,0,3454.6298828125,146,165,5.3533411,0,-6.90775537
0,22.70637131,1039,0.11172839,639,0.40189525,0,6983.82080078125,600,190,11.98519802,0,-6.90775537
0,264.427795409999,1046,0.06097425,428,0.34733346,3,9246.61328125,425,192,6.5279398,9.536E-05,-4.79359579
0,244.798873899999,1033,-0.07643312,448,0.12051793,0,7778.37939453125,291,183,2.98753953,0,-6.90775537
0,249.74674988,1022,-0.16573997,317,0.24100591,6,5919.26171875,160,193,15.4741478,0.00046139,-4.95892668
0,117.80146027,1022,-0.01481481,526,0.41068873,2,7626.61376953125,369,148,9.79912949,9.595E-05,-5.46870947
0,280.78430176,1033,-0.01355014,515,0.34577435,5,6086.46826171875,500,215,16.5367088299999,0.00041237,-5.17117643
0,319.69866943,1031,0.10960554,251,0.38265955,1,9221.0283203125,248,204,8.18691254,3.996E-05,-5.83247948
0,275.82635498,1024,0.09456474,615,0.37922928,1,6704.775390625,600,197,7.79071617,3.8E-05,-5.79909086
0,79.69515228,1017,-0.00079012,448,0.35612258,5,7291.09912109375,291,166,7.08134747,0.00017253,-4.40791655
0,129.472457889999,1031,-0.18378516,371,0.06136202,21,6937.49609375,308,157,6.9753809,0.00071369,-3.02251053
0,74.10985565,1012,0.04377998,337,0.03624259,6,5552.86474609375,180,159,11.1907444,0.00032972,-4.66443539
0,126.25383759,952,-0.00308642,30,0.27466917,5,254.558441162109,2,175,1.47989738,3.588E-05,-2.90477276
0,257.905242919999,961,0.00891348,231,0.36652613,1,3972.79296875,212,193,9.03925896,4.419E-05,-5.89757156
0,174.34051514,992,0.13615754,355,0.43785778,0,2210.0712890625,322,156,8.80635929,0,-6.90775537
0,278.011230469999,997,-0.09148148,328,0.38120767,6,3320.95483398437,310,203,10.72190189,0.00031557,-4.62513924
0,285.945404049999,952,-0.03848741,144,0.3622458,8,1356.39599609375,101,210,12.5411233899999,0.00049432,-4.51076651
0,359.0289917,945,0.05470086,79,0.09634242,2,847.279174804687,36,198,9.30871295999999,9.106E-05,-5.42856216
0,307.34933472,943,0.14605851,251,0.4091689,0,890.954467773437,167,202,7.56362772,0,-6.90775537
0,196.24287415,961,0.01511357,355,0.17879893,0,2697.35034179687,310,161,10.4104137399999,0,-6.90775537
0,291.40228271,983,0.04678744,219,0.23019394,1,1514.55834960937,186,229,22.1586132,0.00011312,-6.38771582
0,61.86865616,997,0.09809435,311,0.10591253,0,3358.2333984375,154,155,17.6478138,0,-6.90775537
0,341.565063479999,985,-0.00783476,409,0.13903601,0,4556.4677734375,376,194,5.26965809,0,-6.90775537
0,321.75357056,974,-0.04983088,335,0.40761626,17,2712.79174804687,302,204,8.54876041,0.00070984,-3.42914152
0,305.111999509999,965,-0.02826866,299,0.06648856,2,1865.51281738281,259,213,12.26111889,0.00012073,-5.63901043
0,0,956,0.06412156,156,0.17032027,28,636.396118164062,93,195,7.28166866,0.00099381,-2.78271031
0,232.399597169999,958,0.04362696,325,0.38668561,1,2067.35034179687,239,181,8.67149543999999,4.236E-05,-5.87053013
0,123.36636353,950,0.0350626,440,0.41432348,3,3392.86352539062,354,154,7.76529741,0.00011364,-4.9460969
0,294.443969729999,958,-0.06036847,405,0.31061843,4,2697.35034179687,362,212,12.3071565599999,0.0002424,-5.10060692
0,176.0275116,947,0.10317139,372,0.37759203,1,2188.23364257812,261,150,11.3364667899999,5.569E-05,-6.03831482
0,304.91940308,941,0.03056158,452,0.36520076,3,3445.58471679687,366,220,15.07339954,0.00022443,-5.49817514
0,316.03225708,941,-0.03184116,299,0.14953478,4,1902.7919921875,213,214,12.30135155,0.00024228,-5.10020018
0,42.1087303199999,967,0.14584555,202,0.31724796,0,1176.39611816406,178,178,11.01777077,0,-6.90775537
0,326.63363647,970,0.0525505,157,0.18197726,0,1033.67529296875,123,202,7.76529741,0,-6.90775537
0,163.37924194,965,-0.0040497,225,0.25027964,13,900,127,146,10.99148369,0.00070136,-3.93260193
0,185.3558197,972,0.02197304,324,0.37894866,3,1430.95434570312,196,169,5.1017642,7.44E-05,-4.57229376
0,101.309928889999,995,-0.0154321,14,0.3315866,55,1244.55834960937,0,179,0.40576029,0.00010819,0.76932722
0,335.40988159,1004,-0.11749681,118,0.39006972,11,3678.3056640625,103,207,10.21700191,0.00055071,-4.01997089
0,325.1050415,1021,-0.07275237,150,0.38795859,1,4137.35107421875,135,211,11.39301968,5.597E-05,-6.04127884
0,299.42745972,988,-0.09543569,39,0.25446171,33,3439.18823242187,24,200,7.09010363,0.00114014,-2.59428287
0,321.009002689999,1013,0.02824127,384,0.41825157,6,5385.658203125,369,219,14.71795082,0.00043779,-4.91374016
0,78.69007111,988,0,16,0.3573392,4,1483.67529296875,1,179,0.40576029,7.87E-06,-1.84582162
0,216.25384521,981,0.08896706,171,0.16665046,1,906.396118164062,147,169,13.08946323,6.459E-05,-6.12171221
0,135,979,0.02469136,19,0.16820538,59543,0,0,179,0.33761472,0.09745961,7.93984747
0,0,985,0,17,0.47922844,52,127.279220581054,1,181,0.31830662,8.025E-05,0.95591271
0,307.971618649999,1003,-0.0499141,511,0.04025315,2,4292.8642578125,478,204,8.22070789,8.026E-05,-5.32970333
0,266.30862427,981,-0.02627469,120,0.22949338,8,741.837707519531,93,204,14.51357651,0.00057526,-4.64761305
0,258.97653198,997,-0.18962662,345,0.16608407,298,2877.35034179687,312,190,6.21812057,0.00901888,-0.27344096
0,272.5447998,1003,0.06964666,387,0.18290544,1,3063.74633789062,360,195,7.13197756,3.476E-05,-5.73835278
0,312.90985107,1012,0.07044208,514,0.16652434,1,6121.09912109375,499,220,15.07072163,7.48E-05,-6.19892979
0,322.00128174,997,0.01324902,268,0.42577475,10,4569.26123046875,253,199,6.43574142,0.00031333,-3.66414094
0,174.95755005,925,-0.03060877,147,0.40281191,2,434.558471679687,21,166,5.41610193,5.267E-05,-4.98209381
0,241.69924927,950,0.13078883,325,0.37657031,0,2300.0712890625,199,187,16.01844406,0,-6.90775537
0,50.0721321099999,940,0.11366444,327,0.41019487,1,4022.86450195312,241,166,18.43077087,9.257E-05,-6.3015008
0,345.677276609999,952,0.01888163,202,0.1689202,2,4503.74755859375,145,199,7.67402506,7.486E-05,-5.27399063
0,84.2513351399999,936,-0.02492312,275,0.38316971,3,2405.51293945312,189,153,11.7494592699999,0.00017332,-5.29698563
0,357.27368164,947,-0.07307307,252,0.37296268,0,3718.23388671875,166,184,1.67254531,0,-6.90775537
0,115.55996704,947,-0.0787375,269,0.39616266,8,5307.35107421875,226,147,10.04013252,0.00039344,-4.30124712
0,171.06941223,940,0.0717786,180,0.37846106,0,2203.67504882812,123,148,11.1352176699999,0,-6.90775537
0,196.843811039999,909,0.00842907,71,0.40124121,2,344.558441162109,21,164,8.98828602,8.787E-05,-5.40093803
0,355.006256099999,929,0.05054486,138,0.34110716,7,1266.39599609375,81,198,8.17184448,0.00027922,-4.23079205
0,290.879028319999,945,0.01654988,172,0.36517593,1,4901.02685546875,115,201,8.20495509999999,4.005E-05,-5.83394909
0,60.0684890699999,949,0.00572246,123,0.41502684,3,3252.79174804687,66,170,9.01550961,0.00013222,-5.07479858
0,153.296218869999,916,0.02486934,206,0.33543548,0,1812.7919921875,149,132,14.3876943599999,0,-6.90775537
0,45,950,-0.00167021,325,0.35716659,1,5267.42333984375,290,178,8.82028103,4.31E-05,-5.8816514
0,86.8939742999999,952,0.07720285,367,0.36172426,1,6099.26123046875,281,156,10.17235088,4.984E-05,-5.97239304
0,309.7322998,934,0.05123667,260,0.36143821,2,3041.90893554687,174,221,15.5425672499999,0.00015451,-5.80996323
0,342.83807373,943,-0.04959038,294,0.37974021,12,6161.0263671875,237,207,11.18267632,0.00065896,-4.02510166
0,210.69972229,934,0.02469136,181,0.4097577,0,1440,95,174,5.90207958,0,-6.90775537
0,139.94596863,911,0.07022469,158,0.32862648,1,2480.0712890625,123,140,11.58725739,5.695E-05,-6.05130768
0,12.42594242,911,-0.14373986,220,0.36687157,30,5552.8642578125,185,193,9.52661037,0.00139848,-2.98267388
0,73.8724212599999,956,0.04092677,148,0.36439702,1,3327.35034179687,113,155,13.4957685499999,6.667E-05,-6.1388402
0,32.5417518599999,959,0.01571724,207,0.34213585,2,4106.4677734375,172,184,9.81465148999999,9.611E-05,-5.46994066
0,318.09405518,947,0.01602892,45,0.35932177,1,217.279235839843,12,192,4.16270208,2.022E-05,-5.33566809
0,62.74467087,907,-0.06120428,64,0.46900743,2,8923.8935546875,57,177,2.95141554,2.864E-05,-4.44172287
0,314.48843384,977,-0.04058386,138,0.28996241,1,6108.3056640625,132,214,12.40728474,6.111E-05,-6.09121323
0,345.46554565,945,0.01444212,73,0.34079298,10,1663.67529296875,38,191,4.43040228,0.00021522,-3.30083609
0,50.44033051,893,-0.04558624,139,0.36068216,3,9538.4521484375,132,175,9.41055202,0.00013811,-5.11132383
0,43.2100906399999,927,0.02777778,54,0.21981901,2,921.837646484375,33,180,3.5982852,3.494E-05,-4.62184143
0,349.53082275,956,0.02460075,203,0.38792452,3,4885.5849609375,168,211,14.5678758599999,0.00021656,-5.47109079
0,10.4374752,929,0.02105439,333,0.37010953,0,5208.3056640625,298,190,6.12619209,0,-6.90775537
0,172.146682739999,895,0.02348008,344,0.32253301,0,2607.35034179687,287,168,4.64896202,0,-6.90775537
0,182.07003784,923,0.04245092,77,0.35995886,2,831.837646484375,20,165,6.58016014,6.408E-05,-5.14710569
0,175.36453247,902,0.16483739,156,0.35427341,0,1064.55834960937,106,157,8.79241276,0,-6.90775537
0,291.11349487,952,-0.0165069,166,0.30489662,6,3072.79174804687,109,202,8.5516367,0.00025062,-4.41589165
0,152.22343445,940,0.1439805,390,0.31235933,0,4159.189453125,347,141,11.62031174,0,-6.90775537
0,294.044219969999,950,-0.04738562,344,0.40898365,7,7141.98193359375,309,196,5.64565039,0.00019222,-3.87907529
0,347.99771118,959,0.09258737,347,0.39534304,1,6452.865234375,312,204,10.2223453499999,5.009E-05,-5.9754324
0,115.8663559,994,0.25510055,104,0.41158172,0,1843.67517089843,92,142,11.51614666,0,-6.90775537
0,104.88626862,992,0.30807841,445,0.39248347,0,3320.9541015625,433,161,6.47720671,0,-6.90775537
0,288.962188719999,997,-0.03956388,133,0.35560778,5,5618.3779296875,128,217,15.9803323699999,0.00039773,-5.14131355
0,-1,1008,0,7,0.07959235,0,1902.7919921875,2,180,0,0,0
0,23.19859123,1008,-0.00740741,6,0.25336742,0,577.279235839843,1,181,0.60602134,0,-6.90775537
0,104.74356079,1004,0.01068376,10,0.19262077,3,959.116821289062,1,175,1.56306136,2.274E-05,-3.45650792
0,334.075103759999,995,0.03243829,122,0.21912114,1,4780.14404296875,117,213,12.5373354,6.177E-05,-6.09720564
0,349.46081543,963,0.06940274,122,0.37192401,2,2451.83764648437,103,210,13.65750313,0.00013499,-5.71796608
0,251.565048219999,976,-0.02160494,20,0.34222221,59504,0,0,180,0.25164443,0.07259452,8.23308563
0,107.35402679,968,0.00145243,25,0.45117518,1,270,6,172,2.66599727,1.293E-05,-4.9667716
0,308.34558105,985,-0.06123457,99,0.3190999,26,1918.23364257812,81,200,6.76653624,0.00085691,-2.78270745
0,174.17366028,992,0.04558836,255,0.40406692,3,1887.35046386718,228,148,11.5975980799999,0.00017102,-5.2862668
0,337.44274902,1006,0.19414848,298,0.38966036,0,4600.14404296875,283,195,5.58329296,0,-6.90775537
0,307.40536499,995,0.0055259,35,0.44068399,1,2300.0712890625,20,200,6.78030014,3.303E-05,-5.70286703
0,288.43493652,965,0,3,0.30692157,0,561.837707519531,1,181,0.25164443,0,-6.90775537
0,245.55604553,949,0.01790123,4,0.30369297,0,0,0,181,0.96144801,0,-6.90775537
0,45,1022,-0.02469136,2,0.25512722,8,90,0,180,0.1125394,4.36E-06,0.12433027
0,225,1022,0.00925926,3,0.38379449,14,1011.83764648437,0,180,0.33761472,2.292E-05,-0.41403565
0,45,1022,0.00925926,4,0.29746303,1,471.837646484375,1,180,0.33761472,1.64E-06,-3.03361607
0,191.30993652,1015,0.0154321,4,0.45690453,0,2451.83764648437,1,179,0.40576029,0,-6.90775537
0,341.565063479999,1015,0,4,0.57778782,2,3579.25952148437,1,181,0.25164443,2.44E-06,-2.05969191
0,63.43494797,1008,0,6,0.25326654,0,4550.072265625,3,179,0.35587668,0,-6.90775537
0,8.13010216,1012,0,3,0.44433984,26,3156.39599609375,0,181,0.56267959,7.093E-05,-0.3059772
0,303.690063479999,1008,0.01481481,6,0.14671043,0,6670.14404296875,3,182,0.57382214,0,-6.90775537
0,288.43493652,1012,0,5,0.32285279,0,4801.98095703125,2,181,0.25164443,0,-6.90775537
0,123.69007111,900,-0.00617284,37,0.08002518,10,4584.70263671875,27,178,0.57382214,2.782E-05,-1.2788589
0,180,896,-0.02469136,34,0.04933653,44,6009.259765625,24,178,0.63659358,0.0001358,0.0962356
0,51.0090064999999,898,0.02777778,42,0.16982959,0,4929.2607421875,32,179,2.14905643,0,-6.90775537
0,68.19859314,954,0.01111111,20,0.3754862,0,1520.95446777343,10,179,0.85701168,0,-6.90775537
0,185.710586549999,947,0.02469136,28,0.06796402,1,2824.62963867187,24,177,1.5990721,7.75E-06,-4.51436663
0,18.43494797,916,0.01234568,34,0.1695365,26,794.558471679687,17,180,0.25164443,3.172E-05,0.49799082
0,315,896,-0.04629629,42,0.07321913,11,2098.2333984375,22,181,0.33761472,1.8E-05,-0.65478516
0,185.19442749,949,0,14,0.49104437,2973,0,0,178,0.87889296,0.01266871,3.98591375
0,135,902,0.02469136,32,0.23873547,0,3380.07153320312,20,178,0.45014891,0,-6.90775537
0,161.565048219999,905,0.00864198,33,0.05430868,0,4330.142578125,23,177,1.00648069,0,-6.90775537
0,101.309928889999,902,0,37,0.10077998,53,4749.2607421875,27,178,0.81147993,0.00020852,0.03963689