Flood,Aspect,Rainfall,CurvPlan,DEM,NDVI,FlowAccum,FlodDistH,FlodDistV,Hillshade,Slope,SPI,TWI
0,274,5394,-1,1262,6764,3,1998,517,225,39,74,5
0,88,6959,0,31,4854,0,664,23,176,2,0,7
0,145,6924,2,63,6376,0,2056,61,89,25,0,4
0,305,6994,0,31,5035,0,4933,21,185,2,0,7
0,211,6970,-3,557,7271,7,30,0,156,19,73,7
0,45,5819,-1,502,7437,2,2477,416,141,38,46,5
0,352,6112,-1,630,8011,2,6497,591,216,18,20,6
0,56,6044,1,890,7796,1,3050,751,149,25,14,5
0,101,6692,-1,1006,8120,6,4725,419,113,21,70,6
0,78,6798,0,728,6665,2,2419,588,159,10,11,6
0,2,6924,0,23,5299,1,3048,20,190,5,3,7
0,197,6813,0,164,4733,1,2976,145,144,18,10,5
0,45,6731,-1,300,8205,1,1461,210,170,19,11,5
0,39,6434,2,1081,6136,1,3112,601,174,22,12,5
0,230,5839,1,1596,4905,3,4488,1082,167,27,46,5
0,34,6411,0,203,7124,0,4025,165,181,2,0,7
0,221,6625,0,650,8147,2,3743,390,153,28,31,5
0,327,5429,0,1301,8235,7,2339,405,245,31,126,6
0,298,6896,-2,158,7827,1,3082,138,245,34,20,4
0,186,7003,0,240,7397,0,1452,200,174,3,0,6
0,353,5539,0,527,6839,21,1404,233,206,12,137,8
0,345,6411,0,121,7259,2,1611,84,213,14,15,6
0,33,7032,1,417,7198,0,1102,402,169,34,0,4
0,333,5750,-1,1003,8327,14,5473,705,229,21,159,7
0,290,6863,0,584,6470,0,3284,575,184,1,0,7
0,209,6785,0,467,7985,0,3743,422,173,6,0,6
0,73,6745,-2,996,7566,2,240,79,119,28,32,5
0,60,6994,2,40,4062,0,3335,31,178,2,0,7
0,1,6510,1,1371,8364,1,1822,552,219,32,19,5
0,53,6994,1,44,4315,0,2828,35,176,6,0,6
0,93,6570,0,550,7797,4,7020,490,95,28,64,6
0,356,6850,1,659,8254,0,3356,401,197,8,0,5
0,89,6924,1,109,6196,0,2542,106,155,10,0,5
0,87,6682,0,70,6735,0,2528,63,167,6,0,6
0,56,6625,0,947,7817,1,4541,591,147,26,14,5
0,57,6807,0,26,4572,0,4274,20,178,2,0,7
0,245,6829,0,16,6098,0,1146,14,181,1,0,7
0,357,7163,-2,867,3465,2,1248,311,221,26,29,5
0,100,6147,-1,947,6508,13,4853,357,123,19,132,7
0,335,6824,-2,583,7779,7,2450,204,240,29,118,6
0,156,6340,1,786,8123,1,2955,446,79,28,16,5
0,181,6564,0,383,4523,1,5232,330,89,31,18,5
0,320,5730,3,500,7786,0,1662,322,221,16,0,5
0,253,6807,0,256,6242,3,2114,250,199,29,51,5
0,348,6829,1,40,5409,0,1149,37,192,5,0,6
0,228,6881,0,696,7878,9,2076,472,163,28,143,6
0,179,6610,0,1470,8394,1,1292,333,145,13,7,6
0,108,6807,0,53,6197,0,5272,47,151,9,0,5
0,314,6375,2,147,7026,1,1413,127,229,19,11,5
0,307,5797,2,1203,7567,0,4092,413,233,22,0,4
0,36,6798,-1,798,7944,58,5694,759,181,15,452,9
0,227,5952,0,677,7252,4,1896,367,167,23,52,6
0,86,6663,2,199,6772,0,4383,179,161,8,0,5
0,18,6994,1,42,4283,0,4286,32,186,5,0,6
0,148,6924,0,38,4096,0,330,35,173,2,0,7
0,196,7040,-1,960,1685,5,2381,782,137,21,58,6
0,360,6391,0,457,7744,7,5270,418,220,35,147,6
0,323,6073,0,463,6657,1,5135,424,227,19,10,5
0,345,7107,-1,276,6965,1,2320,256,235,31,18,5
0,284,6798,-1,704,8426,12,1831,539,227,24,164,7
0,174,6813,0,91,4614,1,1836,72,154,10,5,6
0,120,6896,0,240,6407,1,1364,220,67,30,18,5
0,317,6376,0,339,5506,0,925,184,223,16,0,5
0,201,6924,1,49,4972,0,285,20,171,6,0,6
0,15,6290,1,183,8376,0,1277,144,189,6,0,6
0,262,5691,-1,337,7675,9,8097,236,199,13,61,7
0,320,6671,0,117,6523,2,1928,80,224,17,18,6
0,327,6411,2,171,7244,1,2439,132,237,25,14,5
0,141,6605,0,1128,6264,7,5652,732,6,44,201,6
0,56,6924,3,41,3817,0,819,38,171,10,0,5
0,25,6411,0,181,6321,0,2557,144,187,10,0,5
0,216,6811,0,36,2834,1,9102,34,177,4,2,7
0,205,6822,0,639,8131,20,4289,602,138,25,274,7
0,185,6004,1,875,6601,1,3707,531,124,22,12,5
0,48,5905,-2,1151,7330,12,3109,788,149,31,214,6
0,297,5992,0,1577,7305,0,2762,966,238,27,0,4
0,147,5662,-1,390,7523,0,920,213,99,22,0,4
0,23,6249,0,511,8446,0,3466,442,191,26,0,4
0,164,6896,-1,495,6386,6,2690,460,124,17,57,7
0,89,6906,1,547,7428,2,5596,532,78,34,41,5
0,262,5653,-3,1487,7757,2,7335,1073,209,35,41,5
0,205,6455,1,821,7561,1,4114,657,120,32,19,5
0,231,6833,0,732,8654,0,6643,712,178,17,0,5
0,152,6434,-1,505,8167,4,1181,230,71,30,68,6
0,139,6514,0,729,6159,2,2241,689,75,28,32,5
0,246,5496,1,2164,371,0,3882,924,190,13,0,5
0,162,6073,-1,292,6100,3,3950,253,117,19,31,6
0,270,6932,2,1397,7956,1,8644,720,214,22,12,5
0,88,6688,-1,1140,8155,4,7476,680,103,27,62,6
0,225,5656,0,1318,7623,4,1820,381,174,14,31,6
0,338,6799,2,736,7782,0,4310,708,234,26,0,4
0,326,6789,0,69,717,1,814,40,211,11,6,6
0,118,6871,2,747,7961,1,4995,387,92,24,14,5
0,225,6924,2,106,3727,0,1559,98,176,12,0,5
0,92,6678,0,25,3343,0,4218,19,178,1,0,8
0,114,5755,4,473,8200,1,1224,259,13,44,29,4
0,297,6785,-1,581,8074,17,6116,561,223,18,163,7
0,163,6830,0,209,7114,17,1306,200,142,12,111,8
0,177,5471,0,809,8272,28,1119,196,90,30,482,7
0,159,6787,0,548,8255,6,2981,368,65,32,112,6
0,327,6625,2,345,7834,0,1755,293,220,15,0,5
0,244,5730,0,508,8576,0,1367,298,188,24,0,4
0,289,6690,0,866,8011,0,1716,489,185,2,0,7
0,329,6245,1,1010,8767,0,3779,478,222,16,0,5
0,349,5864,0,857,7309,10,6665,628,232,33,196,6
0,309,6588,1,211,7105,0,1804,80,220,15,0,5
0,186,6671,1,201,7785,1,954,181,140,17,9,5
0,158,5830,-1,460,8555,9,1337,185,134,14,67,7
0,203,5547,0,1360,8614,0,2337,449,156,15,0,5
0,190,6692,-1,695,7992,3,30,2,144,16,26,6
0,32,6872,1,232,7545,6,2853,212,183,19,60,6
0,61,6411,0,135,6959,1,2280,96,171,8,4,6
0,325,7107,0,444,8066,0,5390,423,217,14,0,5
0,19,7107,1,448,6166,11,1626,440,196,18,105,7
0,306,6616,0,664,8420,3,510,183,228,19,31,6
0,356,7145,0,665,7947,1,2243,267,213,18,10,5
0,268,6675,3,303,7108,0,1430,263,211,20,0,4
0,39,6924,0,54,5451,0,2888,51,177,18,0,5
0,342,6508,-1,1318,8292,4,2190,288,199,7,16,7
0,219,5774,1,629,8452,1,1668,414,155,25,14,5
0,72,5674,3,480,9317,8,5521,400,101,35,167,6
0,19,6362,0,612,7953,1,3431,489,196,28,16,5
0,171,6891,0,1038,8674,1,3013,382,165,6,3,6
0,8,6290,1,158,7241,0,1282,120,197,11,0,5
0,16,6924,0,90,5451,0,2427,87,191,9,0,5
0,315,7069,0,618,7752,6,30,0,181,0,1,10
0,287,5394,0,1263,7680,1,3550,518,235,29,17,5
0,62,7010,0,626,3245,7,2476,617,167,10,38,7
0,330,6063,0,181,7678,0,2871,143,188,3,0,6
0,91,6012,-1,1181,-2000,2,2508,464,145,13,14,6
0,199,6792,0,1098,8824,1,3575,861,152,16,8,5
0,179,6700,0,662,7345,4,1813,498,111,24,54,6
0,260,5585,-2,1684,7287,6,4237,753,207,34,119,6
0,82,5768,-1,726,7383,5,1642,514,120,24,68,6
0,25,6342,0,11,3909,0,1146,9,183,3,0,6
0,137,5589,0,1290,7491,2,3189,717,93,24,26,5
0,50,5689,-3,918,7513,3,1629,394,129,39,74,5
0,342,6789,0,90,2431,0,1174,61,203,9,0,5
0,258,6887,1,1685,3860,4,5820,766,204,29,67,6
0,176,7011,0,801,6139,0,3980,766,171,4,0,6
0,170,5429,-1,1090,8395,2,1094,239,87,29,33,5
0,359,6814,1,1183,6861,2,2200,448,221,34,41,5
0,134,7116,-4,852,8193,2,3613,795,0,46,63,4
0,204,6834,-1,559,7962,2,4084,505,150,19,20,6
0,290,6586,0,667,8193,0,855,130,222,18,0,5
0,96,6924,0,98,6017,0,2406,95,136,15,0,5
0,211,6616,2,922,8307,0,852,444,164,14,0,5
0,160,6495,1,996,8215,0,2022,519,38,39,0,4
0,217,7043,0,799,8798,0,2960,381,165,17,0,5
0,201,6964,4,877,6529,0,2864,746,109,33,0,4
0,335,6375,1,153,6592,0,1699,116,219,16,0,5
0,3,6891,-2,837,8339,27,6255,180,214,26,396,7
0,145,7092,0,1106,7017,2,5243,532,123,16,18,6
0,251,6469,2,657,7888,0,5437,543,197,24,0,4
0,324,6924,0,90,6551,1,2528,87,224,17,9,5
0,213,6807,0,37,5357,0,357,31,178,3,0,6
0,59,6540,0,908,7921,0,170,50,120,36,0,4
0,300,6440,0,10,3097,0,1770,8,183,1,0,7
0,265,6824,-1,1120,8238,2,2586,201,214,37,45,5
0,150,6940,-1,366,6519,10,1713,51,137,13,68,7
0,130,6932,0,550,7768,36,5742,512,126,15,298,8
0,205,6845,0,23,3252,0,367,18,174,5,0,6
0,118,6813,0,130,5728,1,3857,111,121,17,9,5
0,296,6924,1,64,6020,0,2228,61,204,9,0,5
0,317,6925,2,1459,7224,3,8947,526,235,23,37,6
0,252,6514,-2,1110,8300,1052,4559,212,196,18,10201,11
0,214,5781,0,890,348,1,6183,679,154,21,12,5
0,209,5738,-1,425,9240,1,7560,345,145,23,13,5
0,258,5549,-1,1163,7839,1,1918,245,200,16,9,5
0,155,6675,0,94,3997,0,1269,59,168,4,0,6
0,314,6924,0,146,6073,2,2750,138,213,12,13,6
0,311,6907,1,368,8519,1,4329,348,247,32,18,5
0,94,6675,0,551,7692,4,6155,511,140,14,31,6
0,360,6290,0,170,7351,1,1614,133,203,12,7,6
0,117,6896,-2,263,6856,3,3632,243,100,23,37,6
0,31,6170,0,444,7962,1,1738,405,182,25,14,5
0,127,6671,0,210,6513,1,996,175,120,17,9,5
0,229,6540,1,840,7806,0,1398,382,176,16,0,5
0,71,6846,-1,861,7160,37,4453,208,112,31,676,8
0,287,7036,4,719,8571,0,6050,522,239,36,0,4
0,22,6290,-1,380,7279,4,3272,342,193,19,42,6
0,120,6990,0,598,7862,0,1157,277,144,11,0,5
0,66,6833,1,342,8101,0,2855,322,149,19,0,4
0,163,6934,0,628,8563,3,3885,368,108,22,36,6
0,338,6391,1,455,7536,2,6509,416,226,20,22,5
0,179,6675,1,264,6884,5,1449,218,106,26,72,6
0,40,6228,-1,506,7827,2,8705,467,165,29,33,5
0,154,6829,1,49,6444,0,1329,46,150,9,0,5
0,161,6924,1,124,5274,0,1816,95,167,4,0,6
0,341,6964,0,523,8419,0,4145,388,232,25,0,4
0,132,6651,0,112,6817,2,4721,72,159,6,7,7
0,268,5730,-2,1709,8306,3,2611,797,216,30,51,5
0,351,6651,1,245,7400,1,1886,193,221,21,12,5
0,95,6690,3,860,7866,1,4932,815,61,37,23,4
0,289,6651,2,309,7642,0,6375,269,225,21,0,4
0,75,6159,3,1101,186,0,6809,502,142,19,0,4
0,235,6904,1,690,8393,1,2898,436,170,31,18,5
0,160,6678,0,24,2511,0,4436,17,179,0,0,8
0,299,6807,1,58,4733,0,535,52,190,3,0,6
0,44,6994,0,32,5495,0,4859,22,180,1,0,7
0,76,6824,-1,1325,8058,60,6711,345,97,34,1222,8
0,85,5731,-1,405,5197,2,1840,307,131,19,21,6
0,160,6964,0,741,8005,1,4501,729,136,14,7,6
0,41,6290,0,341,6061,5,3482,303,151,36,111,5
0,11,6792,-2,698,7910,4,3506,338,195,10,21,7
0,354,6861,-1,400,8167,8,3312,330,227,33,153,6
0,156,7053,0,280,5533,2,1046,268,124,17,18,6
0,231,6907,0,484,8113,3,4631,464,173,23,38,6
0,122,7199,0,1481,-2000,4,5747,1004,127,15,33,6
0,25,6886,2,66,5333,0,1132,60,190,20,0,4
0,292,6924,1,18,4160,0,1107,15,189,3,0,6
0,234,5446,1,1217,8075,1,1096,225,181,14,7,6
0,192,6651,-2,259,9346,7,1259,210,128,23,89,6
0,81,6921,3,760,8836,2,1446,439,49,46,62,4
0,143,6651,-1,247,7736,2,1638,195,91,24,27,5
0,184,5540,-2,1425,6865,2,987,230,101,28,32,5
0,133,6890,1,1001,7896,0,3881,385,99,22,0,4
0,278,5585,1,1358,6918,3,1169,367,222,23,38,6
0,87,6651,-1,272,7811,88,9770,235,162,8,360,10
0,176,6785,-1,735,8272,15,3768,695,155,9,75,8
0,323,6785,1,679,7966,1,4452,658,215,13,7,6
0,87,6498,0,905,8014,1,1182,275,134,18,10,5
0,344,6626,-1,1380,8313,935,5795,244,191,4,2077,13
0,92,7032,1,330,7604,0,3533,310,155,10,0,5
0,35,6829,0,19,5409,0,1394,16,181,1,0,7
0,280,6620,1,1012,8042,4,295,221,216,18,38,6
0,16,7186,-1,1423,-2000,4,3720,866,195,39,97,5
0,92,6964,0,620,5467,3,4582,608,170,4,7,7
0,130,6896,2,360,7203,0,1971,324,100,22,0,4
0,2,5728,-2,1035,8412,2,3417,562,218,34,41,5
0,265,6695,1,861,8628,2,3659,147,214,33,40,5
0,252,6959,1,161,6774,1,510,154,198,27,16,5
0,102,6797,2,796,8780,0,2300,83,137,14,0,5
0,194,6376,0,342,5839,0,1206,186,179,1,0,8
0,323,6785,1,442,7881,1,3484,422,222,16,9,5
0,79,6920,0,584,7820,0,1707,532,169,5,0,6
0,135,7046,0,631,8567,1,1562,456,54,33,19,5
0,282,5781,0,836,8524,0,3019,452,189,4,0,6
0,194,6849,0,1095,5688,23,4457,983,172,4,51,9
0,343,6671,1,170,5864,1,1162,150,232,27,15,5
0,194,6065,0,913,7452,17,3586,695,114,28,277,7
0,205,6626,1,1516,8080,0,3600,419,159,15,0,5
0,127,5998,-2,867,7398,26,5245,257,89,25,356,7
0,96,7085,0,426,8183,2,4084,408,128,18,19,6
0,352,6376,0,321,7101,0,2079,165,196,7,0,6
0,286,7058,1,317,6441,0,806,297,228,23,0,4
0,32,6651,0,281,7873,1,7844,243,181,25,14,5
0,239,6785,-1,559,8174,5,3506,524,184,20,54,6
0,72,6682,0,43,5209,0,3439,37,170,6,0,6
0,271,6375,2,122,6380,0,887,101,193,6,0,6
0,234,6807,1,30,4808,0,3944,25,182,8,0,5
0,262,6312,0,1183,7324,2,2169,541,206,20,21,6
0,180,6924,1,19,4160,0,1252,17,176,2,0,7
0,71,6721,1,659,7503,0,3635,550,148,17,0,5
0,127,6682,0,48,5809,0,2939,42,122,16,0,5
0,162,6688,0,788,8174,1,967,278,118,19,10,5
0,278,7003,-1,432,7653,8,3572,411,207,13,54,7
0,169,6682,0,30,5986,1,2068,24,159,7,4,6
0,243,6290,1,343,7570,2,7273,304,177,38,46,5
0,304,7048,0,387,8392,4,2611,372,217,14,30,6
0,225,6079,0,585,8126,3,1754,235,158,28,49,5
0,87,6896,0,344,6927,2,3229,324,145,14,15,6
0,165,6675,2,385,6988,0,2051,349,130,16,0,5
0,22,6687,0,35,4833,2,844,30,187,7,8,7
0,183,6541,0,1151,8246,0,5857,196,153,11,0,5
0,236,6692,0,1105,8480,4,2650,314,183,12,26,7
0,299,6801,1,1316,8166,0,2563,419,223,17,0,5
0,16,6290,1,189,7000,0,1217,151,185,4,0,6
0,276,6640,0,727,8535,2,2000,569,224,28,31,5
0,164,6675,2,539,7160,0,2642,499,62,34,0,4
0,102,6675,3,621,7627,0,2755,581,95,26,0,4
0,169,6896,0,703,5148,1,5643,682,107,23,13,5
0,141,6952,0,46,3760,0,2526,37,169,3,0,6
0,37,6622,1,480,7736,3,1530,322,177,21,34,6
0,340,6807,1,48,6197,0,902,41,193,5,0,6
0,307,6924,0,100,6320,0,1741,92,188,3,0,6
0,110,6785,0,742,8739,4,10891,702,94,25,56,6
0,282,6564,0,124,6929,0,2387,70,193,5,0,6
0,22,6785,0,366,7421,0,3619,321,185,5,0,6
0,345,6901,-1,957,6425,5,5991,520,233,29,85,6
0,275,6901,0,680,3756,537,6821,243,188,3,956,12
0,308,6924,0,26,4855,0,1909,24,194,5,0,6
0,87,6964,0,751,7553,1,4876,738,140,16,9,5
0,69,6640,1,879,8191,0,8430,166,160,13,0,5
0,283,6692,-2,1119,8352,12,5783,592,212,14,91,7
0,357,5543,0,1063,7750,6,4964,691,220,25,86,6
0,243,6829,0,23,6098,0,1266,20,184,4,0,6
0,110,6011,1,473,7822,0,6306,376,129,16,0,5
0,34,6411,1,236,6841,0,2320,198,182,15,0,5
0,279,6970,0,843,7851,1,1182,265,222,22,12,5
0,293,6789,1,81,5209,0,694,52,213,13,0,5
0,141,6807,0,56,4854,0,954,49,161,6,0,6
0,250,7082,0,902,8586,1,2856,733,194,31,18,5
0,327,6829,1,21,4724,0,1689,18,197,6,0,6
0,316,6886,0,25,4283,0,1773,23,185,2,0,7
0,170,5667,-1,1382,7582,8,3296,764,83,30,136,6
0,89,6678,0,26,4721,0,2513,19,170,4,0,6
0,311,6785,0,341,7950,7,3165,321,249,33,136,6
0,227,6785,1,601,8190,0,4403,556,179,7,0,5
0,37,5967,1,298,6083,0,1979,140,181,14,0,5
0,57,7058,0,847,6544,3,2706,793,160,17,28,6
0,52,7066,1,784,8332,3,3467,447,153,25,43,6
0,255,5854,1,972,6965,4,1538,282,200,32,76,5
0,174,6663,0,176,4801,2,7186,156,141,14,15,6
0,321,6651,0,216,6639,2,5886,176,237,24,27,5
0,150,6013,0,625,7553,1,2447,331,137,13,7,6
0,215,5429,0,1218,7676,11,932,340,124,37,250,6
0,278,6924,2,87,5473,0,2108,84,224,25,0,4
0,108,6682,0,164,7553,1,3177,157,162,6,3,6
0,5,6804,0,371,9024,1,2325,352,208,20,11,5
0,146,6833,0,801,7947,1,7414,781,115,18,10,5
0,269,6663,0,161,6212,0,6819,141,190,5,0,6
0,243,6678,0,26,2503,0,4528,20,181,1,0,7
0,301,6391,0,472,7456,0,3757,412,225,18,0,5
0,347,6924,0,22,5473,0,1968,19,193,5,0,6
0,112,6967,2,74,3739,0,4858,64,157,7,0,5
0,154,5197,-1,1433,1422,281,947,155,150,9,1398,11
0,281,6924,2,46,5761,1,1563,43,228,27,15,5
0,354,6871,2,1165,8753,0,3362,524,223,26,0,4
0,299,6829,1,40,5940,0,1054,37,214,13,0,5
0,20,5877,0,773,7242,673,5246,336,186,5,1852,12
0,343,6625,0,116,6372,2,1117,75,193,5,5,7
0,358,6626,2,262,6276,3,1334,224,223,36,64,5
0,225,7005,2,1055,9066,0,6309,477,168,21,0,4
0,355,6959,2,73,6961,0,999,67,214,18,0,5
0,92,6753,0,464,8361,2,1146,356,143,14,15,6
0,340,6657,0,651,8601,7,4727,532,228,22,84,6
0,184,6065,1,838,7717,1,2144,620,137,17,9,5
0,77,5312,-1,1597,9019,78,745,181,150,14,599,9
0,20,5992,0,1192,6916,3,1721,630,181,45,88,5
0,121,6060,0,665,7487,1,2901,434,89,25,14,5
0,184,6745,-2,1403,7739,1,4161,506,122,22,12,5
0,14,6959,0,41,5768,0,667,35,193,10,0,5
0,301,6290,0,222,6627,1,2528,184,237,25,14,5
0,137,5741,0,653,7556,2,1419,340,61,31,36,5
0,102,6886,0,120,5619,0,454,113,169,4,0,6
0,24,5750,0,574,7483,5,2942,275,190,15,39,7
0,177,6620,1,1056,8178,1,864,355,43,42,27,4
0,7,6807,0,31,4876,0,685,24,188,5,0,6
0,338,6375,1,140,5996,0,1294,102,197,6,0,6
0,45,6807,1,43,5945,0,657,37,175,14,0,5
0,355,6682,2,326,7131,1,2106,288,225,31,18,5
0,320,7107,4,360,6884,0,2565,339,242,27,0,4
0,310,7003,0,486,7497,1,5818,446,227,18,10,5
0,50,6925,1,981,7478,0,3265,401,151,28,0,4
0,48,6769,1,693,8748,3,1914,399,164,21,35,6
0,253,7075,0,807,7634,12,4130,350,197,34,239,6
0,244,5842,-1,563,8258,5,4021,407,181,34,101,6
0,193,5290,2,2187,8408,0,2716,707,119,26,0,4
0,75,6769,-3,1129,4291,63,3996,487,121,27,949,8
0,13,6440,0,8,4139,0,1546,7,181,1,0,8
0,357,6228,1,542,8330,1,4581,504,218,23,13,5
0,253,6108,0,734,7164,5,3814,359,199,25,70,6
0,263,6599,1,355,7665,0,1032,136,208,22,0,4
0,233,6411,0,304,7076,4,5425,265,177,20,44,6
0,198,6015,2,825,7497,0,5587,709,152,15,0,5
0,159,6682,0,43,5986,0,2273,37,154,8,0,5
0,309,6206,-1,1118,8159,2,8019,639,236,23,26,5
0,172,6682,1,398,7357,0,3262,360,154,9,0,5
0,346,6924,0,45,4294,0,672,38,199,8,0,5
0,112,5748,-3,818,7593,19581,187,20,144,11,117853,15
0,61,7046,0,753,6888,4,4215,295,123,33,79,5
0,113,6657,0,760,7851,0,8599,603,176,1,0,7
0,46,7003,0,203,7795,3,2720,163,175,12,19,6
0,230,6825,2,825,8152,2,5786,508,153,37,46,5
0,253,6985,2,1011,8396,1,1157,412,197,29,17,5
0,104,6785,0,458,7812,2,3891,413,64,34,40,5
0,14,6682,1,30,4955,0,2406,24,183,2,0,7
0,118,6789,1,564,7927,0,4055,556,109,20,0,4
0,121,6682,1,47,5976,1,2770,40,128,15,8,5
0,108,6869,0,93,8256,4,1798,73,115,20,43,6
0,29,5839,1,1026,6860,2,4109,589,182,29,34,5
0,74,6700,0,1450,801,0,4485,1286,174,3,0,6
0,140,7118,-1,1102,8393,1,5656,903,144,10,6,6
0,288,7048,2,532,7019,0,1048,517,235,28,0,4
0,281,7046,3,634,7115,0,210,106,224,23,0,4
0,319,6063,2,175,6694,0,1134,136,229,19,0,4
0,275,6785,0,180,5870,0,2785,160,181,1,0,8
0,274,6807,1,57,6013,0,1022,50,186,2,0,7
0,161,5692,-2,1157,7728,3,1723,485,77,29,51,5
0,333,6886,0,26,4283,0,1911,24,188,3,0,6
0,146,6675,2,741,8004,0,6327,701,107,20,0,4
0,307,5525,0,794,8300,1,737,311,245,30,17,5
0,70,6863,0,620,6478,0,4322,600,154,15,0,5
0,180,5689,0,1463,7388,7,2807,447,101,27,109,6
0,78,7045,0,482,6371,30,5799,442,151,14,224,8
0,14,5549,-1,1247,7132,70,1017,335,202,31,1242,8
0,353,6809,0,168,4036,2,1646,153,203,10,11,6
0,101,6469,0,502,7923,16,4059,424,146,12,100,8
0,69,6440,0,10,4580,0,1779,8,179,1,0,8
0,282,6924,1,55,4127,0,1968,52,215,16,0,5
0,44,6807,0,20,3818,0,3480,15,180,4,0,6
0,153,6588,0,235,7490,31,2061,160,132,14,235,8
0,193,5640,0,2331,7069,2,4537,1266,142,18,20,6
0,239,6778,0,525,8008,3,1713,448,184,19,31,6
0,185,6228,2,324,6685,2,6459,285,100,29,33,5
0,319,6917,0,649,9103,2,6302,514,237,24,26,5
0,98,6682,0,73,5976,1,2900,67,164,6,3,6
0,40,6597,1,1274,8024,5,4068,581,171,24,67,6
0,115,6008,-3,341,2721,166,7316,244,150,9,810,10
0,93,7032,-2,122,7664,11,4116,107,149,12,68,7
0,22,6206,2,424,8458,0,1631,310,190,12,0,5
0,297,6907,0,301,8722,2,4368,281,231,22,24,5
0,349,6106,0,1185,6658,3,3740,1010,222,22,36,6
0,312,6924,2,65,5761,0,1044,62,221,15,0,5
0,319,6784,3,540,7610,1,6038,534,242,27,15,5
0,260,6909,0,639,6957,4,5147,522,204,20,45,6
0,143,6915,1,838,7895,0,4101,828,123,16,0,5
0,199,5872,-3,1152,5988,2,1792,462,96,37,45,5
0,249,6653,0,561,7544,1,3604,301,193,30,17,5
0,178,6678,0,56,5449,0,3887,49,177,1,0,7
0,102,6013,-1,730,7433,2,1904,417,113,21,23,5
0,115,6737,1,904,8314,0,4669,795,123,17,0,5
0,215,7083,1,769,8092,1,5727,310,157,21,12,5
0,321,5496,1,1245,6161,1,415,95,234,22,12,5
0,138,6711,0,1077,8238,3,2887,539,24,39,74,5
0,187,7008,2,713,8716,2,3176,585,71,39,48,5
0,94,7003,0,206,7088,0,3757,166,145,13,0,5
0,352,6785,2,485,7324,0,5344,440,209,14,0,5
0,14,6411,0,325,6537,2,3609,287,202,28,32,5
0,318,6943,1,85,7018,0,1569,76,216,13,0,5
0,5,6886,1,41,4690,0,1466,36,197,9,0,5
0,81,5494,0,1761,7554,0,4179,503,173,3,0,6
0,348,6376,-1,256,7377,7,2660,101,212,15,55,7
0,135,5635,0,951,7705,5,1971,468,99,22,61,6
0,320,7038,-1,939,436,978,4114,395,209,10,5261,12
0,314,7003,0,459,5174,0,3785,440,228,18,0,4
0,315,5736,0,1560,7108,1,5147,506,238,25,14,5
0,68,6290,1,181,7063,0,1616,143,170,7,0,6
0,301,6884,0,18,3645,0,1002,12,194,5,0,6
0,258,6924,0,68,5732,0,454,39,194,10,0,5
0,22,5171,0,1590,654,1,3643,579,193,24,13,5
0,292,6376,0,323,7536,0,1131,168,193,5,0,6
0,201,6678,0,22,2899,0,3784,15,176,3,0,6
0,151,6737,-1,715,8001,189,6592,558,112,19,1989,10
0,21,6440,1,9,4443,0,2297,8,182,2,0,7
0,197,6342,0,9,3568,0,1061,8,178,1,0,7
0,255,6786,0,730,9362,1,1536,474,201,29,17,5
0,310,5556,-3,2131,7416,1,5374,1066,253,50,36,4
0,359,7417,-3,621,7460,3,495,1,210,17,28,6
0,245,6564,1,116,5931,0,1942,63,187,8,0,5
0,180,6955,-2,607,3771,6,2206,589,94,30,102,6
0,32,6206,1,603,8154,0,2490,465,183,21,0,4
0,182,6564,0,273,6170,1,4507,219,95,30,17,5
0,148,7212,-1,1094,6316,13,6706,496,140,12,81,8
0,230,7058,0,440,6580,0,2016,421,180,2,0,7
0,40,7082,2,798,8487,2,7600,499,160,33,38,5
0,66,7199,2,1495,3790,0,4921,921,132,26,0,4
0,88,6807,1,67,5424,1,2285,60,139,16,9,5
0,346,6886,0,81,4526,1,2612,78,211,14,7,6
0,165,6967,0,51,4760,1,4603,42,148,11,6,6
0,201,6830,-2,212,7579,23,1465,203,139,22,281,7
0,39,5933,-1,576,7862,3,2312,419,175,20,33,6
0,55,5731,2,496,7263,0,1918,379,160,19,0,4
0,306,6671,0,102,6333,0,1227,67,185,2,0,7
0,17,6843,-1,731,8752,2,4783,693,198,31,36,5
0,150,7126,-4,451,8787,18,1855,215,64,31,326,7
0,288,6411,1,181,6725,0,2308,143,194,5,0,6
0,263,6455,-1,691,8143,2,2894,527,211,27,30,5
0,192,5846,1,712,7881,13,2190,479,124,24,174,7
0,287,7048,-1,339,7827,18,7180,302,219,17,169,8
0,31,5864,-1,671,8017,4,2180,297,182,23,51,6
0,351,6063,0,123,7720,1,897,85,206,12,6,6
0,264,6795,0,730,8714,3,1599,450,213,30,52,5
0,301,6675,0,180,5700,0,3330,144,187,2,0,7
0,328,6935,0,731,7212,8,5747,232,225,18,79,7
0,148,6798,1,982,8237,0,4536,842,152,8,0,5
0,122,6811,1,321,6704,0,3566,276,133,14,0,5
0,343,6943,0,37,5711,2,514,17,186,2,3,8
0,154,6155,2,690,7350,1,5763,494,35,38,24,4
0,335,5656,0,981,7986,0,1119,309,223,18,0,5
0,316,6651,0,194,7554,2,5586,153,196,5,6,7
0,50,6290,3,281,6539,1,2641,243,155,26,14,5
0,239,7085,-1,836,8786,3,2910,640,181,26,44,5
0,10,5629,-1,1245,7422,2,4040,771,207,27,31,5
0,353,7032,0,213,6991,10,885,198,220,22,121,7
0,359,6170,1,409,7309,3,3575,371,219,27,47,5
0,17,6063,1,152,7678,0,1869,113,198,20,0,4
0,188,5621,-1,1909,1169,12,4080,1104,90,33,238,6
0,11,6833,2,740,5690,0,4849,720,206,29,0,4
0,273,6725,1,1396,8605,2,1579,281,216,21,23,5
0,61,5494,0,1402,8464,0,974,144,175,5,0,6
0,133,5560,-1,944,8432,9,1539,532,93,24,118,7
0,228,6052,0,684,6396,0,3406,513,176,16,0,5
0,115,6884,1,28,3645,0,1044,23,178,1,0,8
0,13,6789,0,85,5701,6,959,56,196,12,38,7
0,276,7045,1,960,6978,4,3529,761,226,30,70,6
0,154,6588,0,328,7687,0,2458,253,137,13,0,5
0,28,7003,0,398,7710,2,5259,358,186,10,11,6
0,220,6663,0,153,5374,0,5447,133,178,5,0,6
0,109,5967,-3,601,7892,5,2172,443,70,31,91,6
0,227,5830,2,1596,404,0,2345,541,168,22,0,4
0,129,6807,0,25,4495,0,1952,19,175,1,0,7
0,12,6906,0,735,9837,1,6899,715,204,26,15,5
0,329,5181,-1,1522,8238,5,3017,265,203,8,21,7
0,143,6625,1,346,7832,0,2807,293,129,15,0,5
0,57,6342,0,9,3501,0,1887,7,178,2,0,7
0,286,6848,-2,1211,8140,11,6150,595,231,26,160,7
0,154,5985,1,465,6180,0,2602,367,141,12,0,5
0,149,5936,-1,281,6335,11,1980,201,90,25,153,7
0,169,7015,0,597,8440,3,2084,215,137,14,23,6
0,337,5518,-1,590,7701,5,1995,274,239,30,87,6
0,49,6411,0,216,6548,1,2308,179,166,19,11,5
0,21,6645,0,218,8408,0,1144,177,194,21,0,4
0,161,6331,0,2,4680,0,180,1,178,1,0,8
0,273,6366,-1,1153,6703,2,7246,575,223,31,36,5
0,1,6682,1,262,7330,2,6918,231,213,21,23,5
0,109,5842,1,671,8172,0,1575,469,113,20,0,4
0,307,6907,2,532,7667,0,5878,512,218,14,0,5
0,16,7107,1,397,6801,8,3551,377,200,22,96,7
0,287,6924,0,130,5978,0,1179,122,199,7,0,5
0,18,5663,3,516,7785,0,1776,319,196,17,0,5
0,44,6964,-2,755,7494,6,3374,743,159,29,99,6
0,79,6682,1,381,7391,0,7212,328,169,5,0,6
0,326,7010,1,798,4417,1,3848,788,216,13,7,6
0,225,6351,0,1080,7430,9,4379,533,180,0,2,10
0,292,6829,0,18,5268,0,1379,15,184,2,0,7
0,1,6557,1,863,8965,0,4169,546,188,4,0,6
0,76,6579,1,1109,8316,1,4761,635,105,31,18,5
0,131,6907,-1,499,8367,3,3052,479,119,17,28,6
0,150,5698,0,1029,8978,21,1880,559,111,20,223,8
0,284,6564,1,249,7378,0,4755,195,230,27,0,4
0,261,6557,0,1166,7383,1,9362,687,207,23,13,5
0,60,6376,0,335,6609,1,1550,179,167,11,6,6
0,52,6824,0,677,7285,2,6602,637,160,21,23,5
0,45,6943,1,60,7317,0,547,55,176,11,0,5
0,11,6290,1,205,8982,0,2520,167,191,7,0,5
0,349,6319,-2,514,9247,9,11106,487,232,33,174,6
0,192,6932,-1,912,7949,4,4207,842,88,36,86,5
0,174,6430,0,153,6250,0,4740,139,129,18,0,5
0,294,6797,4,742,8455,1,330,143,242,32,19,5
0,176,6664,0,636,5646,1,3026,244,95,28,16,5
0,329,6375,0,139,6443,2,1056,101,233,22,25,5
0,39,6884,1,22,3995,0,1007,16,180,1,0,7
0,134,5290,-4,1439,9084,532,2153,420,103,21,6154,11
0,50,6884,1,22,3995,0,996,17,177,6,0,6
0,36,6498,3,1054,7946,0,2439,338,180,17,0,5
0,345,5753,1,612,8306,0,1346,399,226,23,0,4
0,349,6304,1,168,7260,15,505,129,226,25,209,7
0,122,6063,0,188,7335,3,1226,150,86,26,43,6
0,76,7032,0,319,7400,2,1758,305,112,29,34,5
0,301,5539,0,621,7937,4,1151,316,214,13,27,6
0,28,7134,2,832,6353,0,5565,296,178,34,0,4
0,358,5755,1,803,8466,1,2013,545,218,24,13,5
0,57,6671,1,144,7064,1,3598,109,166,13,7,6
0,275,6863,0,510,5548,1,3196,500,217,21,11,5
0,148,6778,2,948,8231,0,3452,791,126,16,0,5
0,208,6785,1,508,8101,0,4330,463,170,8,0,5
0,40,6785,1,387,7475,2,3480,343,177,16,18,6
0,181,6664,2,674,7508,0,6494,281,112,24,0,4
0,149,6906,0,692,7514,3,6974,671,107,21,34,6
0,348,6319,-1,570,7921,8,3143,531,216,17,74,7
0,335,6588,-1,305,7601,2,2951,230,237,26,30,5
0,229,6060,-2,863,7136,66,1634,252,168,25,919,8
0,204,7116,0,906,8207,1,3850,711,138,24,14,5
0,14,5287,-1,1705,8381,2,8592,810,199,17,18,6
0,50,6797,0,751,8926,1,3642,426,175,9,5,6
0,203,5977,1,1163,7517,0,3224,607,170,8,0,5
0,345,6342,0,8,3423,0,1061,7,181,0,0,8
0,81,6807,1,43,4490,0,1284,37,157,11,0,5
0,272,6153,2,493,7658,0,2390,281,214,20,0,4
0,74,5741,1,912,8191,0,2277,633,132,23,0,4
0,92,6785,0,422,7526,4,3970,377,111,24,53,6
0,13,6924,0,23,4096,1,210,21,193,10,5,6
0,298,6785,1,479,7845,0,5496,459,235,24,0,4
0,255,5645,1,1447,6938,4,1481,419,200,23,51,6
0,315,7129,-1,942,8732,1,2763,506,252,38,23,4
0,169,6682,0,25,3503,1,2206,19,169,4,2,7
0,133,7053,1,169,4914,0,2448,151,100,22,0,4
0,356,6807,1,53,4733,0,457,47,189,4,0,6
0,169,6060,2,973,1595,4,2961,679,33,42,108,5
0,34,6063,0,150,7433,1,817,112,183,15,8,5
0,358,5629,-1,1134,8298,3,3585,801,220,26,45,5
0,35,5849,0,902,8101,9,2331,589,180,20,99,7
0,228,6816,1,1145,8147,1,3281,563,168,24,13,5
0,192,5671,1,2020,7608,8,3610,744,109,29,134,6
0,124,6726,-2,745,8110,3,2157,412,12,43,83,5
0,50,6170,0,231,7335,0,846,193,165,19,0,4
0,326,6907,1,495,8006,1,5309,475,231,21,12,5
0,208,6988,-1,447,8180,46,3715,301,162,14,337,9
0,268,5830,0,1162,7190,871,1254,107,207,16,7404,11
0,124,5755,-2,946,8240,2,4821,667,77,28,31,5
0,80,6590,3,773,8291,0,1613,439,111,28,0,4
0,171,7046,0,798,8135,0,2318,297,177,1,0,7
0,246,6906,0,817,6749,0,4989,778,188,29,0,4
0,19,6626,0,384,7438,5,4245,345,188,7,18,7
0,163,6846,1,1045,9098,0,1506,367,84,28,0,4
0,29,5842,0,570,7287,1,5128,405,185,9,5,6
0,169,6869,1,145,6850,1,672,125,144,12,7,6
0,159,6909,0,544,6582,0,3913,524,73,30,0,4
0,249,5743,3,1261,7102,0,2757,632,194,18,0,5
0,218,6924,0,66,6081,1,862,37,170,13,7,6
0,273,6824,3,697,7826,0,8966,691,218,23,0,4
0,342,7053,1,209,5693,1,2571,189,237,31,18,5
1,113,6829,0,3,3313,102,544,1,180,0,3,14
1,104,6546,0,5,4226,4,719,2,179,0,1,10
1,-1,6440,0,1,5018,646,654,0,180,0,0,17
1,151,6776,0,6,5251,3,4448,3,179,0,0,10
1,225,6567,0,6,3462,2,592,4,180,3,3,7
1,128,6941,0,20,3918,1,645,6,176,1,1,8
1,5,6584,0,3,3256,2,1728,0,181,1,1,9
1,248,6845,0,8,4011,0,1953,2,181,1,0,7
1,11,6556,0,3,3563,0,210,2,181,1,0,8
1,-1,6414,0,1,3196,33,2204,0,180,0,0,14
1,260,6717,0,5,4807,0,2250,2,181,1,0,8
1,111,6556,0,3,6436,0,4947,2,178,1,0,8
1,342,6937,0,11,3867,2,2430,6,181,0,0,9
1,127,6829,0,4,2882,16,2565,2,180,0,0,13
1,18,6229,0,6,3601,0,1650,2,180,0,0,8
1,16,6807,0,9,3831,2,3059,3,180,0,0,9
1,140,6717,0,4,3296,0,3941,2,178,0,0,8
1,186,6872,0,18,4423,3539,387,1,180,0,23,18
1,187,6836,0,3,5015,1,2416,1,179,0,0,10
1,-1,6530,0,2,2494,11,702,0,180,0,0,13
1,334,6811,0,8,3191,0,2218,3,181,0,0,9
1,346,6950,-1,19,3367,19,1159,9,205,10,104,8
1,191,6839,0,5,4678,3,549,2,180,0,0,10
1,187,6414,0,2,2455,0,427,1,179,1,0,8
1,116,6556,0,3,5120,0,3253,2,178,1,0,8
1,-1,6440,0,1,5154,11,1886,1,180,0,0,13
1,-1,6440,0,1,5018,646,654,0,180,0,0,17
1,325,6776,0,5,5693,1,2154,3,180,0,0,10
1,178,6952,0,14,4079,0,1194,5,180,0,0,10
1,171,6776,0,6,3251,0,6229,2,177,1,0,7
1,34,6952,0,14,4726,2,2896,2,180,0,0,10
1,161,6776,0,5,5615,0,5756,3,179,0,0,9
1,233,6839,0,6,4219,0,906,2,180,1,0,7
1,189,6414,0,2,3296,0,180,2,179,1,0,8
1,191,6221,0,1,3537,2,1179,1,179,0,0,10
1,77,6937,0,10,4328,0,5337,4,179,1,0,8
1,306,6414,0,1,3658,0,240,1,182,1,0,8
1,191,6776,0,5,5401,5,4231,3,179,0,1,10
1,176,6770,0,4,4355,0,1667,1,179,0,0,9
1,-1,6836,0,4,3793,3,1912,0,180,0,0,12
1,253,6839,0,8,4109,1,2126,5,180,0,0,9
1,265,6440,0,4,3595,1,1466,2,181,1,0,9
1,157,6994,0,17,4584,0,1955,9,173,2,0,7
1,93,6573,0,4,4586,3,702,1,179,0,0,10
1,-1,6366,0,3,4340,2,2738,1,180,0,0,11
1,225,6872,0,18,4572,193,587,1,180,0,0,16
1,190,6884,0,8,4373,3,2000,5,178,1,1,9
1,78,6564,0,4,3075,1,2422,2,180,0,0,10
1,297,6573,0,5,4175,1,942,1,181,0,0,9
1,137,6414,0,2,2067,0,180,1,179,0,0,9
1,11,6414,0,1,5004,1,2093,0,180,0,0,9
1,87,6259,0,18,2821,3,1399,16,174,3,4,8
1,302,6556,0,2,5152,0,3792,1,180,0,0,9
1,-1,6836,0,4,4191,87,762,1,180,0,0,15
1,247,6546,0,4,4475,4,1746,1,180,0,1,10
1,321,6836,0,3,3769,0,1911,2,182,1,0,8
1,289,6776,0,6,5693,1,2126,3,180,0,0,9
1,251,6811,0,7,4133,1,4935,4,180,0,0,9
1,4,6414,0,2,4507,0,1125,1,181,1,0,8
1,152,6546,0,3,3630,2,742,0,179,0,0,10
1,319,6886,0,5,4689,0,699,3,181,0,0,8
1,122,6717,0,4,5247,0,2645,0,179,0,0,9
1,238,6872,0,10,3819,0,685,7,180,0,0,10
1,231,6776,0,5,5063,5,2870,3,180,0,1,10
1,66,6836,0,4,4607,33,1991,0,179,1,12,11
1,358,6886,0,6,3984,0,1051,2,183,1,0,7
1,224,6530,0,2,3700,0,282,0,180,0,0,10
1,330,6770,0,4,4621,0,950,1,180,0,0,9
1,283,6546,0,4,3843,2,1587,1,181,0,1,9
1,260,6229,0,8,3414,9004,72,0,182,1,6225,16
1,191,6546,0,3,3709,1,1086,1,179,0,0,9
1,309,7053,0,17,4262,1,242,5,197,6,3,6
1,86,7053,0,19,2569,5,819,7,178,1,2,9
1,225,6886,0,3,4963,323,2519,0,180,0,1,16
1,-1,6366,0,2,3493,34,200,0,180,0,0,14
1,101,6836,0,5,4471,4,1820,3,179,0,0,11
1,357,6975,0,13,1501,9,115,4,180,0,1,11
1,45,7032,0,20,5686,8,2297,5,180,0,0,12
1,144,6884,0,9,3755,2,2680,4,175,2,2,8
1,230,6334,0,13,4494,1,754,4,180,2,1,7
1,322,6959,0,11,3424,0,212,6,184,1,0,7
1,26,6845,0,11,4375,1,522,1,180,1,0,9
1,272,6994,0,10,3212,5,4535,8,180,0,0,11
1,80,6872,0,10,3451,3,1132,7,178,1,2,9
1,175,6573,0,3,3968,4,2670,1,178,1,2,9
1,77,6807,0,9,5035,1,1116,3,178,1,1,8
1,238,6717,0,4,4425,0,3232,2,180,0,0,9
1,107,6584,0,2,2464,53,1442,0,180,0,1,14
1,177,6975,0,17,2401,2,899,2,178,1,1,9
1,192,6950,0,14,2530,0,242,1,180,0,0,9
1,333,6845,0,14,1147,0,157,4,185,2,0,7
1,357,6414,0,1,2067,1,120,1,182,1,1,8
1,245,6530,0,3,3223,8,1076,1,181,1,3,10
1,258,6845,0,11,4120,5,582,5,180,0,1,10
1,113,6884,0,9,3500,86,817,6,180,0,2,14
1,304,7053,0,20,5308,1,532,3,182,1,0,8
1,87,7053,0,21,3891,0,192,8,175,2,0,7
1,45,6770,0,2,3810,5,604,0,180,0,0,11
1,95,6845,0,12,3542,2,3177,6,179,0,0,10
1,343,6573,0,9,4107,0,30,1,185,2,0,7
1,356,6975,0,14,3085,4,1623,3,182,1,2,9
1,126,6567,0,2,5020,1,210,0,180,0,0,10
1,116,6556,0,1,5707,0,3036,0,178,1,0,8
1,230,7032,0,19,4068,0,265,6,180,1,0,7
1,6,6414,0,1,6168,1,2837,0,180,0,0,9
1,106,6836,0,4,6584,1,2196,2,179,0,0,10
1,198,6924,0,9,4101,4,1651,6,178,1,3,9
1,322,6414,0,2,4640,6,1062,1,182,1,2,10
1,176,6770,0,4,4555,19,4240,0,179,1,5,11
1,167,6414,0,2,2855,0,252,1,179,0,0,9
1,68,6829,0,3,4181,2,3197,1,180,0,0,10
1,259,6937,0,10,3508,0,2231,4,180,0,0,10
1,-1,6937,0,9,3336,13,1964,4,180,0,0,13
1,76,6855,0,10,3674,1,1506,7,178,1,1,8
1,92,6994,0,10,3834,2,3184,7,179,0,0,9
1,351,6414,0,2,2067,0,150,1,181,0,0,8
1,-1,6440,0,1,5018,646,654,0,180,0,0,17
1,177,6546,0,3,3917,796,1070,0,178,1,259,15
1,-1,6530,0,2,3982,37,740,0,180,0,0,14
1,159,6845,0,7,3656,3,1007,1,179,0,1,10
1,345,6556,0,3,4001,0,5456,2,181,1,0,8
1,171,6855,0,9,4679,2,1174,7,176,2,2,8
1,309,6845,0,10,1135,4,230,0,186,2,4,8
1,1,6924,0,8,5346,0,60,5,188,4,0,6
1,78,6836,0,4,5479,1,549,2,179,1,0,9
1,187,6414,0,1,4428,1,465,1,179,0,0,10
1,106,6811,0,8,4627,0,762,4,179,0,0,8
1,91,6839,0,5,4484,0,325,2,179,0,0,9
1,46,6845,0,13,3584,6,357,4,180,0,0,11
1,66,6776,0,5,4324,0,170,2,178,1,0,7
1,17,6414,0,2,2397,0,187,1,181,1,0,8
1,170,6836,0,4,4908,2,839,1,177,1,1,9
1,347,6994,0,10,3591,7,4157,7,182,1,3,10
1,-1,6836,0,4,4412,5,712,1,180,0,0,12
1,168,6937,0,8,4796,12,1931,5,179,0,2,11
1,61,6836,0,5,4681,1,2345,2,179,1,0,8
1,202,6414,0,1,4428,19,435,1,180,0,0,13
1,185,6414,0,2,3253,1,440,2,178,1,1,8
1,310,6924,0,5,4822,0,1264,3,180,0,0,9
1,39,6530,0,3,3878,5,1584,0,180,0,0,12
1,-1,6530,0,2,3148,11,145,0,180,0,0,13
1,337,7053,0,17,4262,133,242,5,187,3,181,11
1,313,6567,0,1,3655,3,252,0,180,0,0,11
1,293,7023,0,20,4570,0,327,4,180,0,0,9
1,190,6414,0,-3,3047,4603,192,0,180,0,373,17
1,116,6937,0,9,3453,0,1089,5,178,0,0,8
1,312,6546,0,4,3880,0,1297,1,181,0,0,8
1,153,6807,0,8,4102,0,85,1,178,1,0,8
1,290,6950,0,11,3911,3,260,2,189,3,5,8
1,155,6855,0,9,4288,1,475,6,173,2,1,7
1,-1,6872,0,15,4895,2773,30,0,180,0,0,18
1,175,6872,0,10,1467,1,714,8,177,1,1,8
1,309,6829,0,5,4451,0,993,2,180,0,0,9
1,234,6855,0,10,3760,0,337,7,180,0,0,8
1,252,7023,0,20,6470,2,527,7,182,1,1,8
1,321,6872,0,9,1888,0,200,6,186,2,0,7
1,178,6229,0,4,4106,192,302,0,179,0,32,14
1,40,6717,0,3,3905,0,2575,1,180,1,0,8
1,150,6884,0,9,4146,1,345,4,175,2,1,8
1,273,6414,0,2,3253,6,1194,2,180,0,0,11
1,88,6776,0,5,5077,0,1953,3,180,0,0,9
1,45,6717,0,4,3766,0,2355,1,180,0,0,8
1,154,6937,0,10,4154,0,7837,7,179,0,0,9
1,139,7053,0,20,6920,0,85,8,176,1,0,7
1,284,7053,0,25,5465,0,222,12,184,2,0,7
1,139,6959,0,11,3386,0,762,7,177,1,0,7
1,353,6836,0,3,3659,0,297,1,183,1,0,7
1,3,6872,0,10,1647,2,282,8,181,0,0,9
1,315,6414,0,2,2994,0,2721,1,181,0,0,8
1,174,6221,0,2,3979,675,2693,1,178,1,239,14
1,-1,6573,0,3,3925,1,1999,1,180,0,0,11
1,176,6855,0,9,4958,1,2079,7,174,2,1,7
1,160,6556,0,3,4219,0,4472,2,178,0,0,8
1,171,6845,0,12,3975,2,1721,3,171,4,4,7
1,259,6886,0,5,3440,5,2939,2,180,0,0,11
1,190,6717,0,4,4829,1,1860,0,178,1,0,8
1,130,6776,0,4,4692,2,3480,2,177,1,1,9
1,116,6845,0,11,4122,2,1339,6,179,0,0,10
1,189,6952,0,11,3593,35,819,1,176,2,42,10
1,346,6855,0,11,5115,0,2043,8,183,1,0,7
1,145,6440,0,4,3595,1,1187,2,177,1,0,8
1,127,6546,0,3,3311,0,1134,1,175,2,0,7
1,299,6845,0,11,3856,0,2111,2,180,0,0,10
1,119,6807,0,9,5160,0,1956,2,178,1,0,8
1,-1,6573,0,4,3890,12,60,0,180,0,0,13
1,7,6556,0,3,3954,0,295,2,180,0,0,8
1,-1,6546,0,3,4076,4,697,0,180,0,0,12
1,169,6414,0,2,3468,0,1259,2,179,0,0,9
1,314,6907,0,20,6186,0,417,1,181,0,0,8
1,281,6221,0,2,3486,2,1549,2,180,0,0,10
1,36,6845,0,11,3313,37,3032,6,180,0,1,13
1,85,6937,0,10,4025,0,2830,4,178,1,0,8
1,55,6994,0,11,3691,1,3563,6,180,0,0,9
1,107,6414,0,2,4202,0,1137,1,179,0,0,9
1,23,6776,0,6,3251,0,1384,3,180,0,0,8
1,185,6414,0,2,4852,0,735,0,180,0,0,9
1,339,6770,0,5,4010,0,3959,2,180,0,0,9
1,129,6836,0,3,3606,2,4207,1,177,1,1,9
1,110,6845,0,11,4362,3,1814,2,178,1,1,9
1,154,6556,0,3,3954,7,145,1,175,2,6,9
1,16,6770,0,5,4066,0,2799,2,180,0,0,8
1,299,6937,0,8,4847,0,2340,3,180,0,0,9
1,360,6573,0,5,3327,1,307,1,180,0,0,10
1,140,6886,0,6,3964,106,315,4,180,0,0,15
1,172,6836,0,4,4908,0,599,2,178,1,0,8
1,203,6546,0,3,3917,5,975,0,179,1,3,9
1,114,6855,0,10,4707,1,5735,8,178,0,0,9
1,194,6414,0,2,4037,0,1042,1,180,0,0,9
1,83,6556,0,3,3954,0,145,2,179,0,0,9
1,240,6855,0,9,4707,0,6791,6,180,0,0,9
1,150,6959,0,13,3417,1,487,6,177,1,0,8
1,110,6845,0,11,4362,3,1814,2,178,1,1,9
1,297,6546,0,3,4471,53,582,0,180,0,4,13
1,5,6907,0,20,4526,2,417,1,181,0,0,9
1,216,6414,0,2,2365,0,242,1,179,1,0,8
1,226,6414,0,2,3419,0,1621,2,180,0,0,8
1,304,6952,0,13,4537,1,2128,0,181,1,0,9
1,325,6440,0,3,5297,0,1891,2,181,0,0,8
1,245,6440,0,3,4210,0,285,2,181,1,0,7
1,119,6836,0,5,4471,2,1808,3,179,0,0,10
1,191,6414,0,1,3790,7,150,1,178,1,3,10
1,231,6937,0,10,4213,3,1613,5,180,0,0,10
1,109,6937,0,10,3951,23,2942,4,180,0,0,13
1,98,7023,0,23,6233,35,300,11,154,9,174,9
1,68,6811,0,7,4329,0,4863,4,180,0,0,9
1,238,6829,0,3,3899,2,150,0,181,3,3,8
1,78,6937,0,10,4310,0,2860,5,180,0,0,9
1,167,6414,0,2,4901,2,2402,1,177,1,1,9
1,190,6872,0,15,3560,31,60,0,175,2,39,10
1,125,6556,0,1,4612,4,1039,0,178,0,1,10
1,76,6221,0,2,3468,0,1291,2,180,0,0,9
1,86,6546,0,4,4179,0,465,0,179,1,0,8
1,226,6556,0,2,5424,0,2321,1,180,1,0,8
1,-1,6836,0,4,3793,5,1925,0,180,0,0,12
1,146,6952,0,14,3610,244,355,4,180,0,12,15
1,323,6414,0,3,4072,0,1675,1,181,0,0,8
1,50,6414,0,2,2972,0,345,1,180,0,0,9
1,306,6530,0,3,3223,0,1016,1,181,0,0,8
1,198,6229,1,7,4199,0,884,3,177,2,0,7
1,45,6886,-1,6,3432,2,355,1,179,5,5,7
1,111,6366,0,3,4481,0,102,1,179,0,0,8
1,28,6937,0,8,4431,0,1853,5,180,0,0,10
1,220,6886,0,5,4004,4,3754,3,180,0,1,10
1,22,6567,0,1,4196,0,420,0,180,0,0,9
1,-1,6530,0,2,2834,11,242,0,180,0,0,13
1,171,6886,0,6,4146,4,3438,3,179,0,1,10
1,213,6414,0,2,5169,0,1451,1,180,0,0,8
1,236,6884,0,9,4097,0,784,4,181,2,0,7
1,127,7023,0,20,6241,1,222,4,176,1,1,8
1,57,6937,0,8,4847,0,2333,3,180,0,0,8
1,238,6530,0,2,3383,0,1337,1,180,0,0,8
1,56,6845,0,7,3724,0,302,2,180,0,0,10
1,183,6414,0,1,3047,2,42,0,178,1,1,9
1,224,7053,0,24,5494,1,265,11,175,11,6,6
1,172,6776,0,6,5084,5,270,3,179,0,0,11
1,201,7032,0,19,4355,2,1374,6,176,3,3,7
1,225,6530,0,2,3061,16,1053,0,180,0,1,12
1,345,6776,0,6,5357,3,1802,3,180,0,0,10
1,302,6556,0,2,6241,1,3502,1,182,1,0,9
1,44,6845,0,10,4180,221,2508,5,180,0,24,14
1,153,6855,0,9,3531,0,170,6,179,0,0,9
1,24,6556,0,2,5154,0,459,1,180,0,0,9
1,309,6807,0,8,4701,1,180,2,182,1,0,9
1,135,6717,0,3,6089,1,1971,2,175,2,1,8
1,187,6414,0,1,3253,1,325,1,177,1,1,8
1,254,6975,0,19,2579,0,747,4,180,0,0,8
1,302,6855,0,8,4244,1,7199,5,181,0,0,9
1,17,6836,0,4,4314,1,1074,2,180,0,0,10
1,169,6440,0,2,4301,0,582,1,179,0,0,8
1,197,6440,0,6,5538,0,210,5,178,1,0,7
1,-1,6717,0,4,4740,3,2479,0,180,0,0,12
1,68,6855,0,7,4767,11,6687,4,179,1,4,10
1,135,6855,0,9,3688,0,127,6,175,2,0,7
1,313,6872,0,9,2832,0,362,7,183,1,0,7
1,233,6530,0,2,3809,3,285,0,180,0,0,11
1,262,6937,0,7,3508,107,200,3,181,0,27,13
1,91,6414,0,1,3778,15,1898,0,178,1,6,10
1,279,6845,0,11,4240,4,2598,5,181,0,1,10
1,78,6546,0,3,3880,11,1504,1,178,1,5,10
1,175,6556,0,2,4483,0,420,1,179,1,0,8
1,315,6530,0,3,3160,1,342,0,182,1,0,8
1,187,6836,0,3,5015,1,2416,1,179,0,0,10
1,182,7032,0,26,4890,1,380,13,168,5,3,6
1,270,7196,0,20,3865,3,150,7,182,1,2,9
1,55,6839,0,7,4498,1,345,3,180,0,0,9
1,164,6414,0,3,3629,0,2212,1,178,1,0,8
1,275,7023,0,17,4808,180,312,5,185,2,189,12
1,214,6839,0,7,4425,2,1514,5,179,1,1,9
1,-1,6440,0,1,5018,646,654,0,180,0,0,17
1,181,6414,0,1,3047,0,30,1,178,1,0,8
1,319,6414,0,1,4934,87,1059,0,180,0,1,14
1,138,6855,0,8,4607,1,5996,6,176,1,1,8
1,153,6937,0,8,4796,87,1973,5,179,0,5,14
1,157,6886,0,5,4928,0,1612,3,178,1,0,8
1,122,6811,0,7,5124,0,662,2,177,1,0,8
1,160,6573,0,4,4666,3,157,0,180,0,0,11
1,78,6845,0,11,4017,12,2930,5,179,0,2,11
1,205,6556,0,2,4230,0,2679,1,179,0,0,8
1,99,6941,0,18,4005,3,806,3,175,2,3,8
1,-1,6414,0,1,4428,9,720,0,180,0,0,13
1,228,6937,0,10,4762,14,1124,5,180,0,2,11
1,337,6975,0,13,3726,0,540,1,180,0,0,10
1,149,7053,0,21,5127,0,222,8,177,1,0,8
1,303,7053,0,20,5697,1,1074,3,182,1,0,8
1,294,6331,0,2,5057,0,542,1,181,0,0,8
1,208,6414,0,1,3778,46,1748,0,180,0,4,13
1,161,6331,0,2,4680,0,180,1,178,1,0,8
1,166,6414,0,1,3221,3,60,0,177,1,1,9
1,146,6414,0,2,4800,0,514,1,179,0,0,9
1,13,7032,0,20,3578,0,120,5,191,8,0,5
1,315,6221,0,2,4145,3,1429,1,180,0,0,12
1,29,6937,0,7,3508,1,150,3,183,3,2,7
1,211,7053,1,20,6109,1,252,7,177,3,2,7
1,12,7023,0,17,5701,3,1067,5,182,1,2,8
1,200,6414,0,2,4621,0,240,1,179,1,0,8
1,187,6414,0,1,4428,1,465,1,179,0,0,10
1,311,7053,0,19,4892,1,180,2,185,2,1,8
1,221,6414,0,1,3790,1,210,1,180,1,0,8
1,173,6530,0,2,3806,9,1167,0,179,0,1,11
1,303,7053,0,21,5700,0,72,3,184,2,0,7
1,60,6530,0,2,4331,0,1759,0,180,0,0,9
1,45,6530,0,2,4243,0,1086,1,180,0,0,9
1,82,7053,0,16,4906,2,72,2,175,2,3,8
1,351,6414,0,2,2067,0,150,1,181,0,0,8
1,351,6414,0,2,2067,0,150,1,181,0,0,8
1,177,6414,0,2,3286,0,120,1,177,1,0,7
1,60,6530,0,2,4331,0,1759,0,180,0,0,9
1,45,6530,0,2,4243,0,1086,1,180,0,0,9
1,-1,6994,0,9,3625,8,1056,2,180,0,0,13
1,150,6530,0,3,3997,0,72,0,180,0,0,9
1,114,6414,0,2,3096,0,417,2,177,1,0,8
1,202,6414,0,2,2938,0,1014,1,179,1,0,8
1,114,6414,0,2,3096,0,417,2,177,1,0,8
1,200,6836,0,5,4136,0,1141,2,179,1,0,7
1,208,6414,0,2,4477,0,630,1,180,0,0,9
1,185,6414,0,2,3253,1,440,2,178,1,1,8
1,-1,6530,0,2,3691,2,1589,1,180,0,0,11
1,84,7053,0,21,5093,1,410,8,176,2,1,8
1,144,6556,0,2,3482,0,1197,1,180,0,0,9
1,236,6530,0,3,3593,4,1430,1,180,0,0,11
1,331,6556,0,1,5019,0,627,0,182,1,0,8
1,218,6567,0,2,4288,1,1924,0,180,0,0,10
1,162,6530,0,3,4246,2,1891,0,178,1,1,9
1,108,6530,0,3,3184,0,145,0,179,0,0,9
1,171,6567,0,2,4206,3,2017,0,180,0,0,11
1,169,6414,0,2,3468,0,1259,2,179,0,0,9
1,140,6530,0,3,4019,0,90,0,178,1,0,8
1,292,6556,0,3,3988,0,2788,1,180,0,0,9
1,173,7053,0,21,4942,0,192,8,168,5,0,6
1,20,6556,0,2,4676,0,454,1,181,1,0,8
1,-1,6530,0,2,4414,2,150,0,180,0,0,11
1,226,6829,0,3,4183,9,1899,0,180,0,2,11
1,185,6414,0,2,3253,1,440,2,178,1,1,8
1,224,6556,0,3,4497,0,5086,2,180,0,0,9
1,206,6556,0,2,4483,0,420,1,179,1,0,8
1,272,6567,0,2,4368,0,240,0,180,0,0,10
1,291,6567,0,2,5020,0,372,1,180,0,0,9
1,167,6414,0,1,4702,0,30,0,180,0,0,10
1,49,6567,0,1,4196,5,360,0,180,0,1,10
1,350,6414,0,2,4507,0,1197,1,181,0,0,8
1,322,6414,0,1,4373,3,30,0,181,0,1,10
1,226,6829,0,3,4183,9,1899,0,180,0,2,11
1,357,6440,0,5,3925,0,837,4,180,0,0,9
1,186,6836,0,3,4782,0,205,1,179,0,0,9
1,360,6573,0,4,4490,21,255,0,180,0,3,12
1,7,6556,0,3,3954,0,295,2,180,0,0,8
1,71,6556,0,2,4938,5,2850,1,179,0,1,10
1,116,6836,0,2,3712,293,3922,1,179,0,26,15
1,186,6836,0,3,4782,0,205,1,179,0,0,9
1,272,6567,0,2,4368,0,240,0,180,0,0,10
1,159,6567,0,1,3987,7,450,0,180,0,0,12
1,-1,6546,0,2,4372,9,917,0,180,0,0,13
1,244,6546,0,2,4468,3,1017,0,180,0,0,10
1,181,6440,0,3,4210,10,362,1,179,1,3,10
1,311,6836,0,2,3202,0,3617,1,182,1,0,8
1,224,6546,0,2,4443,1,187,0,180,0,0,9
1,15,6836,0,4,4481,0,4032,2,181,1,0,7
1,23,6556,0,1,4670,0,162,0,180,0,0,8
1,196,6414,0,2,3778,0,1670,1,177,2,0,7
1,314,6546,0,3,4372,1,115,1,182,1,0,9
1,139,6546,0,3,3144,5,1296,2,179,0,1,10
1,138,6440,0,1,5584,0,162,0,176,1,0,7
1,194,6440,0,4,4789,2,127,2,177,2,2,8
1,311,6836,0,2,3202,0,3617,1,182,1,0,8
1,336,6546,0,3,3505,2,1086,1,181,0,0,9
1,263,6546,0,2,3910,1,212,0,180,0,0,10
1,89,6836,0,3,4306,0,615,1,178,1,0,7
1,261,6556,0,3,2599,13,5818,2,181,1,6,10
1,79,6836,0,2,5593,3,30,0,178,1,2,9
1,120,6440,0,4,5098,0,454,2,177,1,0,7
1,288,6440,0,5,4927,0,459,3,183,1,0,7
1,10,6546,0,3,5190,1,465,1,182,1,1,8
1,225,6440,0,1,4562,9,675,0,180,0,0,12
1,138,6440,0,1,5584,0,162,0,176,1,0,7
1,97,6530,0,3,3462,2,6013,2,178,1,1,9
1,254,6546,0,3,3818,0,1141,1,181,0,0,8
1,244,6546,0,2,4468,3,1017,0,180,0,0,10
1,301,6717,0,5,3978,0,2370,3,180,0,0,9
1,360,6573,0,4,4490,21,255,0,180,0,3,12
1,29,6836,0,3,4683,2,4339,2,181,1,1,9
1,316,6414,0,2,4541,0,1286,1,181,0,0,9
1,150,6836,0,3,4489,6,367,1,179,0,1,11
1,43,6556,0,3,4219,0,4682,2,180,0,0,10
1,13,6414,0,1,4049,1,2083,0,181,1,0,8
1,331,6836,0,3,4489,0,525,1,180,0,0,9
1,139,6546,0,3,3144,5,1296,2,179,0,1,10
1,36,6556,0,3,3878,49,6745,2,180,0,8,12
1,290,6530,0,2,2984,1,1155,1,180,0,0,11
1,300,6440,0,6,4562,0,772,4,188,3,0,6
1,336,6829,0,4,3236,0,1276,1,180,0,0,9
1,156,6440,0,4,3462,0,1671,2,178,1,0,8
1,182,6414,0,1,4901,5,2385,0,178,1,2,10
1,10,6546,0,3,5190,1,465,1,182,1,1,8
1,261,6546,0,4,3615,0,1275,1,181,0,0,8
1,167,6836,0,3,5479,11,1209,1,179,0,1,12
1,40,6414,0,2,4640,0,1045,1,180,1,0,8
1,173,6829,0,3,4020,87,769,1,180,0,2,14
1,159,6829,0,3,4696,0,1229,1,180,0,0,9
1,170,6414,0,2,5175,0,2947,1,179,0,0,9
1,199,6836,0,5,4035,0,247,3,179,1,0,8
1,43,6556,0,2,4072,0,1845,1,180,0,0,8
1,36,6546,0,5,3394,1,1499,2,181,2,1,7
1,68,6717,0,3,3826,1,2774,1,179,1,0,8
1,69,6836,0,5,4908,0,804,3,180,0,0,9
1,-1,6530,0,3,3878,20,1566,0,180,0,0,13
1,346,6836,0,3,4391,64,699,1,180,0,5,13
1,282,6717,0,3,4260,0,2256,1,182,1,0,8
1,271,6836,0,4,4319,1,1686,1,181,0,0,9
1,73,6717,0,3,4512,1,4947,1,178,1,1,8
1,232,6299,0,3,4155,59,1052,1,180,1,22,12
1,313,6717,0,4,4806,0,4992,3,181,0,0,8
1,36,6546,0,5,3394,1,1499,2,181,2,1,7
1,-1,6836,0,4,4314,4,869,1,180,0,0,12
1,64,6829,0,4,4256,1,230,1,180,0,0,9
1,353,6836,0,3,3659,0,297,1,183,1,0,7
1,124,6717,0,3,5218,0,5759,2,177,1,0,8
1,225,6717,0,4,4740,4,2689,0,180,0,0,11
1,0,6717,0,4,4790,24,2763,0,180,0,0,13
1,241,6836,0,3,4623,1,544,1,181,1,1,8
1,17,6836,0,4,3648,3,1569,0,181,1,1,9
1,123,6836,0,3,3389,2,4052,1,178,1,1,9
1,242,6546,0,4,2441,1,1527,0,180,0,0,9
1,216,6717,0,3,3969,525,5798,2,180,0,18,16
1,228,6836,0,5,4104,0,1604,2,180,1,0,8
1,353,6836,0,3,3659,0,297,1,183,1,0,7
1,197,6299,0,4,3990,0,1583,2,179,0,0,8
1,43,6556,0,2,4072,0,1845,1,180,0,0,8
1,65,6717,0,4,4231,2,3305,0,180,0,0,10
1,-1,6836,0,4,4503,9,2022,0,180,0,0,13
1,281,6770,1,6,3810,0,420,2,181,1,0,8
1,127,6299,0,4,4369,10,1351,2,179,0,1,12
1,228,6829,0,5,3612,0,747,2,180,0,0,9
1,197,6299,0,4,3990,0,1583,2,179,0,0,8
1,51,6530,0,2,3124,0,1621,0,179,1,0,7
1,343,6687,0,6,4632,0,532,2,183,1,0,7
1,54,6836,0,3,4469,0,654,1,179,1,0,8
1,96,6829,0,3,4103,10,127,1,179,0,2,11
1,339,6546,0,4,5077,0,637,0,181,1,0,8
1,178,6546,0,6,5259,1,977,3,179,0,0,9
1,96,6829,0,3,4103,10,127,1,179,0,2,11
1,191,6836,0,5,5057,0,2260,3,179,0,0,8
1,271,6530,0,4,3148,0,30,2,181,1,0,8
1,22,6530,0,2,4311,7,302,0,180,0,0,12
1,45,6717,0,4,4022,119,3303,0,180,0,5,14
1,45,6717,0,4,5713,1,3092,1,180,0,0,9
1,3,6717,0,5,4637,0,2339,2,180,0,0,8
1,51,6530,0,2,3124,0,1621,0,179,1,0,7
1,323,6770,0,4,4414,0,2531,1,182,1,0,8
1,188,6886,0,5,3940,6,999,1,179,0,1,11
1,191,6836,0,5,5057,0,2260,3,179,0,0,8
1,80,6836,0,4,3870,0,2790,2,179,0,0,8
1,152,6836,0,3,6244,4,2403,1,179,0,1,10
1,314,6717,0,4,5441,0,2108,1,181,1,0,8
1,62,6717,0,4,3523,0,2578,1,179,0,0,8
1,96,6546,0,5,4226,10,677,1,179,0,2,11
1,-1,6530,0,2,2874,26,320,0,180,0,0,14
1,138,6530,0,3,3536,0,752,0,180,0,0,10
1,125,6717,0,5,4447,0,2023,2,178,1,0,8
1,282,6530,0,3,3223,21,1331,1,181,0,5,11
1,259,6717,0,3,3062,84,1111,0,181,1,26,12
1,61,6770,0,4,4500,1,1011,1,179,1,0,9
1,69,6530,0,3,3377,7,709,2,180,0,0,11
1,331,6770,0,3,5070,75,1623,0,181,0,11,13
1,62,6717,0,4,3523,0,2578,1,179,0,0,8
1,119,6886,0,4,4587,49301,0,0,179,0,8058,19
1,343,6829,0,5,4306,0,692,2,181,0,0,8
1,10,6717,0,4,4559,0,3692,2,181,1,0,8
1,158,6829,0,5,5778,3,1526,3,180,0,0,11
1,346,6770,0,5,4889,0,2718,2,184,2,0,7
1,43,6836,0,6,5563,0,1943,3,180,0,0,10
1,-1,6687,0,6,4143,7,432,1,180,0,0,12
1,20,6886,0,5,4448,0,1512,3,180,0,0,9
1,-1,6530,0,2,2746,1,477,0,180,0,0,11
1,29,6770,0,4,4355,0,1679,1,180,0,0,9
1,138,6530,0,3,3536,0,752,0,180,0,0,10
1,-1,6530,0,2,2874,26,320,0,180,0,0,14
1,346,6770,0,5,4889,0,2718,2,184,2,0,7
1,43,6836,0,6,5563,0,1943,3,180,0,0,10
1,182,6770,0,5,4478,0,4053,1,178,1,0,8
1,65,6836,0,4,5287,17,1688,2,179,1,5,11
1,5,6886,0,6,3984,1,3171,3,187,4,2,7
1,182,6770,0,5,4478,0,4053,1,178,1,0,8
1,347,6770,0,5,5339,0,3387,2,181,0,0,8
1,64,6770,0,5,4216,0,3152,1,180,0,0,10
1,282,6530,0,3,3223,21,1331,1,181,0,5,11
1,295,6776,0,5,3342,0,1119,2,180,0,0,9
1,345,6776,0,6,5357,3,1802,3,180,0,0,10
1,311,6530,0,2,2494,3,991,0,180,0,0,11
1,69,6530,0,3,3377,7,709,2,180,0,0,11
1,347,6770,0,5,5339,0,3387,2,181,0,0,8
1,357,6770,0,5,2744,1,5966,1,180,0,0,9
1,314,6770,0,3,3239,3,4261,0,186,2,3,8
1,17,6886,0,6,4503,0,2057,3,183,2,0,7
1,55,6717,0,4,4495,0,3045,2,180,0,0,8
1,219,6776,0,6,4971,1,2004,4,180,0,0,10
1,36,6886,-1,5,3820,9,3729,3,181,3,14,9
1,135,6776,0,5,3525,0,6212,2,178,1,0,8
1,70,6811,0,6,4378,0,1966,1,179,0,0,8
1,-1,6886,0,6,3964,10,362,4,180,0,0,13
1,254,6811,0,6,3450,8,5540,4,180,0,1,11
1,281,6776,0,5,5260,0,5690,3,180,0,0,10
1,281,6776,0,5,5260,0,5690,3,180,0,0,10
1,2,6776,0,6,4933,1,6001,3,181,1,0,8
1,60,6839,0,6,3343,0,6247,3,179,1,0,8
1,266,6811,0,6,4590,3,2383,3,181,0,1,10
1,192,6839,0,6,4272,0,889,3,178,1,0,7
1,211,6811,0,7,4258,0,6069,3,180,0,0,9
1,169,6776,0,4,4567,0,2796,1,180,0,0,9
1,282,6776,0,5,4359,0,247,3,181,0,0,8
1,66,6811,0,8,3892,0,1941,4,179,1,0,8
1,122,6811,0,7,5124,0,662,2,177,1,0,8
1,112,6811,0,5,4555,5,3857,3,178,1,2,10
1,63,6839,0,5,4845,0,1074,3,180,0,0,9
1,149,6924,0,7,3364,1,1369,5,175,1,1,8
1,302,6811,0,8,4627,0,822,4,181,0,0,9
1,55,6839,0,7,4498,1,345,3,180,0,0,9
1,112,6839,0,6,4447,0,1094,4,178,1,0,8
1,68,6811,0,7,4329,0,4863,4,180,0,0,9
1,38,6811,0,8,3469,0,4079,5,180,0,0,9
1,249,6839,0,4,3596,4,325,2,183,2,5,8
1,58,6839,0,7,5390,1,482,4,179,1,0,8
1,13,6924,0,9,5346,0,90,6,185,3,0,6
1,242,6845,0,8,3808,0,230,3,180,0,0,8
1,13,6924,0,9,5346,0,90,6,185,3,0,6
1,241,6884,0,9,3254,26,754,7,180,0,2,12
1,357,6839,0,8,4316,3,2532,5,181,1,1,9
1,251,6811,0,8,3933,0,1413,3,180,0,0,9
1,195,6845,0,8,3396,0,2588,3,179,0,0,8
1,56,6845,0,7,3724,0,302,2,180,0,0,10
1,7,6924,0,7,4037,12,2574,5,182,1,8,10
1,230,6855,0,8,4655,0,2343,5,180,1,0,8
1,225,6845,0,7,3920,1,5251,5,180,1,1,8
1,177,6845,0,7,3314,1,5688,4,173,3,1,7
1,191,6884,0,8,3775,1,517,2,179,1,0,8
1,320,6884,0,10,4146,0,567,5,181,0,0,9
1,193,6839,0,8,4109,0,2109,5,180,0,0,9
1,222,6884,0,8,4115,13,1026,2,180,1,9,10
1,352,6845,0,7,2830,0,1554,2,180,0,0,10
1,282,6937,0,10,3781,1,5112,4,180,0,0,10
1,135,6855,0,9,3688,0,127,6,175,2,0,7
1,14,6845,0,9,3977,4,1880,2,181,1,1,9
1,330,6872,0,9,2613,1,472,7,183,1,1,8
1,155,6855,0,9,4288,1,475,6,173,2,1,7
1,171,6855,0,9,4679,2,1174,7,176,2,2,8
1,290,6855,0,8,4624,0,939,5,181,0,0,8
1,346,6855,1,9,1783,0,180,6,195,6,0,6
1,161,6872,0,10,4352,7,1069,7,180,0,0,12
1,176,6855,0,9,4958,1,2079,7,174,2,1,7
1,17,6855,0,8,4337,0,9155,6,180,0,0,8
1,258,6855,0,10,4707,8,6569,7,180,0,2,10
1,42,6855,0,10,4615,0,277,7,180,0,0,8
1,283,7053,0,33,5494,2,200,20,213,15,16,6
1,115,6855,0,10,4489,0,7904,7,179,0,0,9
1,325,6855,0,8,4244,0,6954,5,181,0,0,8
1,20,6937,0,8,3772,0,320,4,180,0,0,9
1,28,6937,0,8,4431,0,1853,5,180,0,0,10
1,329,6872,0,11,1467,0,127,8,187,2,0,7
1,93,6872,0,9,3772,1,1062,6,179,0,0,9
1,96,6872,0,10,1977,1,235,6,178,1,0,8
1,329,6872,0,12,1550,0,115,9,183,1,0,7
1,34,6994,0,10,3834,0,3159,7,180,0,0,9
1,20,6937,0,8,3772,0,320,4,180,0,0,9
1,123,6937,0,8,4706,0,1791,5,178,0,0,8
1,78,6937,0,10,4310,0,2860,5,180,0,0,9
1,279,6937,0,9,3950,4,2025,3,181,0,1,10
1,49,6994,0,11,2558,5,4302,9,180,0,1,10
1,105,6937,0,9,4590,0,527,4,179,0,0,9
1,20,6937,0,8,3772,0,320,4,180,0,0,9
1,333,6994,0,11,2083,1,397,7,192,4,2,7
1,101,6994,0,12,3666,1,535,8,178,1,0,9
1,3,6959,0,12,4589,5,1704,8,181,0,1,10
1,277,6994,0,13,3285,0,375,9,186,2,0,7
1,175,6959,0,11,1828,0,325,6,178,1,0,8
1,28,6959,0,12,3652,4,1239,8,183,4,8,8
1,66,6959,0,16,3386,0,497,12,178,2,0,7
1,104,6959,0,13,3766,3,1007,6,177,1,1,9
1,191,6959,0,12,3386,0,382,7,180,0,0,10
1,133,6872,0,9,4139,1,1040,7,174,2,1,7
1,329,6959,0,10,1624,0,210,5,197,6,0,6
1,29,6937,0,10,3453,0,1392,5,180,0,0,9
1,325,6872,0,11,4625,0,2012,6,181,0,0,8
1,294,6845,0,13,4466,2,942,4,182,1,1,9
1,13,6845,0,10,3521,4,2670,6,180,0,1,10
1,166,6959,0,13,3015,2,240,7,178,1,1,9
1,148,6872,0,10,3803,0,817,7,176,1,0,7
1,344,6994,0,10,3591,5,4175,8,181,0,1,10
1,91,6994,0,12,3986,3,410,8,178,1,2,9
1,190,6845,0,11,4017,4,5404,8,179,0,0,10
1,49,6845,0,11,3696,4,2561,2,180,0,0,11
1,20,6959,0,15,2763,5,432,8,181,1,2,10
1,332,6994,0,12,4126,4,5099,10,181,1,1,10
1,205,6845,0,11,4193,0,2038,1,180,0,0,9
1,334,6845,0,13,4787,2,242,0,181,1,1,9
1,180,6952,0,14,3812,2,539,4,179,0,0,10
1,148,6952,0,14,3587,0,620,4,179,0,0,9
1,185,6950,0,11,3911,3,210,1,178,1,1,9
1,113,6950,1,15,2370,0,659,6,179,0,0,8
1,102,6975,0,15,3844,13,30,0,179,0,3,11
1,114,6941,0,20,3773,4,602,5,176,1,3,9
1,-1,6872,0,15,4895,2773,30,0,180,0,0,18
1,229,7032,0,19,4398,3,385,6,180,1,1,9
1,102,6975,0,15,3844,13,30,0,179,0,3,11
1,10,7010,-2,16,3775,111,454,7,198,12,718,10
1,349,6872,0,19,4484,0,170,2,182,1,0,8
1,42,7053,0,12,3891,3,30,0,180,1,1,9
1,204,7029,0,36,4816,9,382,23,165,10,50,7
1,127,7053,0,19,4046,1,337,7,174,2,1,7
1,133,7029,0,18,5061,1,212,5,172,2,1,7
1,127,7053,0,19,5697,1,170,7,172,2,1,7
1,135,7196,0,20,5073,3,1019,7,178,0,1,9
1,286,7053,0,20,4942,1,252,7,185,2,1,7
1,212,7029,0,26,5620,507,562,12,177,4,1017,12
1,252,7023,0,20,6470,2,527,7,182,1,1,8
1,137,7023,0,19,6241,8,235,3,177,1,4,10
1,207,7023,0,20,4775,0,420,4,179,1,0,8
0,306,6886,-1,98,4526,1,907,91,220,15,8,5
0,212,5662,0,766,6925,6,339,154,157,19,62,6
0,175,6792,-2,921,4166,1,3556,756,138,15,8,5
0,346,6411,1,164,6772,0,3300,127,219,18,0,5
0,335,6290,1,137,6327,0,690,99,218,15,0,5
0,50,6342,0,7,3591,0,2516,6,180,1,0,8
0,297,6833,0,805,8432,0,8354,785,235,25,0,4
0,134,6612,0,964,7979,2,2975,577,115,18,20,6
0,117,5835,-3,1466,7529,9,7316,1103,63,32,167,6
0,235,6402,1,402,6460,2,4437,247,180,20,22,5
0,184,6528,1,1092,3414,0,5306,612,133,18,0,4
0,178,6907,0,219,7803,2,2808,199,152,11,12,6
0,314,6785,3,657,8001,0,4774,637,229,19,0,4
0,307,6813,0,63,5943,2,1379,44,220,15,16,6
0,31,7069,-4,898,2647,32,2023,299,181,25,456,8
0,288,6924,0,100,5313,5,4623,98,213,14,37,7
0,158,7000,0,890,8515,0,1651,234,109,21,0,4
0,181,5748,-1,1788,7170,1,4793,990,112,24,14,5
0,237,6645,1,182,8408,0,1878,141,181,3,0,6
0,312,6884,0,26,3995,0,989,20,188,3,0,6
0,265,7163,1,983,9683,0,3944,605,198,10,0,5
0,288,6748,1,716,5646,0,705,327,221,18,0,4
0,62,6675,0,159,7127,86,3986,124,179,1,58,12
0,124,6845,0,36,4289,0,579,31,178,1,0,8
0,56,5429,0,1044,7453,2,765,185,156,21,23,5
0,89,5539,0,662,7965,4,2121,367,92,30,70,6
0,360,5708,-1,1100,7579,11,1302,472,216,24,150,7
0,212,6700,0,915,7838,3,4919,535,155,20,33,6
0,79,6599,-3,547,7103,3,3494,354,50,47,95,5
0,284,6924,1,105,5473,0,1784,97,219,18,0,5
0,191,6682,1,326,6863,0,6874,273,176,2,0,7
0,39,5589,0,936,8916,172,1405,364,171,24,2347,9
0,87,6906,1,504,7842,0,4865,490,177,1,0,7
0,144,6675,-2,370,7178,6,2412,330,71,29,100,6
0,127,6924,0,88,4460,10,4231,85,89,25,138,7
0,204,6807,0,23,2945,0,1880,17,177,2,0,7
0,11,6954,-1,456,7137,346,3713,437,192,8,1450,11
0,60,6785,2,729,7988,0,6681,689,158,17,0,5
0,108,7083,-1,1058,8256,10,5437,859,106,22,122,7
0,168,6621,0,1066,8008,15,3026,592,104,24,197,7
0,55,6341,0,825,8090,1,6209,746,146,27,15,5
0,357,6079,1,647,8048,1,1782,254,217,22,12,5
0,11,6891,0,323,7285,0,6896,283,189,6,0,6
0,17,5852,-2,781,6913,50,1654,392,193,12,316,9
0,150,6994,1,34,4544,0,3785,24,156,7,0,5
0,326,6886,1,47,5465,0,1082,41,199,7,0,6
0,358,6645,3,202,7644,0,1342,161,216,23,0,4
0,37,6904,0,593,8439,1,10463,433,175,23,13,5
0,50,6675,2,541,7600,0,5655,501,165,19,0,4
0,61,6411,1,158,6965,0,2798,120,170,9,0,5
0,122,6807,3,285,7417,0,2220,279,112,19,0,4
0,198,6884,1,22,3645,0,1122,16,170,6,0,6
0,25,5797,2,1291,7382,0,5466,928,188,11,0,5
0,241,5649,-1,772,7378,2,1222,319,184,25,27,5
0,273,6675,0,222,6802,3,1744,184,196,8,12,7
0,187,6892,0,756,7701,16,4137,693,153,12,102,8
0,7,5525,0,1253,8533,59,1802,619,208,21,683,8
0,97,6785,1,661,7945,0,6104,616,171,3,0,6
0,221,6521,1,555,8037,0,5757,476,158,25,0,4
0,123,7101,-1,555,7422,5,4606,534,94,24,66,6
0,129,6830,-1,690,6848,1,3759,681,92,24,13,5
0,108,6678,0,25,2899,0,3953,19,174,2,0,7
0,31,6411,0,218,5583,0,4309,180,185,10,0,5
0,169,6008,-3,384,7508,7,3092,286,126,18,67,7
0,211,6904,1,557,8263,2,3642,239,125,34,41,5
0,81,7355,2,1174,8605,0,4823,556,129,21,0,4
0,117,7150,0,1088,8053,1,2186,591,121,17,9,5
0,84,5599,0,473,7815,5,764,203,130,20,55,6
0,327,6811,0,44,3412,0,9206,41,203,8,0,5
0,230,5743,0,850,7285,3,1802,423,174,20,32,6
0,98,6682,0,31,5093,0,2408,25,158,8,0,5
0,22,6807,2,136,4890,0,2537,130,193,21,0,4
0,78,5942,1,215,6005,0,2155,150,141,18,0,5
0,100,6786,-2,614,8791,1,1518,483,36,42,27,4
0,261,6807,1,50,5357,0,405,44,186,4,0,6
0,319,6625,0,180,6995,2,1260,128,217,14,14,6
0,120,6946,2,769,8528,0,3619,411,90,25,0,4
0,284,5781,0,880,7625,4,5357,768,232,28,65,6
0,19,6682,0,199,6281,0,2490,182,184,4,0,6
0,136,6682,0,199,5325,5,3858,190,170,3,8,8
0,252,6938,-4,1143,7982,3,5548,509,184,46,93,5
0,186,7134,1,734,6837,1,5324,156,122,23,13,5
0,36,6411,1,383,6447,0,3964,344,182,12,0,5
0,193,6824,1,732,8213,37,10339,726,120,26,534,8
0,62,6127,0,395,7599,0,3124,342,153,19,0,4
0,203,6375,1,138,8009,0,1187,99,163,12,0,5
0,310,5793,0,517,7887,2,4836,418,238,24,27,5
0,309,6411,2,280,7150,0,3676,242,230,20,0,4
0,239,6944,0,615,7933,14,3411,599,185,13,99,8
0,349,6503,0,1152,498,3,7274,558,210,13,22,6
0,106,6797,1,481,8360,0,4928,421,77,30,0,4
0,145,5835,1,1286,6361,1,6207,891,60,32,18,5
0,169,6896,1,351,5667,0,3310,331,141,13,0,5
0,296,6830,0,51,4288,0,699,44,208,10,0,5
0,67,5671,0,691,8215,0,1871,354,158,14,0,5
0,258,6855,1,954,7947,5,1590,357,205,33,97,6
0,205,6052,-2,910,6370,4,3460,714,133,27,60,6
0,270,6924,2,75,5857,0,2293,72,206,15,0,5
0,335,6625,1,310,6451,5,1815,262,220,16,44,6
0,353,6924,0,25,4761,0,1899,22,190,4,0,6
0,128,6671,1,193,6646,0,810,172,111,19,0,4
0,311,7134,-4,609,6891,722,489,9,234,22,8787,11
0,353,6832,0,832,7393,47,2574,668,216,19,483,8
0,207,6514,2,829,8408,0,2122,689,120,33,0,4
0,90,6370,0,994,8089,0,1752,549,136,17,0,5
0,215,5961,3,672,7261,0,722,231,152,23,0,4
0,283,6228,2,436,8158,1,7146,398,233,32,19,5
0,225,5854,1,1347,7421,1,4616,790,161,27,15,5
0,292,6044,-3,1359,7377,5,8150,1164,243,49,172,5
0,58,6355,2,611,8029,1,1530,495,130,32,19,5
0,129,5429,1,1654,8288,0,3890,758,127,15,0,5
0,116,6682,0,56,6306,1,2625,50,135,14,7,6
0,292,6376,0,286,4975,3,1768,131,202,9,13,7
0,231,6695,1,569,5945,1,120,57,159,35,21,4
0,150,5891,-1,261,6334,0,2380,148,137,13,0,5
0,254,6921,-1,916,8136,2,2674,429,200,23,26,5
0,161,6331,0,2,4680,0,180,1,178,1,0,8
0,314,6440,1,10,3866,0,956,9,185,2,0,7
0,115,6302,-1,762,7278,7,5478,369,139,13,47,7
0,274,6508,0,705,8356,3,1027,269,207,14,23,6
0,263,6921,0,672,8406,1,735,214,212,30,18,5
0,27,6362,0,559,7904,12,7114,367,180,0,3,11
0,7,6532,-2,693,7967,3,1707,517,203,48,99,5
0,237,5741,1,1150,6937,0,2430,173,184,10,0,5
0,36,6434,-2,794,7806,3,1170,333,179,20,33,6
0,200,6663,0,167,6617,0,4685,147,156,14,0,5
0,45,6833,0,337,7188,0,2747,317,176,12,0,5
0,65,5744,-1,1437,6687,2,5631,880,112,35,42,5
0,192,7052,3,592,8267,0,3266,293,93,35,0,4
0,4,6959,0,58,6975,1,1356,52,205,16,9,5
0,326,6869,1,136,6227,1,1762,116,229,20,11,5
0,23,6682,1,312,7599,0,6959,281,192,17,0,5
0,221,6897,2,731,9059,1,3956,699,146,32,19,5
0,19,6824,-1,721,7664,4,7282,681,191,11,23,7
0,201,6906,1,619,8228,0,6458,605,157,14,0,5
0,360,6872,0,176,7525,0,814,157,211,18,0,4
0,68,6238,0,1205,7614,0,3686,552,173,5,0,6
0,264,5155,0,2114,410,4,4124,1006,212,31,73,6
0,5,6789,0,57,5209,9,784,28,201,12,60,7
0,47,5691,-1,399,8320,2,4866,319,150,32,37,5
0,133,7043,1,852,8607,0,4511,473,139,12,0,5
0,141,6228,-1,486,8656,1,6306,447,110,19,11,5
0,18,6391,1,419,7350,0,2866,380,198,22,0,4
0,255,5350,1,1434,7664,0,1264,440,200,27,0,4
0,307,6824,-1,601,8429,1,6461,593,238,25,14,5
0,253,5312,0,2081,9193,29,4583,602,197,33,562,7
0,113,6863,3,821,7401,0,4589,800,73,30,0,4
0,297,6935,-1,486,7161,2,2879,149,242,31,36,5
0,310,6651,0,294,7591,6,8574,257,243,28,97,6
0,201,6411,0,160,6577,0,1427,122,167,8,0,5
0,41,6924,1,18,4438,0,1102,15,180,7,0,5
0,155,6728,0,467,7918,5,4394,310,110,20,55,6
0,311,6595,2,809,5468,0,1575,435,228,19,0,4
0,46,6375,2,147,6804,0,1017,108,171,18,0,5
0,98,6651,-1,126,6623,1,4989,86,126,18,10,5
0,235,6807,0,34,5756,0,4932,28,181,2,0,7
0,294,6663,0,116,3179,20,3831,101,184,2,17,10
0,121,6807,0,46,4490,0,1144,40,137,13,0,5
0,88,6785,3,417,7183,1,5294,372,73,36,22,4
0,183,6112,0,643,8110,3,5069,546,160,8,13,7
0,112,6897,1,704,4135,0,4964,647,150,9,0,5
0,63,6253,0,799,6538,0,3065,708,141,24,0,4
0,192,5247,0,1758,572,12,1570,650,105,30,211,6
0,184,6013,4,1215,7258,0,3210,1001,54,42,0,4
0,340,6804,0,619,8300,12,4551,600,205,10,62,8
0,133,5614,0,1692,7225,7,4508,1065,66,30,120,6
0,103,6994,1,45,4441,0,4449,36,150,10,0,5
0,200,6621,-1,676,8246,5,680,300,144,20,54,6
0,244,6675,3,609,6677,0,3295,574,185,31,0,4
0,209,6675,-1,387,6956,3,2072,347,130,30,53,5
0,223,6376,1,308,6879,0,750,152,179,3,0,6
0,205,6829,1,46,6444,0,1134,44,170,8,0,5
0,224,6181,-1,475,8082,2,5755,282,164,24,26,5
0,316,6829,0,20,6444,0,1593,18,203,8,0,5
0,51,6943,0,102,7018,1,942,93,175,8,4,6
0,351,6924,0,23,4861,0,1811,20,190,4,0,6
0,282,6224,0,1076,8099,6,4793,563,229,28,95,6
0,66,6880,-1,682,8515,2,4029,245,103,38,47,5
0,313,7107,0,478,7545,2,5400,459,231,20,22,5
0,254,6822,1,866,7709,0,4671,486,190,8,0,5
0,298,7157,0,822,8046,3,5026,503,229,20,34,6
0,134,6807,0,25,5769,0,752,19,168,4,0,6
0,196,7038,1,1264,7270,0,3588,685,157,12,0,5
0,57,6824,1,810,7445,0,7199,769,158,19,0,4
0,289,5689,0,1540,7526,27,5032,922,228,22,329,8
0,321,5767,-5,822,1428,15,6432,724,254,45,447,6
0,323,6622,0,961,8068,0,4977,720,189,3,0,6
0,321,6663,-1,151,5403,3,2910,116,232,21,35,6
0,227,6728,1,654,8242,1,2745,497,171,20,11,5
0,256,6809,0,21,5431,0,1672,18,183,2,0,7
0,15,6228,2,289,7084,0,6434,250,200,21,0,4
0,23,6880,0,655,6666,0,2496,597,188,9,0,5
0,245,6228,1,438,9074,3,9043,400,190,22,37,6
0,276,6687,0,46,4833,0,1022,41,191,5,0,6
0,268,6566,0,320,7988,3,1422,221,187,4,6,7
0,257,6597,0,1211,7671,20,1574,181,200,17,188,8
0,165,6690,0,304,7225,5,3064,259,87,27,78,6
0,223,6564,2,174,6366,0,3432,120,172,15,0,5
0,240,7013,1,513,8644,0,1893,230,185,20,0,4
0,325,5768,-3,933,7570,6,5036,829,252,43,171,5
0,19,7087,-1,991,8153,1,6297,369,196,27,15,5
0,248,6886,0,105,5412,0,595,98,183,3,0,6
0,316,5429,1,1663,7865,0,4845,1029,202,8,0,5
0,233,7165,0,840,8156,2,1256,528,159,37,45,5
0,155,6375,0,125,6281,0,489,86,169,4,0,6
0,174,5741,0,1222,7437,3,3231,770,77,32,57,5
0,282,6705,0,794,7444,4,3334,415,208,12,26,7
0,298,6813,0,145,6169,0,3316,126,206,10,0,5
0,319,5618,0,1021,7362,1,1349,216,235,22,12,5
0,165,6651,0,212,7799,15,907,160,109,22,179,7
0,16,6050,1,383,7385,0,8465,326,198,18,0,4
0,48,5910,1,1110,6094,4,4983,818,160,24,53,6
0,15,6784,0,441,7009,0,3680,426,194,12,0,5
0,41,7045,0,527,7155,1,7080,487,177,15,8,5
0,346,6099,-1,1647,8235,7,6148,1472,232,29,115,6
0,199,6671,1,119,6949,0,1211,83,166,9,0,5
0,31,6626,1,406,7046,1,3127,368,183,21,12,5
0,307,6370,3,1176,6726,0,2703,657,236,24,0,4
0,360,6625,1,399,7977,0,2175,348,201,11,0,5
0,160,7158,1,1247,8334,0,2756,873,115,19,0,4
0,258,6886,0,71,5333,1,882,65,199,15,8,5
0,296,6924,1,44,4878,0,467,36,217,15,0,5
0,141,5894,0,724,7754,0,1179,266,93,24,0,4
0,81,7058,0,386,7914,1,1278,367,164,8,4,6
0,258,6959,0,58,6238,2,992,52,184,2,3,8
0,40,6833,1,611,8065,0,6920,591,176,19,0,4
0,237,6708,0,1276,8505,3,3290,580,179,24,40,6
0,312,6829,1,20,5230,0,902,18,190,3,0,6
0,208,6375,0,219,7365,0,1349,181,175,5,0,6
0,19,7196,0,161,7361,2,2634,141,188,7,7,7
0,146,7194,2,1065,8157,0,1581,588,93,24,0,4
0,320,6375,0,181,6979,2,2183,143,215,13,13,6
0,296,6924,0,44,4142,0,512,41,213,13,0,5
0,70,6834,0,1029,1953,99,5417,796,162,11,582,10
0,54,6845,1,23,4504,0,467,18,174,8,0,5
0,17,5540,1,1512,8580,0,5855,1029,198,30,0,4
0,70,6675,1,174,6849,0,5070,159,158,13,0,5
0,296,6789,0,44,5026,7,555,15,205,9,35,7
0,262,6503,-1,855,8116,24,5255,338,199,13,160,8
0,335,6857,0,704,8155,2,3040,325,214,13,14,6
0,167,6880,0,700,8398,2,3212,263,161,7,7,7
0,357,5667,0,1777,7230,29,7816,987,222,30,500,7
0,20,6824,1,846,6876,0,6223,812,196,25,0,4
0,311,6847,-1,628,7241,92,2619,395,226,18,890,9
0,135,6906,2,333,7488,3,4834,318,66,30,52,5
0,17,6848,1,927,4464,5,2046,311,194,37,114,5
0,202,5527,0,1178,9388,26,3958,765,148,19,265,8
0,305,7196,0,177,7057,1,1632,164,241,27,16,5
0,66,6886,0,102,5328,0,620,96,171,7,0,6
0,108,6319,0,564,9564,1,2225,513,138,13,7,6
0,211,6831,1,1470,1069,0,4374,1075,126,34,0,4
0,8,6554,-1,569,7543,3,2485,350,208,22,37,6
0,65,5888,-3,727,8498,3,2068,343,97,40,76,5
0,114,7075,-2,736,8978,2,5499,540,87,26,29,5
1,67,6717,0,4,4807,0,2395,2,179,1,0,7
1,171,6414,0,2,2771,0,235,1,179,0,0,9
1,41,6836,0,4,3973,2,1863,0,180,0,0,9
1,246,6829,0,4,2717,2,1181,2,180,0,0,11
1,231,6229,0,5,4606,2,115,0,180,1,1,9
1,346,6855,1,9,1783,0,180,6,195,6,0,6
1,209,6573,0,6,4175,2,836,2,180,0,0,9
1,101,6839,0,8,4441,0,786,5,177,1,0,7
1,-1,6573,0,4,4435,9,180,0,180,0,0,13
1,324,6770,0,4,4202,1,969,0,182,1,0,9
1,115,6770,0,5,3827,5,5727,1,179,0,1,11
1,135,6567,0,1,2799,36,30,0,180,0,0,14
1,242,7032,0,20,5244,0,1189,7,180,0,0,8
1,133,6546,0,3,3735,4,991,1,178,1,1,9
1,175,6573,0,3,3968,4,2670,1,178,1,2,9
1,135,6567,0,1,2799,36,30,0,180,0,0,14
1,-1,6556,0,3,4088,19,1863,0,180,0,0,13
1,30,6845,0,6,3418,391,2098,1,180,0,19,15
1,326,6573,0,5,3790,4,852,1,182,1,1,10
1,87,6259,0,18,2821,3,1399,16,174,3,4,8
1,72,6811,0,6,3450,0,5608,4,180,0,0,9
1,344,6952,0,14,4341,0,1749,4,184,1,0,7
1,178,6414,0,1,4428,0,507,1,180,0,0,10
1,111,6556,0,3,6436,0,4947,2,178,1,0,8
1,216,6845,0,13,5033,0,1259,4,180,0,0,9
1,354,6811,0,6,4378,0,1953,1,182,1,0,8
1,220,6829,0,4,3767,3,145,1,180,0,0,10
1,-1,6886,0,6,3532,4,592,4,180,0,0,12
1,2,6546,0,4,3880,9,1255,0,180,0,1,11
1,30,6884,0,9,4353,0,2402,3,182,3,0,6
1,2,6886,0,3,4226,4,1405,0,182,1,2,9
1,135,6567,0,1,2799,36,30,0,180,0,0,14
1,84,6937,0,11,3880,0,1969,7,179,0,0,9
1,31,6855,0,9,4615,0,429,6,180,0,0,9
1,202,6556,0,2,5154,0,1784,1,179,1,0,8
1,284,6845,0,13,6390,0,956,3,181,0,0,9
1,4,6530,0,2,4019,2,2009,1,180,0,0,11
1,238,6855,0,9,5531,0,6784,6,180,0,0,9
1,344,6884,0,9,3240,3,977,7,192,4,7,7
1,204,6924,0,8,2655,0,90,3,179,1,0,7
1,78,7196,0,25,4680,1,639,8,179,0,0,10
1,38,6839,0,9,4316,0,2392,6,180,2,0,7
1,185,6414,0,1,4037,0,770,1,179,0,0,8
1,60,6924,0,9,4749,0,1561,6,180,0,0,8
1,59,6556,0,2,1592,1,1305,1,179,0,0,9
1,31,6414,0,2,4064,0,1004,1,180,0,0,10
1,269,6845,0,9,4288,7,480,3,186,3,11,8
1,340,6950,0,15,3557,6,1511,5,188,3,9,8
1,123,6414,0,2,3286,0,150,2,178,1,0,8
1,73,6845,0,11,3782,1,372,6,179,1,0,8
1,209,6776,0,5,5547,0,1201,3,180,0,0,10
1,16,7032,0,20,4620,0,699,7,180,0,0,9
1,254,6717,0,4,5100,1,2429,2,182,2,1,8
1,166,6845,0,13,4124,0,1064,4,175,2,0,7
1,138,6440,0,4,5098,0,412,2,180,0,0,9
1,98,6366,0,3,4300,1,3292,1,178,1,0,9
1,100,6872,0,20,4099,0,387,3,176,2,0,7
1,287,6687,0,4,3091,0,3202,2,181,1,0,8
1,30,6884,0,8,4223,1,2412,6,182,2,1,7
1,259,6687,0,5,4284,0,3135,2,181,1,0,8
1,26,6884,0,9,4244,0,1656,6,182,2,0,7
1,207,7023,0,20,4775,0,420,4,179,1,0,8
1,-1,6366,0,2,3381,46,60,0,180,0,0,14
1,38,6564,0,5,3795,3,4204,4,180,0,0,11
1,-1,6229,0,8,5399,6,792,0,180,0,0,12
1,337,6872,0,18,4790,4,822,3,183,1,2,9
1,-1,6530,0,2,2746,2,532,0,180,0,0,11
1,119,6530,0,2,5145,1,180,0,180,0,0,10
1,347,6584,0,4,3004,10,2002,1,182,1,5,10
1,-1,6886,0,6,4146,6,2337,4,180,0,0,12
1,25,6855,0,8,4244,1,6802,5,180,0,0,10
1,17,6414,0,2,2938,0,615,1,180,0,0,9
1,250,6836,0,6,5667,1,1893,3,180,0,0,10
1,343,6770,0,3,4119,3,2684,0,181,0,0,10
1,182,6546,0,4,3615,0,1245,2,177,1,0,7
1,85,6414,0,2,3258,1,549,1,179,0,0,9
1,285,6959,0,11,3441,0,60,5,187,3,0,7
1,71,6770,0,3,5165,2,1943,0,179,0,0,9
1,249,6546,0,3,2775,1,1633,1,181,1,1,8
1,84,6414,0,1,3650,221,217,0,180,0,14,15
1,221,6546,0,3,2775,0,1556,2,180,0,0,8
1,122,6845,0,13,2987,2,8551,11,179,0,0,10
1,161,6556,0,3,4782,1,217,1,179,0,0,10
1,161,6567,0,2,3109,0,779,1,179,0,0,8
1,90,6941,0,20,3773,2,387,6,175,2,2,8
1,5,6776,0,5,5074,4,1736,2,180,0,0,11
1,318,6975,0,18,2533,0,210,3,181,0,0,9
1,273,6829,0,5,5372,1,772,3,181,1,0,8
1,-1,6717,0,4,4231,9,3355,0,180,0,0,13
1,143,6830,0,10,4001,24,1029,5,180,0,0,13
1,15,6770,0,4,4668,0,4420,0,180,0,0,9
1,180,6530,0,2,4120,10,115,0,180,0,0,12
1,169,6776,0,4,4567,0,2796,1,180,0,0,9
1,76,6221,0,2,3468,0,1291,2,180,0,0,9
1,308,6556,0,3,3937,1,1509,2,181,0,0,9
1,184,7196,0,20,5344,1,717,7,178,1,0,8
1,263,7196,0,14,3100,1,272,1,183,2,1,7
1,31,6770,0,4,5234,1,2338,0,180,1,0,8
1,343,6884,0,8,1140,4,630,6,182,1,2,9
1,345,6556,0,3,4001,0,5456,2,181,1,0,8
1,225,6845,0,7,3920,1,5251,5,180,1,1,8
1,43,6556,0,1,4111,0,372,0,180,1,0,8
1,345,6807,0,8,3888,0,2153,2,180,0,0,10
1,105,6937,0,9,4590,0,527,4,179,0,0,9
1,230,6855,0,8,4655,0,2343,5,180,1,0,8
1,98,6937,0,10,3453,2,1102,5,179,0,0,9
1,-1,6836,0,4,4191,59,726,1,180,0,0,14
1,108,6770,0,4,4976,1,477,0,176,1,1,8
1,187,6414,0,1,3047,0,132,0,179,1,0,8
1,225,6414,0,1,4934,1,1107,0,180,0,0,10
1,127,6855,0,7,3998,14,7291,5,179,0,1,12
1,240,6556,0,1,4202,9,1372,1,180,1,2,10
1,349,6994,0,10,4126,0,4622,7,182,1,0,8
1,2,6414,0,3,3629,0,1139,2,182,1,0,8
1,353,6836,0,3,3659,0,297,1,183,1,0,7
1,158,6845,0,12,2721,1,869,3,179,0,0,9
1,201,6937,0,10,4310,0,2637,5,180,0,0,9
1,277,6855,0,9,4184,3,7511,7,180,0,0,10
1,177,6414,0,2,3221,0,120,1,177,1,0,7
1,139,6937,0,8,3821,3,692,5,178,0,1,9
1,315,6937,0,8,5181,0,217,6,180,0,0,9
1,187,6414,0,1,4428,1,465,1,179,0,0,10
1,4,6975,0,20,2065,0,187,5,181,1,0,8
1,351,6872,0,16,5214,4,72,2,184,2,4,8
1,142,6530,0,3,2517,3,1076,1,179,0,0,11
1,140,6530,0,3,4019,0,90,0,178,1,0,8
1,39,6567,0,2,4491,5,1441,0,180,0,0,12
1,144,6556,0,2,3482,0,1197,1,180,0,0,9
1,55,6414,0,1,5075,3,560,0,180,0,0,10
1,304,6567,0,1,3655,2,270,0,180,0,0,11
1,219,6530,0,4,2732,0,295,1,179,1,0,7
1,257,6530,0,2,2707,0,200,0,180,0,0,10
1,304,6567,0,1,3655,2,270,0,180,0,0,11
1,113,6567,0,2,3170,0,967,1,180,0,0,9
1,215,6556,0,3,5120,0,3285,2,179,1,0,8
1,328,6556,0,3,4396,0,405,1,181,0,0,8
1,167,6836,0,2,3769,1,90,0,178,1,0,9
1,7,6556,0,3,3954,0,295,2,180,0,0,8
1,339,6836,0,3,3225,0,3440,2,181,0,0,9
1,192,6414,0,2,4023,0,549,1,179,0,0,8
1,233,6440,0,4,3651,0,255,3,180,1,0,7
1,146,6440,0,3,4901,0,979,2,174,2,0,7
1,36,6556,0,3,3878,49,6745,2,180,0,8,12
1,178,6414,0,4,3629,0,1157,3,179,0,0,8
1,112,6414,0,2,4015,0,816,0,180,0,0,10
1,233,6440,0,4,3651,0,255,3,180,1,0,7
1,300,6440,0,6,4562,0,772,4,188,3,0,6
1,145,6440,0,4,3595,1,1187,2,177,1,0,8
1,156,6440,0,4,3462,0,1671,2,178,1,0,8
1,314,6546,0,3,4372,1,115,1,182,1,0,9
1,301,6717,0,5,3978,0,2370,3,180,0,0,9
1,41,6546,0,4,4037,2,1753,2,180,0,0,10
1,254,6546,0,3,3818,0,1141,1,181,0,0,8
1,97,6530,0,3,3462,2,6013,2,178,1,1,9
1,63,6829,0,5,3487,0,1386,2,179,0,0,8
1,282,6717,0,3,4260,0,2256,1,182,1,0,8
1,21,6836,0,5,4412,0,555,3,181,1,0,8
1,41,6546,0,4,4037,2,1753,2,180,0,0,10
1,250,6836,0,3,4391,684,627,1,180,0,7,17
1,40,6414,0,2,4640,0,1045,1,180,1,0,8
1,291,6717,0,3,5302,0,4625,2,186,2,0,7
1,242,6546,0,4,2441,1,1527,0,180,0,0,9
1,308,6556,0,4,4929,0,3877,3,182,1,0,8
1,110,6717,0,3,5166,2,5602,2,179,0,0,9
1,-1,6836,0,4,4503,9,2022,0,180,0,0,13
1,190,6836,0,4,4908,1,779,2,177,1,1,8
1,232,6299,0,3,4155,59,1052,1,180,1,22,12
1,123,6836,0,3,3389,2,4052,1,178,1,1,9
1,111,6886,0,5,4383,0,585,1,179,0,0,9
1,50,6717,0,4,4267,1,2588,1,180,1,0,8
1,-1,6530,0,2,2851,23,120,0,180,0,0,13
1,96,6546,0,5,4226,10,677,1,179,0,2,11
1,131,6546,0,5,4506,2,1233,2,178,1,1,9
1,330,6717,0,4,5713,0,2237,1,181,0,0,8
1,17,6886,0,5,4703,1,1717,3,183,3,1,7
1,-1,6530,0,2,2746,1,477,0,180,0,0,11
1,10,6717,0,4,4559,0,3692,2,181,1,0,8
1,323,6776,0,4,4692,1,1362,2,184,1,1,8
1,159,6829,0,4,3776,0,145,0,180,0,0,9
1,344,6770,0,4,5256,0,2755,0,181,1,0,8
1,313,6530,0,2,4158,3,412,0,180,0,0,11
1,22,6530,0,2,4311,7,302,0,180,0,0,12
1,7,6770,0,4,3903,65,3110,1,180,0,1,14
1,311,6530,0,2,2494,3,991,0,180,0,0,11
1,343,6829,0,5,4306,0,692,2,181,0,0,8
1,55,6717,0,4,4495,0,3045,2,180,0,0,8
1,192,6839,0,6,4272,0,889,3,178,1,0,7
1,63,6845,0,8,3943,0,774,3,179,1,0,8
1,62,6967,0,251,4555,5,2160,242,134,28,79,6
1,325,6855,0,8,4244,0,6954,5,181,0,0,8
1,118,6872,0,11,3457,1,1589,8,176,1,1,8
1,104,7053,0,22,4463,2,759,9,177,1,1,9
